fighter_url,dob,sig_str_acc,takedown_acc,slpm,sapm,str_def,td_avg,td_def,sub_avg,wins,losses,draws
http://ufcstats.com/fighter-details/0e46690e55a8df75,"Feb 08, 1999",42%,31%,2.88,3.72,55%,1.18,71%,0.0,10,4,0
http://ufcstats.com/fighter-details/040a74bb0a465c54,"Jan 22, 1994",43%,60%,3.52,3.15,60%,1.24,73%,0.3,21,4,0
http://ufcstats.com/fighter-details/b67d6bacc68d4c92,"Mar 12, 1995",40%,33%,5.15,5.38,50%,2.60,73%,0.0,14,3,0
http://ufcstats.com/fighter-details/9c442aaf149ea982,"Oct 23, 1993",44%,0%,3.85,3.25,45%,0.00,47%,0.5,7,3,0
http://ufcstats.com/fighter-details/74939a16c7b56f33,"Jun 03, 1998",41%,50%,3.72,3.40,59%,5.50,0%,0.8,16,1,1
http://ufcstats.com/fighter-details/29162be25ebef5f0,"Nov 16, 1993",43%,15%,5.44,5.35,57%,0.64,60%,0.2,11,4,0
http://ufcstats.com/fighter-details/e8fe9c15d348e778,"Dec 10, 1988",48%,29%,4.60,6.93,50%,1.71,80%,0.5,17,8,0
http://ufcstats.com/fighter-details/5f61780fe5e9b6d0,"Jun 12, 1991",49%,52%,2.75,2.99,51%,3.13,86%,1.2,13,6,0
http://ufcstats.com/fighter-details/b6c37948cb226e8c,"Sep 25, 2000",58%,60%,4.39,4.69,52%,2.43,76%,0.8,13,3,0
http://ufcstats.com/fighter-details/20bccc9bb4ceb23e,"Sep 14, 1996",47%,35%,4.29,3.19,50%,1.53,50%,0.8,26,8,0
http://ufcstats.com/fighter-details/b9706f80d005036c,"Aug 26, 1991",40%,42%,2.71,3.73,50%,1.31,90%,0.5,16,5,0
http://ufcstats.com/fighter-details/de83f920fd302871,"Jan 09, 1993",70%,33%,3.72,1.03,47%,6.41,100%,1.3,13,0,0
http://ufcstats.com/fighter-details/e93b04e308913c2e,"Apr 10, 1991",54%,53%,5.03,4.69,56%,1.21,59%,0.5,17,5,1
http://ufcstats.com/fighter-details/0f1efce7d2571d10,"Dec 22, 1989",56%,16%,2.74,3.43,47%,0.40,62%,0.4,14,8,0
http://ufcstats.com/fighter-details/476fe566d2df676e,"Feb 10, 1994",43%,66%,3.10,3.89,49%,0.21,77%,0.1,21,7,0
http://ufcstats.com/fighter-details/20d37922ba85e6fc,"Sep 27, 2003",61%,0%,1.02,3.57,26%,0.00,64%,0.0,7,1,0
http://ufcstats.com/fighter-details/3e8118c1ab52f211,"Jun 30, 1990",41%,36%,2.59,3.70,46%,2.87,33%,0.6,11,6,0
http://ufcstats.com/fighter-details/2558ae2e5671e318,"Mar 30, 1994",39%,0%,4.97,5.34,41%,0.00,51%,0.0,16,5,0
http://ufcstats.com/fighter-details/9673a497a9da119a,"Jun 14, 1992",40%,33%,2.82,2.74,52%,0.67,33%,1.5,13,9,0
http://ufcstats.com/fighter-details/2e45d08b3f2f02c8,"Jun 04, 1994",55%,0%,4.58,4.23,52%,0.00,46%,0.0,10,2,0
http://ufcstats.com/fighter-details/87f8699fdcc2c404,"Apr 19, 1992",46%,50%,7.00,4.97,61%,1.08,85%,0.2,12,7,0
http://ufcstats.com/fighter-details/64ad3e3b0efa30bb,"Nov 15, 1991",49%,37%,2.53,4.57,54%,0.93,70%,0.0,15,6,0
http://ufcstats.com/fighter-details/f14f644d41ade29f,"May 16, 1994",51%,41%,2.50,2.95,50%,1.80,66%,0.5,12,9,1
http://ufcstats.com/fighter-details/e3964ece586e0635,"Aug 29, 1997",46%,0%,5.30,2.98,68%,0.00,85%,0.0,10,2,0
http://ufcstats.com/fighter-details/f5d82eccdea4e2dd,"Nov 05, 1998",50%,0%,2.40,2.40,55%,0.00,0%,0.0,8,5,0
http://ufcstats.com/fighter-details/fc0a4053eb8a3a59,"Nov 04, 1996",39%,29%,2.88,5.59,52%,3.38,50%,1.0,9,4,0
http://ufcstats.com/fighter-details/312f7d7b2b2f7de4,"Aug 01, 1997",42%,28%,6.43,6.63,48%,0.47,85%,0.0,11,4,0
http://ufcstats.com/fighter-details/7026eca45f65377b,"Sep 06, 1988",53%,34%,5.57,4.11,55%,1.91,60%,0.0,21,9,0
http://ufcstats.com/fighter-details/767755fd74662dbf,"May 01, 1994",54%,58%,4.01,2.98,52%,5.32,87%,1.4,15,1,0
http://ufcstats.com/fighter-details/b8bbdeff718dbb7d,"Nov 09, 1990",54%,41%,1.69,1.16,54%,4.27,50%,1.3,22,5,0
http://ufcstats.com/fighter-details/99bd51917728c25d,"Feb 20, 1994",51%,39%,3.14,2.14,44%,3.58,66%,1.4,24,3,1
http://ufcstats.com/fighter-details/d1feea7a4bdcd503,"Jan 08, 2001",54%,26%,5.74,4.45,58%,2.09,100%,0.8,12,0,0
http://ufcstats.com/fighter-details/887961364be5ceb3,"Sep 09, 1986",53%,43%,6.49,3.63,62%,1.32,71%,0.3,36,17,1
http://ufcstats.com/fighter-details/b62d5280966b2460,"Jun 09, 1996",50%,35%,3.88,4.47,49%,1.75,50%,1.0,8,3,0
http://ufcstats.com/fighter-details/58bbef3770bb2dfc,"Mar 02, 1993",52%,33%,4.59,4.13,47%,0.15,48%,0.9,23,5,0
http://ufcstats.com/fighter-details/e1d40e8782d80bc2,"Jun 13, 1997",48%,38%,3.20,2.60,61%,0.73,77%,0.3,15,4,0
http://ufcstats.com/fighter-details/18968f97ad34f15c,"May 25, 1986",40%,38%,3.13,3.25,57%,1.10,61%,0.4,29,23,0
http://ufcstats.com/fighter-details/f139d6836efd43dd,"Sep 09, 1993",53%,53%,2.65,1.38,60%,11.11,0%,3.2,30,1,0
http://ufcstats.com/fighter-details/849c5d9979df5357,"Oct 03, 1992",49%,50%,5.28,4.19,54%,3.05,53%,0.4,21,5,0
http://ufcstats.com/fighter-details/6967153c7edb4d87,"Nov 22, 1990",49%,0%,5.08,6.59,60%,0.00,50%,0.0,10,5,0
http://ufcstats.com/fighter-details/0d8011111be000b2,"Feb 27, 1991",42%,62%,5.98,4.53,60%,0.66,68%,0.1,31,7,0
http://ufcstats.com/fighter-details/4461d7e47375a895,"Jan 27, 2000",54%,43%,2.87,3.10,44%,3.57,46%,1.3,18,2,0
http://ufcstats.com/fighter-details/45f7cb591c3ab00b,"Nov 23, 1992",53%,51%,4.08,2.77,59%,3.58,86%,0.8,19,2,0
http://ufcstats.com/fighter-details/17e97649403ba428,"Oct 10, 2001",57%,61%,8.26,5.83,57%,0.70,75%,0.3,18,2,0
http://ufcstats.com/fighter-details/b9437600497350f3,"Apr 27, 1994",36%,45%,3.62,3.10,58%,1.43,70%,0.1,21,8,0
http://ufcstats.com/fighter-details/9d83f6da776ff7d6,"May 04, 1992",50%,50%,4.54,5.08,53%,1.12,88%,0.0,15,5,0
http://ufcstats.com/fighter-details/fc08099550072fe4,"Oct 03, 1991",47%,50%,5.03,3.44,55%,0.36,69%,0.1,17,4,0
http://ufcstats.com/fighter-details/9384e71bca6c409d,"Jun 13, 1994",53%,26%,6.02,2.97,56%,1.05,0%,0.3,14,3,0
http://ufcstats.com/fighter-details/2f815ed5f8278ba6,"Apr 10, 2002",43%,100%,4.32,2.60,54%,0.41,93%,0.0,11,1,0
http://ufcstats.com/fighter-details/279566840aa55bf2,"Oct 24, 1988",57%,62%,4.84,2.90,54%,0.54,68%,0.2,40,11,0
http://ufcstats.com/fighter-details/d1941565abf50b16,"Aug 30, 1983",42%,45%,2.92,3.43,56%,1.49,47%,1.7,39,19,0
http://ufcstats.com/fighter-details/88be62d6c1e6dadb,"Dec 31, 2000",47%,25%,5.16,2.99,58%,0.30,65%,0.9,9,2,0
http://ufcstats.com/fighter-details/aebaa8cec15b083d,"Apr 21, 1995",32%,25%,3.85,6.20,52%,1.07,100%,0.5,8,1,0
http://ufcstats.com/fighter-details/b4443fae47e7eb9d,"Aug 09, 1996",48%,25%,3.31,3.96,46%,2.56,0%,3.6,9,4,0
http://ufcstats.com/fighter-details/d4270315cbcf2569,"Aug 26, 1995",56%,42%,4.23,2.33,55%,5.39,55%,0.8,10,3,0
http://ufcstats.com/fighter-details/d0fd0d9ee560dae7,"Aug 03, 1994",57%,0%,11.00,4.26,58%,0.00,71%,0.0,7,1,0
http://ufcstats.com/fighter-details/08af939f41b5a57b,"May 06, 1989",49%,38%,3.74,2.63,57%,2.21,82%,0.8,23,8,1
http://ufcstats.com/fighter-details/b701f095e6ccb149,"Dec 28, 2000",30%,0%,3.23,7.90,45%,0.00,0%,0.0,4,3,0
http://ufcstats.com/fighter-details/6eedb757f13b9978,"May 10, 2002",49%,33%,6.69,5.91,59%,0.43,37%,0.4,9,1,0
http://ufcstats.com/fighter-details/3261aa79bf6caa64,"Oct 11, 1990",75%,100%,1.01,1.01,29%,2.54,100%,0.0,5,2,0
http://ufcstats.com/fighter-details/f782f953bfe7b5f2,"Mar 05, 1999",43%,42%,3.85,3.64,56%,1.08,66%,0.7,10,1,0
http://ufcstats.com/fighter-details/c62fbc117d57b943,"Mar 16, 1993",48%,11%,3.25,4.36,43%,0.09,56%,0.0,15,11,0
http://ufcstats.com/fighter-details/17734443a833cdf7,"Dec 28, 1999",56%,36%,4.73,2.79,46%,6.86,81%,1.0,13,1,0
http://ufcstats.com/fighter-details/7e9b36a9847db116,"Jan 21, 1995",58%,0%,2.19,3.54,40%,0.00,50%,1.9,9,4,0
http://ufcstats.com/fighter-details/37098a6e6c27fb66,"Nov 12, 1990",37%,47%,3.54,3.91,54%,0.71,63%,0.5,16,11,0
http://ufcstats.com/fighter-details/c96d9178c9ed9e62,"Dec 24, 1986",42%,45%,3.55,3.05,56%,3.69,59%,1.0,23,14,1
http://ufcstats.com/fighter-details/f96856f9d69fd7e4,"Jul 04, 1990",37%,100%,2.80,4.51,55%,0.36,71%,0.4,18,7,0
http://ufcstats.com/fighter-details/7ee0fd831c0fe7c3,"Aug 17, 1993",54%,100%,4.41,4.30,47%,0.18,77%,0.0,24,7,0
http://ufcstats.com/fighter-details/6ac9bc2953c47345,"Dec 18, 1987",45%,29%,2.95,3.44,53%,1.70,40%,1.5,37,22,0
http://ufcstats.com/fighter-details/6747ccd6d1acd266,"Feb 10, 1990",45%,33%,2.90,4.86,45%,1.03,83%,0.3,15,3,0
http://ufcstats.com/fighter-details/6b453bc35a823c3f,"Sep 10, 1996",51%,20%,5.32,4.24,61%,0.34,64%,0.1,18,4,0
http://ufcstats.com/fighter-details/530af2900b5a1693,"Mar 19, 2000",56%,50%,3.43,2.31,44%,1.84,62%,0.3,9,3,0
http://ufcstats.com/fighter-details/40f3cb27fc7305a1,"Jan 23, 1991",56%,62%,2.70,1.75,51%,4.52,73%,0.4,14,7,0
http://ufcstats.com/fighter-details/c15fa95b9a12fde4,"Sep 21, 1996",52%,0%,3.53,2.70,52%,0.00,72%,0.0,7,6,0
http://ufcstats.com/fighter-details/cdb7b38b1b357f26,"Feb 08, 1994",69%,40%,1.80,1.95,35%,4.49,33%,0.0,11,6,0
http://ufcstats.com/fighter-details/32ab52e5de93092d,"Jul 27, 1995",46%,27%,4.56,4.14,55%,1.09,67%,0.4,14,5,0
http://ufcstats.com/fighter-details/8ebc3a8da015d70c,"Jan 19, 1995",48%,44%,4.60,2.12,52%,1.34,33%,0.3,15,3,0
http://ufcstats.com/fighter-details/ed7d329d7c29428d,"Jun 23, 1999",41%,7%,3.24,2.93,54%,0.67,33%,1.7,9,1,0
http://ufcstats.com/fighter-details/cc8c623cca88f54f,"Aug 22, 1991",56%,23%,3.52,4.71,51%,0.46,64%,1.3,10,7,1
http://ufcstats.com/fighter-details/52c2ae6d2f2d2613,"Sep 04, 1996",50%,31%,2.78,1.79,64%,1.84,55%,1.3,18,6,1
http://ufcstats.com/fighter-details/e3b30b573e7f0d19,"Aug 20, 1995",58%,33%,8.80,9.30,47%,2.00,100%,0.0,17,2,0
http://ufcstats.com/fighter-details/262a7d06203657e6,"Oct 01, 1992",40%,35%,4.23,4.45,59%,1.05,68%,0.1,18,9,0
http://ufcstats.com/fighter-details/3eeec2f53cebdf12,"Mar 25, 1999",61%,0%,7.14,3.96,32%,0.00,0%,0.9,8,2,0
http://ufcstats.com/fighter-details/33a8708747b7f943,"Jun 03, 2000",25%,0%,0.60,2.20,52%,0.00,33%,1.0,11,3,0
http://ufcstats.com/fighter-details/cb696ebfb6598724,"Jul 31, 1989",52%,32%,4.26,2.15,59%,2.54,44%,0.6,26,5,0
http://ufcstats.com/fighter-details/113df4fde64735c6,"Dec 18, 1985",45%,38%,5.58,4.04,54%,0.95,65%,0.2,18,8,0
http://ufcstats.com/fighter-details/260e9e0d4954aea6,"Sep 25, 1989",54%,22%,3.43,4.28,49%,2.87,60%,0.9,11,5,0
http://ufcstats.com/fighter-details/a67f5afa8d6a1b80,"Aug 24, 1991",39%,33%,3.06,4.16,41%,1.14,51%,1.7,24,12,0
http://ufcstats.com/fighter-details/095854a135e6db55,"Jan 08, 1990",50%,16%,1.59,2.15,50%,2.02,0%,0.4,5,3,1
http://ufcstats.com/fighter-details/b9f28e7045fdfce7,"May 01, 1987",51%,31%,4.65,4.24,60%,2.51,87%,0.7,22,5,0
http://ufcstats.com/fighter-details/ca80d72da81d7224,"Nov 25, 1993",48%,53%,2.77,2.47,41%,3.50,0%,0.0,8,0,0
http://ufcstats.com/fighter-details/b0d6a1d8ac3d563d,"Nov 29, 1985",47%,41%,3.70,3.69,58%,1.44,69%,0.2,20,13,0
http://ufcstats.com/fighter-details/9508cc6184cb2450,"May 09, 1990",46%,66%,2.95,3.18,47%,0.61,68%,0.0,11,5,1
http://ufcstats.com/fighter-details/65adf3856c4d9256,"May 05, 1993",40%,47%,1.78,1.76,50%,2.40,50%,1.8,17,5,0
http://ufcstats.com/fighter-details/f9ab66e67240db7b,"Sep 29, 1995",53%,36%,4.61,3.26,50%,1.29,62%,0.6,18,6,0
http://ufcstats.com/fighter-details/abb68e3c7ca128f2,"Mar 05, 1998",56%,80%,6.18,5.18,59%,0.60,57%,0.3,15,6,0
http://ufcstats.com/fighter-details/e132d47bd9efbbe0,"Aug 05, 1994",43%,41%,4.33,4.68,60%,3.02,77%,0.4,19,5,0
http://ufcstats.com/fighter-details/078695e385ec2f57,"Feb 09, 1994",40%,33%,3.47,4.81,51%,0.63,55%,0.0,14,4,0
http://ufcstats.com/fighter-details/4e6738062d469256,"Aug 06, 1995",44%,31%,1.97,2.64,53%,1.30,33%,0.2,10,5,0
http://ufcstats.com/fighter-details/cc1a8b4b38b92c6d,"Apr 24, 1992",52%,63%,3.02,1.40,60%,2.71,67%,0.3,15,4,0
http://ufcstats.com/fighter-details/de277a4abcfeea46,--,100%,0%,1.28,2.55,0%,0.00,0%,0.0,13,6,2
http://ufcstats.com/fighter-details/d3f5d33d61cd00c9,"Oct 01, 1990",50%,54%,3.85,2.33,64%,1.43,71%,0.0,13,3,0
http://ufcstats.com/fighter-details/7f6ed67d3ed3c036,"Mar 29, 1991",44%,48%,3.27,3.89,51%,3.82,56%,0.6,18,11,1
http://ufcstats.com/fighter-details/d35298b6df168456,"Oct 17, 1990",36%,29%,3.09,3.67,51%,3.01,66%,0.5,8,1,1
http://ufcstats.com/fighter-details/5d495dec23d7c68e,"Mar 03, 1999",34%,47%,3.19,3.45,55%,2.71,88%,0.5,10,3,0
http://ufcstats.com/fighter-details/a9e260472d321361,"Mar 01, 1989",44%,46%,3.47,3.46,51%,2.63,75%,0.5,15,4,0
http://ufcstats.com/fighter-details/07047eb7d17fb0a2,"Jan 23, 1996",40%,100%,4.13,3.38,64%,0.31,50%,0.0,10,3,0
http://ufcstats.com/fighter-details/4c88a1db5a46c6a4,"May 13, 1988",41%,21%,3.19,3.34,52%,0.42,66%,0.0,14,6,1
http://ufcstats.com/fighter-details/6fd953151d981979,"Sep 29, 1992",46%,23%,3.93,4.39,61%,0.66,67%,0.0,15,8,0
http://ufcstats.com/fighter-details/1a97a3ef4c758fae,"Feb 28, 1991",47%,0%,5.87,6.18,38%,0.00,100%,0.0,12,2,0
http://ufcstats.com/fighter-details/8f4528c10bd34fab,"Jul 26, 1989",58%,0%,8.26,5.03,54%,0.00,100%,0.0,14,4,0
http://ufcstats.com/fighter-details/e6679e38e7fab7a8,"Jun 28, 1994",25%,0%,2.21,7.73,38%,0.00,0%,0.0,14,4,0
http://ufcstats.com/fighter-details/5c637af9472ae7cc,"Mar 30, 1990",47%,42%,3.80,2.64,63%,0.98,80%,0.2,9,3,0
http://ufcstats.com/fighter-details/f1d64ae34e088832,"Nov 27, 1995",50%,20%,5.44,4.22,55%,0.36,44%,0.6,18,9,1
http://ufcstats.com/fighter-details/c85bad793cd14e28,"May 22, 1998",46%,0%,5.99,5.03,57%,0.00,100%,0.0,19,2,0
http://ufcstats.com/fighter-details/cd0dfd9846bd03b9,"Jan 21, 1992",66%,0%,1.69,2.96,46%,0.00,0%,0.0,10,3,0
http://ufcstats.com/fighter-details/b2a78df161bd67f9,"Jul 14, 2000",52%,31%,6.88,5.73,52%,1.20,75%,0.0,11,4,0
http://ufcstats.com/fighter-details/60425d07ef4b91a7,"Jun 12, 1995",43%,47%,4.75,3.83,58%,2.82,75%,0.3,12,5,0
http://ufcstats.com/fighter-details/d945aae53e3e54e6,"Mar 23, 1995",42%,29%,2.52,4.40,52%,1.37,52%,1.1,19,10,0
http://ufcstats.com/fighter-details/9d62c2d8ee151f08,"Dec 02, 1993",38%,50%,2.24,2.74,52%,1.93,26%,1.6,19,7,0
http://ufcstats.com/fighter-details/23024fdfc966410a,"Jul 20, 1986",48%,35%,3.16,3.68,52%,2.04,53%,0.4,22,10,0
http://ufcstats.com/fighter-details/450bcab0968562c4,"Jul 07, 1994",49%,0%,3.56,4.07,62%,0.00,80%,0.0,10,5,0
http://ufcstats.com/fighter-details/51e2f44a8dbf6984,"Apr 12, 1991",47%,50%,4.27,2.13,59%,2.02,66%,0.3,8,3,0
http://ufcstats.com/fighter-details/0cd0456d6029cec2,"Mar 31, 1995",54%,66%,1.15,2.37,32%,1.01,52%,2.5,13,6,0
http://ufcstats.com/fighter-details/04c8b08b16a5b99e,"Aug 02, 1991",53%,0%,4.82,3.00,57%,0.00,69%,0.0,22,11,1
http://ufcstats.com/fighter-details/dd6103dd7127db1d,"Nov 07, 1991",48%,50%,4.02,3.09,56%,1.63,57%,0.7,14,2,1
http://ufcstats.com/fighter-details/0e6b611451a9a7d8,"Apr 18, 2000",45%,26%,5.56,7.93,45%,1.33,50%,0.0,12,5,2
http://ufcstats.com/fighter-details/5fa2974cbd18e05c,"Dec 18, 1991",51%,37%,4.95,5.07,54%,1.49,75%,0.1,21,8,1
http://ufcstats.com/fighter-details/c4d039123e62f6a9,"Oct 01, 1997",44%,27%,4.28,4.76,48%,0.55,72%,0.2,12,7,0
http://ufcstats.com/fighter-details/3a46b268013afede,"Nov 05, 1992",49%,36%,4.24,3.21,50%,0.79,57%,0.6,29,15,0
http://ufcstats.com/fighter-details/c6aee362c7a7d482,"Jul 08, 1990",47%,34%,4.39,3.35,53%,0.71,74%,0.5,20,8,0
http://ufcstats.com/fighter-details/e90a2f22417af68e,"Apr 12, 1989",56%,20%,4.40,3.20,56%,0.68,88%,0.2,16,1,0
http://ufcstats.com/fighter-details/8c0580d4fff106c1,"Oct 24, 1991",42%,35%,3.65,3.52,57%,1.04,60%,0.1,21,11,0
http://ufcstats.com/fighter-details/8e5d953bdb9ae5e7,"Sep 06, 1993",49%,42%,4.43,3.94,62%,2.99,76%,0.8,14,6,0
http://ufcstats.com/fighter-details/d247691a6c0e9034,"Nov 02, 1983",51%,50%,4.84,3.99,59%,1.00,63%,0.4,31,14,0
http://ufcstats.com/fighter-details/009341ed974bad72,"Oct 14, 1992",55%,60%,5.61,5.67,45%,0.49,68%,0.2,32,6,1
http://ufcstats.com/fighter-details/6d4b63c767106d3a,"Nov 27, 1991",50%,46%,4.69,5.19,51%,0.83,60%,0.7,24,13,1
http://ufcstats.com/fighter-details/fa6796c55d6c5440,"Feb 18, 1991",51%,47%,3.99,2.70,55%,5.04,35%,0.0,20,6,0
http://ufcstats.com/fighter-details/3920d0cc288f9b0d,"Jun 16, 2002",43%,19%,3.68,4.31,54%,0.76,40%,0.8,12,5,0
http://ufcstats.com/fighter-details/e2be0c1a9b886d92,"Nov 30, 1996",60%,6%,5.94,5.21,51%,0.21,80%,0.0,12,1,1
http://ufcstats.com/fighter-details/2e19380f34871c6a,"Dec 26, 1989",53%,28%,4.99,3.40,49%,0.25,82%,0.2,16,5,0
http://ufcstats.com/fighter-details/955da1675ad58a50,"Nov 12, 1997",64%,47%,9.29,5.28,48%,3.73,77%,0.4,10,0,0
http://ufcstats.com/fighter-details/323d4ca260dfa0ba,"Apr 27, 1996",43%,66%,7.43,5.74,54%,0.32,66%,0.2,16,3,0
http://ufcstats.com/fighter-details/2e5c2aa8e4ab9d82,"Apr 21, 1991",59%,42%,6.15,5.96,49%,0.30,77%,0.0,16,4,0
http://ufcstats.com/fighter-details/06626b6287e1ae1e,"Sep 14, 1995",54%,29%,6.67,4.85,51%,1.10,83%,0.4,18,6,1
http://ufcstats.com/fighter-details/583ee11abddfc581,"Jun 06, 1988",45%,41%,5.55,5.96,51%,0.73,71%,0.7,18,8,0
http://ufcstats.com/fighter-details/feedf3053472fe56,"Jul 09, 1990",53%,44%,2.50,2.45,54%,1.99,100%,0.5,12,5,0
http://ufcstats.com/fighter-details/c21f26bbde777573,"Mar 30, 1992",54%,50%,3.90,2.99,46%,0.36,57%,0.7,22,10,0
http://ufcstats.com/fighter-details/9014c02eff8b3d62,"Nov 07, 1990",55%,60%,6.57,4.03,51%,0.53,85%,0.2,15,1,0
http://ufcstats.com/fighter-details/b08012bbe542592a,"Dec 19, 1990",60%,45%,2.86,1.63,44%,4.52,57%,0.7,13,1,0
http://ufcstats.com/fighter-details/5537efc6e496dd84,"Sep 23, 1996",53%,50%,6.16,3.11,45%,6.54,0%,0.0,14,5,0
http://ufcstats.com/fighter-details/72db2a14ffa73ece,"Dec 11, 1990",51%,38%,3.14,2.79,60%,5.08,76%,0.4,26,5,0
http://ufcstats.com/fighter-details/98a58c26c5b1ed17,"Jul 07, 1987",46%,33%,3.06,4.66,55%,1.21,74%,0.5,38,9,0
http://ufcstats.com/fighter-details/6b0a6def604de298,"Dec 15, 1997",47%,83%,11.13,5.06,58%,1.58,78%,0.9,12,0,0
http://ufcstats.com/fighter-details/2bd98ab77a8daa75,"Nov 04, 1994",37%,22%,3.01,4.81,54%,2.82,33%,0.0,8,4,0
http://ufcstats.com/fighter-details/147e70aa6cc48cfc,"Jun 21, 1994",49%,61%,3.59,6.24,43%,1.54,84%,1.0,8,4,0
http://ufcstats.com/fighter-details/3fa97913cfd205d3,"Jan 28, 1996",46%,26%,3.77,3.71,57%,0.70,87%,0.7,17,5,0
http://ufcstats.com/fighter-details/f9b200db02b488d9,"Mar 14, 1992",45%,36%,4.52,4.71,54%,1.24,66%,0.3,12,8,2
http://ufcstats.com/fighter-details/eee0ef3e2b14816b,"Jan 05, 1995",59%,53%,5.49,6.03,55%,1.45,55%,0.2,18,8,1
http://ufcstats.com/fighter-details/fd7ab338e4953644,"Oct 22, 1996",28%,0%,3.72,12.82,45%,0.00,0%,0.0,11,5,0
http://ufcstats.com/fighter-details/49edd0d90f60fb7d,"Sep 08, 1996",40%,37%,2.94,3.56,53%,0.66,32%,0.4,17,11,0
http://ufcstats.com/fighter-details/b6452706b373eea1,"May 21, 1989",49%,40%,4.10,3.55,59%,1.68,64%,0.6,21,7,1
http://ufcstats.com/fighter-details/fd406a32a6fb3a29,"May 10, 1993",45%,40%,4.83,4.57,50%,2.92,55%,0.6,15,3,0
http://ufcstats.com/fighter-details/764d39074a352e33,"Mar 30, 1995",59%,42%,3.04,2.57,54%,2.95,87%,0.4,11,5,0
http://ufcstats.com/fighter-details/a4a80dd7336ffd59,"May 02, 1996",49%,27%,3.47,2.67,54%,1.77,58%,0.4,9,3,2
http://ufcstats.com/fighter-details/ba15006c804a8de0,"Apr 20, 1994",60%,0%,2.80,2.82,46%,0.00,100%,0.0,6,2,0
http://ufcstats.com/fighter-details/92aed9d16794f42b,"May 15, 1998",34%,22%,3.37,5.20,45%,1.00,71%,0.0,11,3,0
http://ufcstats.com/fighter-details/3bc3f60b21cddc6a,"Dec 30, 1995",52%,43%,4.57,6.83,31%,3.48,62%,0.0,20,5,0
http://ufcstats.com/fighter-details/6142edbd477d20c9,"Jan 29, 1997",41%,33%,7.07,7.00,33%,1.00,100%,0.0,11,2,0
http://ufcstats.com/fighter-details/d776b5814f2400b4,"Feb 19, 1996",55%,60%,7.44,4.53,63%,1.68,100%,0.0,10,2,0
http://ufcstats.com/fighter-details/3c26c420584d912d,"Feb 12, 1992",41%,37%,2.72,3.12,41%,1.80,80%,0.0,7,6,0
http://ufcstats.com/fighter-details/65db4065e2bc107d,"Aug 25, 1994",48%,45%,3.16,5.28,43%,1.92,66%,0.4,13,9,1
http://ufcstats.com/fighter-details/d7c4956d61ae76a9,"Sep 11, 1996",64%,0%,8.43,3.50,68%,0.00,75%,0.0,17,3,0
http://ufcstats.com/fighter-details/27b388f0aab49780,"May 08, 1992",45%,44%,2.15,2.29,64%,2.47,63%,2.1,10,4,0
http://ufcstats.com/fighter-details/d25240135aee03e5,"Feb 21, 1995",36%,34%,3.77,4.79,58%,2.37,54%,0.1,12,5,0
http://ufcstats.com/fighter-details/95aff2fd8d09a5f0,"Jan 03, 2001",68%,75%,8.64,2.22,59%,11.11,100%,7.4,10,0,0
http://ufcstats.com/fighter-details/7dda2cf308f24a02,"May 30, 1988",41%,39%,2.27,2.86,55%,3.13,72%,1.4,23,4,0
http://ufcstats.com/fighter-details/81d2c551886bd5a1,"Dec 20, 2005",36%,0%,2.83,3.11,66%,0.00,75%,0.0,7,1,0
http://ufcstats.com/fighter-details/83455a9d17f57dae,"Aug 10, 1996",39%,33%,2.40,3.90,45%,4.91,66%,0.2,14,1,0
http://ufcstats.com/fighter-details/1338e2c7480bdf9e,"Jul 22, 1989",48%,9%,4.03,3.22,55%,0.05,76%,0.1,24,6,0
http://ufcstats.com/fighter-details/d8da10db80131bec,"Sep 29, 1989",43%,30%,5.11,5.57,48%,1.06,50%,0.6,16,11,0
http://ufcstats.com/fighter-details/841695e02c99a521,"Oct 07, 1997",45%,46%,3.34,4.50,45%,1.64,80%,0.3,9,2,1
http://ufcstats.com/fighter-details/c9cf753cfdf77fc2,"Nov 09, 1985",46%,32%,3.49,3.34,54%,1.23,70%,0.1,27,12,0
http://ufcstats.com/fighter-details/902ec2cc48c8ae8a,"Jul 31, 1989",48%,43%,6.18,6.31,48%,1.73,61%,0.7,31,14,0
http://ufcstats.com/fighter-details/a6eb54ae17a551be,"Aug 13, 1993",46%,18%,3.51,5.31,53%,0.42,68%,0.2,11,4,0
http://ufcstats.com/fighter-details/c1085e1701b13eca,"Sep 17, 1996",44%,30%,3.52,3.22,52%,1.45,62%,0.9,16,3,0
http://ufcstats.com/fighter-details/545092d13c67aa49,"Nov 20, 1995",47%,53%,4.80,2.76,55%,3.95,100%,1.4,15,1,0
http://ufcstats.com/fighter-details/7138a15258dabf20,"Sep 07, 1993",57%,52%,2.56,3.75,52%,1.23,57%,0.1,11,7,1
http://ufcstats.com/fighter-details/640a0f838f057a81,"Apr 27, 1995",60%,0%,6.42,4.75,55%,0.00,0%,0.0,14,6,0
http://ufcstats.com/fighter-details/5987b2458f4b5290,"Aug 31, 1992",42%,41%,3.03,3.90,61%,4.49,76%,0.3,22,7,1
http://ufcstats.com/fighter-details/07bc580bdf3eb9c8,"Feb 02, 1995",45%,66%,2.40,4.24,56%,1.67,75%,0.0,10,2,0
http://ufcstats.com/fighter-details/ae81a3ac7b260411,"Dec 15, 1989",43%,50%,2.86,2.79,48%,1.57,57%,0.0,24,6,0
http://ufcstats.com/fighter-details/31f8081c7600da93,"Apr 20, 1991",45%,23%,3.60,4.58,53%,1.18,66%,0.5,17,7,1
http://ufcstats.com/fighter-details/04835018f90b118c,"Oct 07, 1997",52%,34%,7.60,5.36,57%,1.35,70%,0.8,12,2,0
http://ufcstats.com/fighter-details/7674b836ce0698a0,"Jun 02, 1992",63%,100%,6.44,2.28,63%,0.27,66%,0.0,11,3,0
http://ufcstats.com/fighter-details/b4b496ec2197ee3e,"Nov 07, 1997",55%,25%,6.47,2.56,58%,0.82,71%,0.0,11,0,0
http://ufcstats.com/fighter-details/0232cabbc30a2372,"Nov 29, 1993",41%,0%,5.95,5.22,56%,0.00,76%,0.0,18,6,1
http://ufcstats.com/fighter-details/c58f51dedb310998,"Dec 07, 1987",40%,47%,2.02,1.73,57%,3.11,65%,1.0,20,7,0
http://ufcstats.com/fighter-details/bc7f4b2d4c2724a2,"Jul 04, 1990",49%,42%,1.91,4.31,50%,1.72,100%,0.0,18,4,0
http://ufcstats.com/fighter-details/e8b731feff72294b,"Aug 09, 1993",41%,35%,4.19,3.78,59%,0.38,54%,0.6,18,5,1
http://ufcstats.com/fighter-details/809bd1a871491508,"Sep 15, 1994",55%,42%,6.83,4.07,42%,3.27,72%,1.8,18,9,0
http://ufcstats.com/fighter-details/971246648e162f0d,"Sep 13, 1999",49%,32%,4.44,2.97,39%,2.50,55%,2.2,17,5,1
http://ufcstats.com/fighter-details/6a740daf1b279661,"May 18, 1998",53%,45%,4.56,2.78,55%,1.56,51%,0.1,15,3,0
http://ufcstats.com/fighter-details/e4a47b07044ddd72,"Aug 27, 1997",46%,0%,5.90,3.93,56%,0.00,68%,0.6,18,7,0
http://ufcstats.com/fighter-details/0abcf6bc47191219,"Apr 24, 1993",44%,25%,2.87,4.83,50%,2.05,100%,0.0,14,4,0
http://ufcstats.com/fighter-details/597499ac7a5aac62,"Apr 10, 1995",41%,23%,4.61,3.43,60%,1.47,54%,0.0,16,4,0
http://ufcstats.com/fighter-details/a67d071163962af8,"Apr 07, 1987",56%,12%,2.04,1.36,63%,0.16,65%,0.2,26,3,0
http://ufcstats.com/fighter-details/3cc506f115cbb9d5,"Jul 17, 1999",65%,60%,4.97,1.30,57%,2.80,91%,0.9,9,1,0
http://ufcstats.com/fighter-details/1c23ec2f1b71be40,"Nov 20, 1998",56%,20%,5.83,5.03,59%,0.80,83%,0.0,9,1,0
http://ufcstats.com/fighter-details/327d5f279895110d,"Jul 15, 1988",41%,43%,3.12,4.02,46%,1.13,32%,0.7,15,6,0
http://ufcstats.com/fighter-details/e564146b9cf6dbef,"Jan 22, 2001",57%,40%,2.55,2.39,43%,3.70,87%,0.0,11,2,0
http://ufcstats.com/fighter-details/76e2870ffafbe38f,"Feb 11, 1994",47%,52%,3.91,2.80,61%,4.78,61%,0.2,20,0,0
http://ufcstats.com/fighter-details/5b43d68174b6e2ab,"Dec 30, 1997",46%,0%,3.91,3.97,64%,0.00,100%,0.0,17,2,0
http://ufcstats.com/fighter-details/b1de86d835638319,"Jun 30, 1999",58%,0%,6.67,3.86,61%,0.00,37%,0.0,14,0,0
http://ufcstats.com/fighter-details/39d309957c5c210d,"Mar 14, 1998",70%,42%,3.68,1.98,58%,4.41,100%,0.8,13,0,0
http://ufcstats.com/fighter-details/8b6e5dc2ba1edbe7,"Apr 30, 1996",41%,50%,3.58,2.82,59%,0.67,50%,1.3,15,3,1
http://ufcstats.com/fighter-details/396fe87b84ac2e1c,"Jul 22, 1991",51%,54%,4.34,2.65,60%,1.20,44%,0.5,17,1,1
http://ufcstats.com/fighter-details/f6ad6a1e4d600e0d,"Apr 26, 1995",43%,56%,6.33,4.87,48%,3.38,77%,0.1,18,3,0
http://ufcstats.com/fighter-details/6d48a2df51749d91,"Dec 06, 1990",47%,9%,1.27,5.30,26%,0.88,42%,0.4,12,7,0
http://ufcstats.com/fighter-details/a93f94c923c3a9cb,"Jul 24, 1995",57%,20%,4.45,2.36,54%,0.43,57%,0.0,15,2,0
http://ufcstats.com/fighter-details/4948e412fa6ab67d,"Feb 20, 1997",31%,50%,1.77,3.71,46%,0.74,47%,0.0,7,5,1
http://ufcstats.com/fighter-details/d964a59c48381cb6,"Jan 30, 1997",54%,36%,6.35,7.10,61%,2.06,75%,0.2,11,2,0
http://ufcstats.com/fighter-details/01c9e4013afce141,"Sep 27, 2000",43%,20%,7.03,6.26,53%,0.20,61%,0.0,12,5,0
http://ufcstats.com/fighter-details/52b6bf4528130e86,"Nov 05, 1993",39%,13%,3.03,4.40,49%,1.00,88%,0.0,12,3,1
http://ufcstats.com/fighter-details/9d51798e61f2e0c7,"Jul 29, 2002",61%,50%,3.41,1.50,58%,12.77,50%,0.8,9,1,0
http://ufcstats.com/fighter-details/329e403448756217,"May 08, 1993",50%,48%,5.36,4.19,54%,1.25,75%,0.4,23,7,0
http://ufcstats.com/fighter-details/be9bdec19b7e9ffe,"Nov 09, 1987",50%,28%,2.70,2.45,39%,1.50,33%,0.0,13,8,0
http://ufcstats.com/fighter-details/cfbb3edab781dfd2,"Apr 23, 2001",52%,15%,9.10,5.82,51%,0.91,100%,0.0,8,1,0
http://ufcstats.com/fighter-details/1d2d98ddd05b38fb,"Sep 17, 1997",51%,36%,4.55,4.52,60%,1.79,66%,0.5,13,1,1
http://ufcstats.com/fighter-details/eff9074bc066f0f2,"Apr 07, 1991",57%,75%,4.52,1.27,71%,3.57,0%,3.6,8,0,0
http://ufcstats.com/fighter-details/e94085e821bd81de,"Jun 28, 1992",47%,29%,4.41,4.69,58%,1.12,63%,0.2,11,7,0
http://ufcstats.com/fighter-details/ec3bd30378d63dd1,"Aug 25, 1995",47%,36%,4.53,2.50,61%,2.00,69%,1.0,15,1,0
http://ufcstats.com/fighter-details/71171fc96445bf65,"Aug 28, 1997",50%,48%,3.37,2.56,52%,2.78,80%,0.6,15,2,0
http://ufcstats.com/fighter-details/cd13728ae1151f46,"Dec 14, 1993",43%,51%,4.13,3.42,46%,4.02,76%,0.3,20,12,1
http://ufcstats.com/fighter-details/5442f1bc4b47eaf3,"Jul 15, 1987",50%,0%,5.52,5.75,54%,0.00,64%,0.0,32,13,0
http://ufcstats.com/fighter-details/5870c541798124ae,"Jun 04, 1997",48%,20%,4.27,3.48,55%,0.36,73%,1.1,15,1,0
http://ufcstats.com/fighter-details/bf2c8e01b07d3eb1,"Feb 10, 1998",52%,59%,2.70,2.49,52%,8.22,36%,0.4,16,3,1
http://ufcstats.com/fighter-details/46e2011d92463b7e,"Nov 21, 1995",51%,35%,3.57,1.97,64%,2.90,66%,0.6,12,3,0
http://ufcstats.com/fighter-details/a474aade8eb3a8f0,"Dec 11, 1995",47%,47%,2.15,2.01,68%,4.26,66%,0.4,16,4,0
http://ufcstats.com/fighter-details/12ebd7d157e91701,"Jul 13, 1989",48%,22%,3.86,5.35,41%,0.77,74%,0.0,23,13,0
http://ufcstats.com/fighter-details/239d8e5359022f3b,"Dec 08, 2001",48%,28%,6.12,4.41,57%,0.66,84%,0.0,18,1,0
http://ufcstats.com/fighter-details/294aa73dbf37d281,"Mar 16, 1990",51%,24%,3.95,4.72,51%,1.94,72%,0.2,15,9,2
http://ufcstats.com/fighter-details/e56cee1ad697db04,"Jul 16, 1998",53%,0%,7.88,5.25,48%,0.00,100%,0.4,8,2,0
http://ufcstats.com/fighter-details/6fc506e1099afe20,"Jan 07, 1993",42%,39%,4.06,6.15,49%,2.82,66%,0.6,13,4,0
http://ufcstats.com/fighter-details/cad24459b28592ca,"Apr 21, 1987",47%,25%,3.44,4.03,50%,1.83,80%,0.1,18,9,0
http://ufcstats.com/fighter-details/7478b7f959ba61f5,"Sep 05, 2002",48%,53%,4.18,2.96,46%,2.98,53%,1.1,10,1,0
http://ufcstats.com/fighter-details/4bdedbdeedff7d1d,"Nov 15, 1995",45%,57%,6.42,5.12,61%,1.02,75%,0.0,10,4,0
http://ufcstats.com/fighter-details/2dbc60c52de126d8,"Sep 29, 1994",42%,0%,5.47,8.54,44%,0.00,0%,0.0,13,5,1
http://ufcstats.com/fighter-details/3df5493bb279226f,"May 22, 1987",55%,57%,2.84,3.22,44%,0.93,63%,0.7,15,7,1
http://ufcstats.com/fighter-details/fba03cd6cc28dc41,"Mar 04, 1985",35%,36%,3.67,4.52,59%,1.07,43%,0.1,19,7,0
http://ufcstats.com/fighter-details/0c6d9ea8306c029e,"Dec 21, 1987",43%,26%,3.41,3.32,54%,0.70,80%,0.0,21,13,0
http://ufcstats.com/fighter-details/e375cb5caf4717b6,"Nov 11, 1992",46%,50%,4.04,3.13,53%,4.04,81%,0.0,12,2,0
http://ufcstats.com/fighter-details/814e5233e2acf2ee,"Jan 10, 1991",49%,14%,4.60,3.93,55%,0.44,66%,0.4,20,9,0
http://ufcstats.com/fighter-details/60193e707634e560,"Mar 16, 1989",27%,37%,2.95,3.65,57%,1.91,85%,0.3,7,2,0
http://ufcstats.com/fighter-details/7d6ceff6747f2de2,"Apr 21, 1998",50%,35%,5.50,3.95,52%,1.11,62%,0.0,12,3,0
http://ufcstats.com/fighter-details/38c7f72747f4f712,"May 17, 1995",47%,40%,2.63,2.83,56%,2.53,37%,0.8,17,9,0
http://ufcstats.com/fighter-details/8fd808923cffff82,"Jun 25, 1990",37%,46%,3.89,4.55,49%,2.24,71%,0.2,25,14,0
http://ufcstats.com/fighter-details/07225ba28ae309b6,"Oct 17, 1989",55%,39%,3.23,3.05,48%,2.29,54%,2.6,37,11,0
http://ufcstats.com/fighter-details/d8c7c61b176e3994,"Jul 07, 1991",40%,22%,2.82,3.69,58%,0.84,81%,0.0,15,8,0
http://ufcstats.com/fighter-details/150ff4cc642270b9,"Dec 04, 1991",48%,53%,6.92,4.60,58%,0.22,81%,0.3,28,9,0
http://ufcstats.com/fighter-details/d1c65d2cf2925ddd,"Feb 17, 1992",53%,34%,5.78,4.57,50%,1.57,85%,0.3,20,6,0
http://ufcstats.com/fighter-details/d549cefc7c54ab78,"Sep 07, 1990",54%,29%,3.18,2.26,47%,2.44,40%,0.5,22,4,0
http://ufcstats.com/fighter-details/3cf18e01cb6cbde3,"Jan 20, 1996",50%,33%,4.21,2.10,64%,0.68,70%,0.5,20,7,0
http://ufcstats.com/fighter-details/a112097ad877a48f,"May 31, 1994",48%,0%,4.70,11.61,52%,0.00,77%,3.4,12,2,0
http://ufcstats.com/fighter-details/c051c2e12d692b8a,"Mar 13, 1996",38%,29%,2.54,2.29,61%,1.52,45%,1.1,12,4,0
http://ufcstats.com/fighter-details/fe2babf95de24fb1,"Oct 08, 2004",42%,54%,1.34,1.24,52%,6.10,25%,0.9,12,1,0
http://ufcstats.com/fighter-details/511e82663651438d,"Jun 04, 1986",39%,38%,4.27,3.78,58%,0.57,81%,0.0,25,20,0
http://ufcstats.com/fighter-details/05339613bf8e9808,"Jun 25, 1987",45%,29%,5.11,3.53,57%,0.70,37%,0.3,22,10,0
http://ufcstats.com/fighter-details/d62e280d0f7b6d6f,"Jun 29, 1995",58%,0%,8.14,10.17,36%,0.00,0%,0.0,6,1,0
http://ufcstats.com/fighter-details/ad5cb64af10fc946,"Jan 25, 1999",46%,100%,3.36,2.11,61%,1.87,76%,0.6,9,0,0
http://ufcstats.com/fighter-details/17cb6d8e8187f304,"Mar 22, 1998",42%,50%,2.72,2.47,53%,3.37,56%,2.1,10,1,0
http://ufcstats.com/fighter-details/709fadb644ee3f51,"Apr 22, 1997",61%,75%,5.19,2.81,59%,1.19,72%,0.0,12,2,0
http://ufcstats.com/fighter-details/4126a78111c0855a,"Jan 16, 1993",56%,50%,3.47,2.61,60%,1.25,76%,0.4,18,2,0
http://ufcstats.com/fighter-details/86bace9e4ad85542,"Apr 13, 1998",47%,27%,5.05,3.92,50%,0.73,82%,0.0,27,12,0
http://ufcstats.com/fighter-details/519e4fe37ce9ff75,"Oct 19, 1988",41%,16%,4.48,4.33,53%,0.61,58%,0.1,29,15,0
http://ufcstats.com/fighter-details/69898645d600abdb,"Feb 05, 1996",60%,35%,5.37,5.86,46%,1.38,94%,0.2,13,3,1
http://ufcstats.com/fighter-details/1e719d4b676dc19a,"Nov 04, 1992",45%,22%,3.08,3.80,50%,0.83,51%,0.5,15,5,0
http://ufcstats.com/fighter-details/cd3d7e37ff2d679c,"Jun 05, 1993",39%,17%,4.68,3.84,51%,0.85,44%,0.3,13,6,0
http://ufcstats.com/fighter-details/d6a8edb7410223a0,"Mar 20, 2003",32%,40%,2.17,5.95,37%,2.00,100%,1.0,14,3,0
http://ufcstats.com/fighter-details/bb2c3c3a466224af,"Jun 09, 1999",50%,46%,4.13,3.94,53%,1.12,82%,0.4,10,2,0
http://ufcstats.com/fighter-details/4148802ae4a50768,"Jul 07, 1999",38%,25%,5.45,6.17,54%,0.14,81%,0.3,15,4,0
http://ufcstats.com/fighter-details/e463ce0a2ca474f4,"May 08, 1995",49%,0%,10.51,2.04,69%,0.00,100%,0.0,11,1,0
http://ufcstats.com/fighter-details/9a97acbfd5a08bfa,"Aug 03, 1998",44%,33%,4.50,2.65,71%,0.70,100%,0.0,15,1,0
http://ufcstats.com/fighter-details/792be9a24df82ed6,"Dec 07, 1993",43%,41%,3.86,3.69,59%,1.39,67%,0.4,24,10,2
http://ufcstats.com/fighter-details/fdd22e895a70e4a8,"Mar 12, 2002",63%,0%,6.33,5.89,39%,0.00,85%,0.0,10,1,0
http://ufcstats.com/fighter-details/e4faa79383c9f214,"Jul 05, 1998",42%,60%,7.28,6.47,49%,0.75,81%,0.0,6,2,1
http://ufcstats.com/fighter-details/7debc13b36343605,"Apr 26, 1996",43%,55%,3.67,3.71,56%,3.14,85%,0.6,19,5,0
http://ufcstats.com/fighter-details/baa9be02c3e3e038,"May 17, 1991",36%,33%,2.13,5.34,46%,0.39,27%,0.0,11,7,0
http://ufcstats.com/fighter-details/9f5609dba6584ab2,"Oct 19, 2004",44%,33%,6.37,5.60,54%,0.50,83%,0.0,9,0,0
http://ufcstats.com/fighter-details/9cdd2da1a9104a0b,"Jul 27, 1991",46%,35%,3.21,2.76,44%,1.87,62%,0.4,11,6,0
http://ufcstats.com/fighter-details/06e4245d16fc5315,"Oct 05, 1994",56%,49%,2.88,1.58,56%,4.90,72%,0.2,13,2,0
http://ufcstats.com/fighter-details/07797f10b9569cfc,"Jan 13, 1992",36%,50%,7.58,10.56,41%,0.33,16%,0.0,7,4,0
http://ufcstats.com/fighter-details/9c27f3217891f3f0,"Aug 09, 1992",33%,0%,3.35,9.36,30%,0.00,30%,0.0,14,8,0
http://ufcstats.com/fighter-details/34b96d52db1d26e6,"Dec 06, 1997",42%,0%,3.70,5.44,49%,0.00,70%,0.0,11,6,0
http://ufcstats.com/fighter-details/faf317c665546a36,"Aug 06, 2004",53%,71%,4.74,2.76,67%,2.30,57%,0.9,8,1,0
http://ufcstats.com/fighter-details/21b813b919776d90,"Mar 16, 1987",67%,80%,2.06,1.52,40%,3.26,60%,0.0,9,4,0
http://ufcstats.com/fighter-details/53c10176e3bc7416,"Oct 29, 1989",46%,25%,3.17,4.57,47%,1.08,40%,1.4,14,9,0
http://ufcstats.com/fighter-details/4a574b8512fc1b30,"Oct 13, 1993",47%,50%,6.28,3.06,41%,1.27,50%,0.0,23,6,0
http://ufcstats.com/fighter-details/5ef94841c4bc3f86,"Jan 27, 1996",46%,0%,3.78,4.64,51%,0.00,50%,1.4,14,7,0
http://ufcstats.com/fighter-details/7c7332319c14094c,"Dec 02, 1992",47%,45%,4.24,5.39,49%,0.57,72%,0.7,24,12,1
http://ufcstats.com/fighter-details/3a314d9fa7c6825d,"Jun 22, 1985",38%,42%,3.54,4.09,56%,0.54,71%,0.2,29,7,0
http://ufcstats.com/fighter-details/6e8349a0a0476d60,"Nov 15, 1999",55%,33%,5.71,2.42,58%,1.30,0%,0.0,7,0,0
http://ufcstats.com/fighter-details/23dec7c47cb418f8,"Mar 24, 1994",54%,61%,4.47,4.00,43%,2.74,52%,1.2,10,4,0
http://ufcstats.com/fighter-details/5e9ca8dd7d783a75,"Apr 24, 1998",41%,54%,4.05,2.21,69%,2.21,56%,1.5,13,3,0
http://ufcstats.com/fighter-details/8e382b585a92affe,"Jul 18, 1990",49%,36%,3.51,4.15,50%,0.46,53%,0.2,11,7,0
http://ufcstats.com/fighter-details/f2b3f4ef3f780168,"Dec 06, 1989",54%,31%,2.65,1.95,57%,0.91,50%,0.4,10,4,0
http://ufcstats.com/fighter-details/e5864a42c80294f6,"Nov 13, 1998",50%,0%,2.32,10.94,29%,0.00,0%,0.0,11,1,0
http://ufcstats.com/fighter-details/82a5152216251682,"Aug 06, 1991",43%,25%,3.51,3.56,56%,0.88,55%,0.2,19,12,0
http://ufcstats.com/fighter-details/f1ab6f37492c630a,"Mar 02, 1999",50%,25%,9.33,6.60,57%,0.50,80%,0.0,7,2,0
http://ufcstats.com/fighter-details/3d074044a33825e7,"Nov 17, 1992",49%,34%,2.14,3.23,46%,1.97,46%,1.4,13,7,0
http://ufcstats.com/fighter-details/30cad5a751adcb48,"Oct 22, 1994",44%,31%,2.51,2.64,60%,3.25,66%,0.0,11,1,0
http://ufcstats.com/fighter-details/681399317dbf4701,"Apr 25, 1993",60%,50%,5.77,3.40,56%,0.34,55%,0.0,14,3,0
http://ufcstats.com/fighter-details/70380ccdc81915b8,"Jul 29, 1996",61%,42%,4.12,2.13,55%,1.21,61%,2.0,11,1,0
http://ufcstats.com/fighter-details/7d8435c56043b0ae,"Aug 07, 1990",38%,0%,4.28,3.95,52%,0.00,75%,0.0,26,8,0
http://ufcstats.com/fighter-details/595db60957de51d3,"Oct 06, 1993",51%,52%,4.28,4.32,50%,1.11,75%,0.6,32,15,0
http://ufcstats.com/fighter-details/b997be68943010fc,"Aug 28, 1990",50%,45%,5.02,5.50,57%,0.54,87%,0.1,16,8,0
http://ufcstats.com/fighter-details/c68c68efaa5ca6ef,"Dec 31, 1988",62%,0%,5.78,3.51,57%,0.00,75%,0.1,26,12,0
http://ufcstats.com/fighter-details/093e1f5bb73850be,"Oct 18, 1993",60%,40%,4.42,3.69,48%,5.25,68%,1.4,15,4,0
http://ufcstats.com/fighter-details/6d68c1afe954f121,"Jan 09, 1992",40%,29%,2.94,3.24,49%,0.94,66%,0.4,13,9,0
http://ufcstats.com/fighter-details/a3dda21be645be93,"Jan 27, 1999",46%,42%,4.14,4.05,57%,2.89,100%,1.9,11,2,0
http://ufcstats.com/fighter-details/ac026518a9b4dc0f,"Jun 02, 1995",58%,30%,2.18,1.57,59%,2.97,30%,1.2,13,4,0
http://ufcstats.com/fighter-details/28d421729451c8ca,"May 04, 1994",47%,11%,8.75,7.78,48%,0.43,90%,0.0,23,7,0
http://ufcstats.com/fighter-details/64facb6cc564262d,"Nov 22, 1992",50%,47%,4.04,3.55,46%,2.20,50%,0.2,13,5,0
http://ufcstats.com/fighter-details/85497ffd934ecf7e,"Jan 17, 1996",67%,91%,6.89,2.78,47%,7.78,100%,0.7,12,0,0
http://ufcstats.com/fighter-details/e2f6b2769aaedd6c,"Jan 24, 1995",46%,57%,3.35,4.23,50%,3.42,52%,0.4,18,7,0
http://ufcstats.com/fighter-details/aa0c573da7119292,"May 07, 1996",41%,31%,2.74,3.84,45%,2.38,44%,1.3,6,4,0
http://ufcstats.com/fighter-details/739fd4fbb5d862f4,"Mar 10, 1992",54%,75%,4.32,2.22,49%,0.79,93%,0.0,14,3,1
http://ufcstats.com/fighter-details/bc711b6dd95c1af6,"Jul 01, 1993",50%,38%,5.52,4.17,54%,2.49,57%,1.1,18,3,0
http://ufcstats.com/fighter-details/a54660deb6a8489c,"May 17, 1996",47%,28%,3.36,2.51,55%,1.57,70%,0.0,20,7,0
http://ufcstats.com/fighter-details/18d01f7f8338ae72,"Nov 30, 1995",47%,43%,5.44,2.86,58%,1.27,71%,0.2,24,4,0
http://ufcstats.com/fighter-details/a09ed60aa67a3f67,"Aug 02, 1997",54%,37%,4.46,3.24,60%,3.57,54%,0.3,16,0,0
http://ufcstats.com/fighter-details/cdb96af67d096b1e,"Aug 16, 1990",39%,24%,4.90,4.88,55%,0.32,47%,0.3,24,13,0
http://ufcstats.com/fighter-details/2997e7fe3c9d3d4a,"May 15, 1992",58%,75%,6.82,2.73,60%,0.62,85%,0.6,10,1,0
http://ufcstats.com/fighter-details/41e83a89929d1327,"Jun 26, 1991",62%,55%,2.23,1.30,43%,5.64,60%,1.7,22,5,0
http://ufcstats.com/fighter-details/6add18754930182b,"Jul 16, 1999",53%,38%,3.72,4.18,42%,4.07,100%,0.0,7,3,0
http://ufcstats.com/fighter-details/b1e5bcaad32a3cac,"Aug 19, 1988",44%,50%,4.35,7.45,45%,0.37,69%,0.0,13,9,0
http://ufcstats.com/fighter-details/9f5e3c20ce40b344,"Dec 30, 1998",46%,11%,5.59,4.56,55%,0.29,41%,0.0,8,3,0
http://ufcstats.com/fighter-details/0d65c432720accb9,"Feb 22, 1995",52%,42%,5.73,4.45,60%,0.99,52%,0.0,22,10,0
http://ufcstats.com/fighter-details/bbab3baf66128ae2,"Sep 07, 1995",54%,40%,5.18,2.75,63%,1.83,83%,0.1,15,2,0
http://ufcstats.com/fighter-details/98aa60cf58071fd6,"Oct 12, 1990",47%,40%,3.64,2.08,64%,1.67,61%,0.1,36,6,0
http://ufcstats.com/fighter-details/6d35bf94f7d30241,"Oct 27, 1993",33%,25%,2.47,3.88,59%,1.18,62%,0.4,17,3,0
http://ufcstats.com/fighter-details/70dd69b6a703257e,"Aug 04, 2001",61%,25%,7.14,2.14,73%,0.37,66%,0.0,16,2,0
http://ufcstats.com/fighter-details/51ec9dc3b4964f19,"Jul 17, 1994",23%,0%,1.71,3.91,43%,0.00,62%,1.6,14,6,1
http://ufcstats.com/fighter-details/6902fcf0610dd303,"Sep 10, 1996",44%,0%,3.40,3.87,46%,0.00,41%,2.5,18,3,2
http://ufcstats.com/fighter-details/8bd4200561c77a62,"Aug 18, 1994",57%,13%,4.11,3.89,53%,0.45,53%,0.2,17,6,0
http://ufcstats.com/fighter-details/de594b35c45c2e9a,"Feb 28, 1994",37%,34%,2.49,2.40,58%,3.42,80%,0.6,12,3,0
http://ufcstats.com/fighter-details/8e9eb3fc86db0f7d,"Feb 18, 1990",47%,28%,5.65,5.94,49%,0.34,68%,0.1,17,11,0
http://ufcstats.com/fighter-details/e4277e87a789d687,"Apr 04, 1988",47%,25%,5.31,4.02,57%,0.30,62%,0.0,22,10,1
http://ufcstats.com/fighter-details/ffd3224638c01b57,"Sep 09, 1999",38%,42%,5.35,5.29,49%,2.85,56%,0.5,18,2,0
http://ufcstats.com/fighter-details/17923f676f100e16,"Dec 07, 1999",62%,30%,4.85,4.10,41%,2.40,0%,0.0,9,2,0
http://ufcstats.com/fighter-details/1dd1a3aacde66f72,"Jul 17, 2005",48%,0%,3.96,3.20,62%,0.00,72%,0.0,10,4,0
http://ufcstats.com/fighter-details/af9f42e6894047fc,"Aug 17, 1994",46%,30%,4.10,4.28,54%,2.46,70%,0.1,18,9,0
http://ufcstats.com/fighter-details/193b9d1858bc4df3,"Feb 13, 1990",48%,33%,4.82,4.94,48%,0.67,77%,0.6,24,15,0
http://ufcstats.com/fighter-details/9c393e836a852f30,"Jun 17, 1996",56%,0%,3.93,3.66,59%,0.00,87%,0.0,14,3,0
http://ufcstats.com/fighter-details/f166e93d04a8c274,"Dec 30, 1994",47%,46%,3.79,4.65,46%,0.82,68%,1.3,28,8,0
http://ufcstats.com/fighter-details/f201f21cf2c79eb2,"Feb 03, 1994",41%,20%,4.94,2.20,65%,0.51,84%,0.0,10,2,0
http://ufcstats.com/fighter-details/3f11fd1751fa83b1,"Jan 08, 1997",47%,33%,3.25,2.88,49%,3.42,64%,0.9,26,6,0
http://ufcstats.com/fighter-details/a1ad35b98a9136e5,"Aug 04, 1996",41%,39%,3.96,3.56,63%,4.57,100%,0.0,8,2,0
http://ufcstats.com/fighter-details/c2299ec916bc7c56,"Dec 18, 1995",58%,35%,5.58,4.09,41%,4.15,72%,1.7,17,4,0
http://ufcstats.com/fighter-details/7facc9c45d792985,"Jun 19, 1993",47%,7%,2.49,3.17,56%,0.34,0%,0.7,15,4,1
http://ufcstats.com/fighter-details/c814b4c899793af6,"Mar 05, 1993",52%,71%,4.71,4.81,50%,1.00,90%,0.0,14,5,0
http://ufcstats.com/fighter-details/a264d4e9a4d6bfe4,"Oct 17, 1993",55%,22%,5.11,5.82,44%,1.77,72%,1.2,13,4,0
http://ufcstats.com/fighter-details/fbb60f24af5d5a02,"Oct 24, 1998",54%,59%,1.78,3.34,40%,6.86,75%,0.8,11,1,0
http://ufcstats.com/fighter-details/6b56e94a59b7b134,"Dec 19, 1997",48%,38%,3.62,2.36,60%,1.48,52%,0.0,12,5,0
http://ufcstats.com/fighter-details/e1248941344b3288,"Sep 29, 1988",57%,34%,5.99,3.31,58%,1.63,68%,0.2,28,4,0
http://ufcstats.com/fighter-details/07a74004d964c7f4,"May 28, 1995",56%,22%,2.71,3.59,46%,0.85,0%,0.8,10,2,0
http://ufcstats.com/fighter-details/3618e0632ecdba9c,"Dec 02, 1998",41%,0%,4.48,4.28,63%,0.00,78%,0.0,8,1,0
http://ufcstats.com/fighter-details/0859524157a19045,"Jun 04, 2000",46%,0%,9.13,3.90,63%,0.00,91%,0.0,8,0,0
http://ufcstats.com/fighter-details/a01a62132460a98d,"Jan 12, 1989",46%,22%,4.88,5.33,51%,1.63,50%,0.0,10,6,0
http://ufcstats.com/fighter-details/7826923b47f8d72a,"Jan 03, 1995",52%,21%,5.48,3.86,42%,0.68,46%,1.4,24,4,0
http://ufcstats.com/fighter-details/9e8f6c728eb01124,"Nov 14, 1988",57%,26%,6.29,6.83,50%,0.30,73%,0.0,28,5,0
http://ufcstats.com/fighter-details/47b63240018d5d86,"Jun 29, 1992",41%,48%,3.50,3.38,63%,1.47,62%,0.3,15,8,0
http://ufcstats.com/fighter-details/262d32ebda89efc4,"Feb 03, 1997",45%,30%,4.81,2.36,66%,0.43,90%,0.0,20,5,1
http://ufcstats.com/fighter-details/ab2b4ff41d6ebe0f,"Mar 21, 1992",44%,46%,3.79,3.18,57%,2.31,75%,0.7,26,11,0
http://ufcstats.com/fighter-details/22e07d3da1aa3475,"Sep 10, 1997",55%,16%,3.60,2.94,55%,0.27,56%,0.0,10,5,0
http://ufcstats.com/fighter-details/2b6fc1c02736833d,"Jan 03, 1996",56%,46%,3.76,1.85,60%,3.94,79%,0.2,20,2,0
http://ufcstats.com/fighter-details/52ef95b5860fb28c,"Dec 13, 1996",51%,58%,4.55,4.29,54%,1.19,79%,0.7,18,3,0
http://ufcstats.com/fighter-details/b50a426a33da0012,"Oct 24, 1994",60%,42%,5.98,3.40,59%,0.23,60%,0.2,20,3,0
http://ufcstats.com/fighter-details/d3df1add9d9a7efb,"Feb 07, 1985",48%,25%,2.41,2.79,38%,0.53,51%,0.0,29,14,0
http://ufcstats.com/fighter-details/1091d4d957141094,"Mar 07, 1992",54%,38%,4.38,2.75,48%,2.19,53%,1.1,31,12,0
http://ufcstats.com/fighter-details/efb96bf3e9ada36f,"Dec 02, 1997",43%,41%,4.26,3.76,54%,0.79,73%,0.3,24,9,1
http://ufcstats.com/fighter-details/aa72b0f831d0bfe5,"Dec 18, 1987",53%,34%,2.57,3.43,49%,1.61,57%,1.2,25,7,1
http://ufcstats.com/fighter-details/9211aae062b799d6,"Oct 08, 1977",22%,0%,0.73,2.93,52%,0.00,0%,0.0,19,12,3
http://ufcstats.com/fighter-details/b5c19c34f12c917e,"Nov 10, 1991",56%,0%,2.45,3.40,50%,0.00,50%,0.0,7,2,0
http://ufcstats.com/fighter-details/73a78713bd899f4c,"Apr 15, 1998",38%,0%,2.20,4.27,36%,0.00,0%,0.0,6,1,0
http://ufcstats.com/fighter-details/84b3e7d38f2d2ec5,"Aug 03, 1987",47%,39%,3.39,2.41,51%,2.13,55%,0.3,32,15,0
http://ufcstats.com/fighter-details/9560ff14eb3129f7,"Aug 25, 1988",43%,33%,3.75,3.55,59%,0.18,65%,0.2,15,7,0
http://ufcstats.com/fighter-details/64d47ef881a437a4,"Mar 28, 1988",60%,33%,3.73,2.23,44%,0.20,53%,0.2,7,3,0
http://ufcstats.com/fighter-details/5b03b61f9d90125e,"Oct 26, 1995",43%,38%,3.65,5.18,52%,1.59,71%,0.5,21,13,1
http://ufcstats.com/fighter-details/084532da3d25f3b8,"Jan 06, 2000",86%,85%,1.99,0.77,47%,5.77,100%,0.0,17,3,0
http://ufcstats.com/fighter-details/5d8006587d6a6711,"May 03, 2002",44%,80%,1.40,2.20,42%,4.00,33%,0.0,9,3,0
http://ufcstats.com/fighter-details/5d1b7e3dd9e11074,"Nov 14, 1993",55%,30%,4.68,3.88,57%,0.36,78%,0.2,23,7,0
http://ufcstats.com/fighter-details/791c8437b341fba5,"Feb 11, 1995",51%,67%,2.53,2.31,43%,3.16,57%,1.2,20,5,1
http://ufcstats.com/fighter-details/6e15f63b6c2e2c15,"Aug 16, 1992",42%,64%,5.60,4.24,42%,0.89,45%,1.2,18,9,0
http://ufcstats.com/fighter-details/59c438c81fbf3ece,"Nov 30, 2001",51%,22%,2.92,2.14,43%,1.72,83%,0.7,7,2,0
http://ufcstats.com/fighter-details/5078e1dacf9d25f4,"Apr 16, 2000",53%,37%,2.53,2.45,64%,2.14,85%,1.0,11,2,0
http://ufcstats.com/fighter-details/0f3a990526c5e706,"Jul 11, 1993",44%,11%,7.50,14.88,42%,0.92,0%,0.0,5,2,0
http://ufcstats.com/fighter-details/8667caa0451d245b,"Jun 13, 1992",46%,45%,4.94,4.55,51%,0.49,80%,0.2,14,7,1
http://ufcstats.com/fighter-details/6e8f1bcdda94ff45,"Apr 23, 1996",48%,0%,5.75,3.96,56%,0.00,87%,0.0,14,4,0
http://ufcstats.com/fighter-details/1e4f273069fb9e85,"Mar 21, 1997",52%,42%,2.70,1.63,63%,1.84,70%,0.5,18,6,0
http://ufcstats.com/fighter-details/6e743a33d56bdaa4,"Sep 09, 1998",56%,44%,6.62,3.41,46%,0.78,77%,0.2,11,1,0
http://ufcstats.com/fighter-details/8d11d9c13e2ccdf7,"Aug 07, 1994",39%,30%,2.48,3.44,44%,1.45,68%,0.2,13,5,0
http://ufcstats.com/fighter-details/99df7d0a2a08a8a8,"Feb 24, 1983",50%,48%,3.53,3.23,51%,0.97,70%,0.4,29,12,2
http://ufcstats.com/fighter-details/64a50dad704d1d49,"Jan 21, 1986",44%,50%,4.15,4.76,55%,0.42,73%,0.1,24,15,0
http://ufcstats.com/fighter-details/d661ce4da776fc20,"Feb 11, 1993",54%,49%,5.16,4.24,59%,1.70,86%,0.1,20,5,0
http://ufcstats.com/fighter-details/ff62013d2fce6d13,"May 16, 1994",48%,45%,4.69,5.42,49%,1.08,72%,0.2,11,3,1
http://ufcstats.com/fighter-details/4d8fa64202cee4c1,"May 18, 1995",49%,55%,5.84,4.53,41%,0.75,75%,1.1,16,9,0
http://ufcstats.com/fighter-details/480779d7f9a424d3,"Jun 10, 2000",48%,0%,3.33,2.24,65%,0.00,69%,0.0,18,1,0
http://ufcstats.com/fighter-details/c03520b5c88ed6b4,"Jan 10, 1991",41%,35%,4.42,2.80,54%,5.97,76%,0.3,21,5,0
http://ufcstats.com/fighter-details/7acbb0972e75281a,"Sep 20, 1993",45%,43%,4.74,4.55,56%,1.41,68%,0.4,19,10,1
http://ufcstats.com/fighter-details/056c493bbd76a918,"Feb 09, 1987",47%,29%,3.83,3.84,57%,1.78,72%,0.1,16,6,0
http://ufcstats.com/fighter-details/a0f0004aadf10b71,"Apr 16, 1990",50%,44%,4.54,4.23,48%,2.82,69%,0.9,30,7,0
http://ufcstats.com/fighter-details/2e7878927067fdca,"Mar 25, 1995",56%,66%,6.57,4.24,50%,1.32,76%,0.7,17,4,0
http://ufcstats.com/fighter-details/ef5dcb10d2bd4b0f,"Sep 12, 1992",56%,0%,3.60,3.50,46%,0.00,54%,0.7,18,4,1
http://ufcstats.com/fighter-details/a4dc0f2b95df4cc1,"Oct 08, 1997",39%,0%,2.58,4.23,52%,0.00,59%,0.0,12,4,0
http://ufcstats.com/fighter-details/9d19d9e4aa2662e8,"Nov 16, 1984",43%,26%,3.88,3.51,52%,0.90,59%,0.1,24,6,1
http://ufcstats.com/fighter-details/b1b0729d27936f2f,"Jul 09, 1988",42%,35%,4.36,3.92,55%,1.98,90%,0.1,24,6,0
http://ufcstats.com/fighter-details/fb37795db81f93f3,"Sep 28, 1995",53%,38%,4.16,5.02,49%,4.57,75%,0.5,16,4,0
http://ufcstats.com/fighter-details/0845c81e37d3bcb3,"Sep 19, 1989",48%,29%,4.99,4.19,55%,0.50,80%,0.1,21,8,0
http://ufcstats.com/fighter-details/0a1942069c9ad6b6,"Jun 10, 1988",45%,29%,5.15,3.72,56%,1.48,80%,0.4,24,10,0
http://ufcstats.com/fighter-details/442c9011034ae1fd,"Nov 17, 1997",53%,31%,4.29,2.59,52%,0.80,71%,0.3,17,2,0
http://ufcstats.com/fighter-details/09a4447655fd4b7b,"Mar 15, 1990",43%,0%,1.56,5.05,36%,0.00,36%,0.0,11,4,0
http://ufcstats.com/fighter-details/f00ac08ab056af5d,"Aug 07, 1991",48%,39%,3.01,3.44,50%,2.73,63%,1.5,17,3,0
http://ufcstats.com/fighter-details/ac0874309da489b9,"Oct 10, 1992",38%,0%,2.07,3.27,37%,0.00,0%,0.0,6,1,0
http://ufcstats.com/fighter-details/d5bab53a1a603aac,"Jun 05, 1991",69%,14%,5.10,2.46,50%,1.37,100%,1.4,8,3,0
http://ufcstats.com/fighter-details/de26d906f2874dd4,"Sep 03, 1994",45%,35%,1.77,1.77,60%,3.00,66%,1.5,22,4,0
http://ufcstats.com/fighter-details/eae48ff31db420c2,"Oct 11, 1996",49%,34%,3.78,1.77,54%,3.25,75%,0.1,24,3,0
http://ufcstats.com/fighter-details/6a96ad1bc34fb113,"Aug 18, 1996",52%,40%,3.66,1.75,64%,1.48,73%,0.2,25,8,0
http://ufcstats.com/fighter-details/a495f599e787614f,"Oct 18, 1987",51%,28%,3.87,3.86,50%,0.53,77%,0.2,19,6,1
http://ufcstats.com/fighter-details/4a6dff1b260bcf61,"Jan 28, 1996",55%,33%,2.93,2.57,68%,1.50,100%,0.0,7,1,0
http://ufcstats.com/fighter-details/ca28cdf526d6b6e9,"Dec 08, 2000",44%,51%,2.29,1.59,55%,3.48,80%,0.5,12,0,0
http://ufcstats.com/fighter-details/8d3273573b85be09,"Jan 25, 1994",51%,45%,2.28,1.94,53%,4.74,44%,1.4,24,3,0
http://ufcstats.com/fighter-details/d6c0cdd7e467c440,"Feb 27, 1993",53%,25%,3.16,2.94,42%,1.97,79%,2.0,17,5,0
http://ufcstats.com/fighter-details/68d4a891e5cf2029,"Dec 10, 1993",48%,40%,3.95,3.61,53%,2.04,59%,0.3,12,4,0
http://ufcstats.com/fighter-details/35673bf5204524ee,"Jan 14, 1996",61%,57%,3.36,1.93,60%,3.12,100%,2.3,9,1,0
http://ufcstats.com/fighter-details/f0feeb2192937424,"Jan 12, 1985",50%,30%,5.46,5.00,60%,0.76,72%,0.2,19,16,0
http://ufcstats.com/fighter-details/669970f7feba8ecd,"May 04, 1999",44%,34%,5.24,4.25,58%,1.96,78%,0.9,14,2,0
http://ufcstats.com/fighter-details/275aca31f61ba28c,"Oct 27, 1991",58%,54%,2.27,1.42,61%,3.22,91%,0.9,29,1,0
http://ufcstats.com/fighter-details/f1fac969a1d70b08,"Aug 25, 1991",54%,37%,2.60,2.44,52%,1.25,63%,0.4,22,6,0
http://ufcstats.com/fighter-details/1ebe20ebbfa15e29,"Aug 13, 1989",52%,44%,4.66,2.63,53%,1.96,63%,0.5,26,4,0
http://ufcstats.com/fighter-details/e0c6edcb5b5d0b90,"Oct 27, 1992",55%,39%,4.14,2.66,52%,2.34,59%,0.2,18,7,0
http://ufcstats.com/fighter-details/132deb59abae64b1,"Mar 07, 1988",52%,61%,3.04,2.00,63%,2.65,76%,0.3,26,4,1
http://ufcstats.com/fighter-details/c32aeb1a59e6272d,"Jun 24, 1999",49%,41%,5.68,3.26,53%,1.04,89%,0.0,19,0,0
http://ufcstats.com/fighter-details/72f890c5d421e705,"Jan 02, 2001",43%,53%,2.22,3.05,66%,4.16,0%,0.6,11,3,0
http://ufcstats.com/fighter-details/745fa7b605f8e2da,"Jul 12, 2000",48%,66%,4.88,2.46,61%,3.13,65%,0.2,10,1,0
http://ufcstats.com/fighter-details/19c591115a58982c,"Jan 08, 1992",50%,0%,5.10,4.46,57%,0.00,43%,0.1,8,7,1
http://ufcstats.com/fighter-details/eb393afdbe3293d5,"Dec 28, 1995",54%,33%,5.10,3.96,62%,1.22,76%,0.0,20,7,0
http://ufcstats.com/fighter-details/e00a3dee329a51f7,"Jul 24, 1989",49%,53%,5.09,3.91,57%,2.49,81%,0.3,23,8,0
http://ufcstats.com/fighter-details/41cc71cbf210e0fe,"May 28, 1990",52%,16%,5.83,4.04,50%,0.52,65%,0.8,11,3,0
http://ufcstats.com/fighter-details/01641ba5df0c69b0,"Aug 20, 1997",47%,53%,4.76,3.61,64%,2.57,78%,1.0,20,1,0
http://ufcstats.com/fighter-details/31ef8b67e13495b3,"Aug 16, 1989",48%,14%,4.73,3.48,61%,0.56,62%,0.1,15,8,0
http://ufcstats.com/fighter-details/850266b3dc4e506e,"Mar 07, 1993",53%,52%,4.90,3.79,61%,1.35,85%,0.1,18,1,0
http://ufcstats.com/fighter-details/cffb87059e645bd1,"Dec 30, 1999",48%,34%,4.40,3.19,52%,1.38,66%,0.7,13,3,0
http://ufcstats.com/fighter-details/67c1d46f4ed16f9e,"Jan 15, 1990",40%,45%,4.05,4.18,54%,0.59,43%,1.2,17,11,0
http://ufcstats.com/fighter-details/6a311920edd73c85,"Apr 14, 1993",42%,0%,3.21,9.64,47%,0.00,0%,0.0,6,2,0
http://ufcstats.com/fighter-details/2fe9032955c2e013,"Aug 22, 1994",39%,26%,2.75,2.72,60%,1.10,23%,2.2,15,3,0
http://ufcstats.com/fighter-details/46e0d677f91bacc0,"Mar 30, 1994",44%,26%,3.37,2.97,65%,1.20,77%,0.0,16,5,0
http://ufcstats.com/fighter-details/447f9858ae78f921,"Jun 09, 1984",49%,33%,3.31,3.20,60%,1.27,72%,0.0,22,7,0
http://ufcstats.com/fighter-details/a57cb948c4c70a47,"Jul 04, 1996",63%,50%,2.99,1.65,40%,4.57,0%,1.8,7,2,0
http://ufcstats.com/fighter-details/7cec3c4a5e7b6d68,"Apr 13, 1994",38%,0%,3.25,4.32,50%,0.00,50%,0.0,9,4,0
http://ufcstats.com/fighter-details/253076a23d03dcd0,"Sep 11, 1991",51%,20%,3.20,2.53,53%,1.04,41%,0.9,22,7,0
http://ufcstats.com/fighter-details/4a07b1988477502c,"Sep 24, 1993",50%,52%,3.15,1.93,62%,3.00,50%,0.2,13,3,0
http://ufcstats.com/fighter-details/d66a46de8d705353,"Oct 30, 1986",44%,48%,2.21,1.43,44%,2.81,45%,1.3,14,4,1
http://ufcstats.com/fighter-details/97cf1a2c7c5e7889,"May 22, 1992",48%,40%,5.46,2.22,59%,0.77,89%,0.4,19,6,0
http://ufcstats.com/fighter-details/c0d5c0c95c59050b,"Nov 17, 1992",38%,50%,2.68,4.69,43%,1.06,22%,0.2,15,5,0
http://ufcstats.com/fighter-details/117a06469813e4ef,"May 09, 1994",66%,34%,3.88,2.13,37%,3.20,40%,0.3,11,2,0
http://ufcstats.com/fighter-details/ffe9703408fb5964,"Jun 07, 1994",50%,30%,5.07,4.89,51%,1.05,52%,0.5,14,3,0
http://ufcstats.com/fighter-details/1235b31de15d0c6e,"Feb 03, 1993",29%,50%,2.21,6.19,44%,1.75,44%,0.6,10,5,0
http://ufcstats.com/fighter-details/787bb1f087ccff8a,"Apr 12, 1990",61%,23%,5.40,2.31,60%,0.66,47%,0.6,14,2,0
http://ufcstats.com/fighter-details/7a5e8c94a86f9895,"Jun 14, 1986",47%,0%,3.36,6.55,36%,0.00,35%,0.0,23,10,0
http://ufcstats.com/fighter-details/7447e9f28508106a,"Mar 24, 1993",41%,21%,3.38,3.74,52%,1.07,40%,1.0,17,5,0
http://ufcstats.com/fighter-details/5b86d491d63890c5,"Feb 22, 1995",53%,50%,3.83,3.57,53%,1.29,76%,0.0,24,6,1
http://ufcstats.com/fighter-details/b7b84ccd221be298,"Aug 22, 1995",45%,18%,6.24,6.18,62%,0.31,84%,0.0,18,7,0
http://ufcstats.com/fighter-details/3329d692aea4dc28,"Jan 22, 1993",55%,65%,4.27,3.67,51%,3.25,100%,0.0,7,1,0
http://ufcstats.com/fighter-details/285ae0b4a68221f4,"Feb 27, 1991",51%,42%,4.64,3.82,51%,1.69,54%,0.8,19,7,0
http://ufcstats.com/fighter-details/399afbabc02376b5,"Apr 11, 1993",67%,80%,7.63,3.62,56%,2.62,100%,1.3,15,3,0
http://ufcstats.com/fighter-details/bc7d1ad49fcb2d08,"Jun 24, 1995",49%,33%,2.26,2.06,54%,2.01,0%,4.3,11,2,0
http://ufcstats.com/fighter-details/333b9e5c723ac873,"Feb 06, 1992",50%,21%,4.20,2.78,54%,0.57,86%,0.1,15,6,0
http://ufcstats.com/fighter-details/0be6776db31d98ec,"Oct 16, 1998",38%,36%,1.91,2.92,60%,1.98,68%,0.0,11,3,0
http://ufcstats.com/fighter-details/b07aed698fba8624,"Dec 07, 1992",60%,68%,5.56,4.01,45%,3.82,100%,0.7,18,2,0
http://ufcstats.com/fighter-details/f5779a2303ed76ec,"Dec 14, 1997",52%,69%,1.92,2.67,43%,5.39,100%,3.6,16,1,0
http://ufcstats.com/fighter-details/43a59ce3bb40449e,"Aug 19, 1994",52%,33%,4.45,4.65,49%,0.75,80%,0.0,16,6,0
http://ufcstats.com/fighter-details/7f1bf0c255ec8756,"Feb 02, 1995",27%,31%,2.75,4.25,52%,3.50,85%,0.2,15,3,0
http://ufcstats.com/fighter-details/873626e5547b5235,"Aug 30, 1989",33%,0%,3.01,6.59,45%,0.00,41%,0.0,18,11,0
http://ufcstats.com/fighter-details/2c5f5749569eef66,"Mar 02, 1991",44%,31%,2.01,2.88,45%,1.67,53%,0.3,7,4,0
http://ufcstats.com/fighter-details/b671bdf981ad527d,"Nov 04, 1995",41%,31%,3.38,3.14,55%,1.50,47%,1.8,10,2,0
http://ufcstats.com/fighter-details/700a674c042b7a96,"Sep 11, 1987",46%,37%,3.59,3.42,54%,2.01,68%,0.9,22,13,0
http://ufcstats.com/fighter-details/7d420039bbfe7c1a,"Jun 25, 1993",49%,46%,4.29,5.62,46%,1.05,60%,0.1,26,14,0
http://ufcstats.com/fighter-details/dccb63727f2f5f74,"Jun 11, 1990",39%,41%,3.30,3.76,56%,2.34,40%,0.8,11,6,1
http://ufcstats.com/fighter-details/34ff304266360297,"Feb 17, 1990",40%,29%,5.57,3.76,65%,0.94,87%,0.0,13,3,0
http://ufcstats.com/fighter-details/b7c5eb7cdbac6a63,"Aug 02, 1995",51%,0%,5.81,4.65,52%,0.00,100%,0.0,9,2,0
http://ufcstats.com/fighter-details/2f181c0467965b98,"Dec 28, 1995",52%,41%,3.75,3.78,47%,1.52,57%,1.1,27,7,0
http://ufcstats.com/fighter-details/24656ef4d605c96f,"Nov 19, 1987",48%,14%,4.47,4.11,68%,0.12,83%,0.0,14,3,0
http://ufcstats.com/fighter-details/1b35af4d1529adf6,"Dec 16, 1999",42%,66%,5.25,3.29,63%,1.47,80%,0.5,8,2,1
http://ufcstats.com/fighter-details/25f9a5f3e8a52618,"Jun 23, 1991",56%,0%,3.89,3.62,56%,0.00,70%,0.0,9,2,0
http://ufcstats.com/fighter-details/72ea1984c52019b5,"Apr 21, 1991",42%,28%,2.62,3.87,45%,1.18,36%,1.2,18,7,0
http://ufcstats.com/fighter-details/e0d3d9b564f95635,"Aug 12, 2000",49%,75%,5.09,3.67,56%,1.64,76%,0.0,18,2,0
http://ufcstats.com/fighter-details/d7c3816669784109,"Oct 15, 1985",42%,23%,5.54,5.77,56%,0.36,74%,0.2,16,10,0
http://ufcstats.com/fighter-details/1ae8f3c723aacff4,"Aug 01, 1995",36%,57%,2.91,3.97,54%,2.51,67%,1.0,17,8,0
http://ufcstats.com/fighter-details/710f0f8c5d5c9d41,"Jan 31, 1991",39%,0%,4.94,5.36,44%,0.00,53%,0.0,15,5,0
http://ufcstats.com/fighter-details/103e2e33a60683e1,"Jun 27, 1990",38%,20%,3.42,5.02,45%,0.38,50%,0.4,5,4,0
http://ufcstats.com/fighter-details/d802174b0c0c1f4e,"Jun 02, 1992",52%,24%,3.52,2.49,55%,0.85,87%,0.2,22,2,1
http://ufcstats.com/fighter-details/36b8f265bcd1b7a4,"Sep 02, 1990",48%,59%,3.06,3.34,56%,2.50,100%,0.6,29,7,1
http://ufcstats.com/fighter-details/e5549c82bfb5582d,"Jul 07, 1987",61%,50%,5.01,3.72,52%,0.11,80%,0.2,13,4,0
http://ufcstats.com/fighter-details/4333a8e70a672eb7,"Aug 02, 1988",32%,75%,1.84,3.32,47%,1.02,11%,0.0,8,5,0
http://ufcstats.com/fighter-details/65f09bacd3957381,"Apr 20, 1992",45%,33%,4.92,3.72,55%,1.14,57%,0.2,18,7,0
http://ufcstats.com/fighter-details/886264a0c9f4ea5e,"Feb 17, 1990",48%,48%,2.08,2.46,51%,3.98,35%,1.1,24,8,0
http://ufcstats.com/fighter-details/3143bf892608139a,"Nov 11, 1989",57%,47%,4.41,3.12,52%,0.78,51%,0.1,17,8,0
http://ufcstats.com/fighter-details/749f572d1d3161fb,"Feb 26, 1990",40%,0%,3.88,4.33,49%,0.00,58%,0.1,15,7,0
http://ufcstats.com/fighter-details/2cfba6c837c03ed0,"Aug 16, 1993",43%,62%,5.30,7.30,43%,2.50,0%,0.0,20,3,0
http://ufcstats.com/fighter-details/4144798612ef96e5,"Nov 20, 1997",49%,36%,4.06,3.69,52%,1.38,66%,0.3,17,6,0
http://ufcstats.com/fighter-details/45f0cc9d18f35137,"Apr 22, 1991",57%,30%,4.40,2.65,63%,0.30,67%,0.1,22,7,2
http://ufcstats.com/fighter-details/a44020ea2e8cd026,"Jan 21, 1994",43%,25%,3.99,4.76,53%,0.72,66%,0.0,9,2,0
http://ufcstats.com/fighter-details/32c3ee378671a5d9,"Mar 21, 1990",59%,35%,3.04,2.71,48%,3.08,100%,1.2,13,3,0
http://ufcstats.com/fighter-details/563a1d42bb0e3cef,"Jun 18, 1996",50%,40%,0.78,1.68,48%,5.39,28%,0.0,10,4,1
http://ufcstats.com/fighter-details/4798e823ada58fe9,"Oct 30, 1995",45%,41%,3.06,3.24,50%,0.82,51%,0.3,10,5,1
http://ufcstats.com/fighter-details/4e30e4250cb08b61,"Jan 18, 1996",55%,50%,3.58,2.45,53%,1.76,70%,0.1,10,5,0
http://ufcstats.com/fighter-details/87e4a3a5080ee7ce,"Mar 05, 1997",38%,0%,3.61,15.79,33%,0.00,100%,0.0,5,3,0
http://ufcstats.com/fighter-details/528b071cf3da7c56,"Jun 11, 1993",51%,37%,4.65,3.46,51%,0.30,68%,0.6,11,5,0
http://ufcstats.com/fighter-details/723b64c0e9a8f348,"Oct 10, 1998",45%,50%,3.19,4.39,36%,0.90,81%,0.5,8,2,0
http://ufcstats.com/fighter-details/a845f0735bc67405,"Aug 19, 1994",44%,41%,3.36,2.58,60%,1.36,66%,0.7,23,8,0
http://ufcstats.com/fighter-details/b39f7a6c2be17ee8,"Jul 03, 1995",51%,36%,5.23,4.17,55%,2.45,62%,0.0,9,3,0
http://ufcstats.com/fighter-details/c5ccd878231c5407,"Jan 09, 1994",43%,0%,4.07,6.45,54%,0.00,72%,0.0,10,4,0
http://ufcstats.com/fighter-details/a9da3158dd2c2b5a,"Nov 03, 1993",59%,48%,4.25,3.08,58%,1.70,73%,0.3,14,5,0
http://ufcstats.com/fighter-details/6c3b2525436cf5d4,"Mar 08, 2000",45%,26%,4.84,3.74,48%,1.08,58%,1.4,11,1,0
http://ufcstats.com/fighter-details/70e1f8a821b72c8b,"Mar 04, 1996",52%,52%,4.15,3.65,42%,4.39,58%,2.0,14,4,2
http://ufcstats.com/fighter-details/40a456a25d52ee65,"Jan 13, 1997",47%,0%,6.23,5.50,52%,0.00,75%,0.2,14,5,0
http://ufcstats.com/fighter-details/32feae6d9a1e5047,"Oct 18, 1991",38%,33%,2.82,4.59,49%,2.90,100%,0.4,9,3,0
http://ufcstats.com/fighter-details/71505842fb6455c3,"Nov 15, 1991",46%,36%,3.40,3.26,47%,2.17,43%,1.1,17,8,0
http://ufcstats.com/fighter-details/866fd7b1a6c90e7f,"May 19, 1994",57%,24%,4.52,4.20,48%,2.03,40%,0.3,13,7,0
http://ufcstats.com/fighter-details/ae7fe94f117f98cf,"Feb 05, 1989",43%,50%,3.43,4.17,53%,0.34,70%,0.8,14,6,0
http://ufcstats.com/fighter-details/f53d4f21d1b5f2dc,"Jan 18, 1985",40%,33%,4.95,3.58,57%,1.08,58%,0.5,20,7,0
http://ufcstats.com/fighter-details/d747eb273a40a920,"Apr 21, 1996",46%,33%,1.54,2.62,48%,3.29,60%,1.0,13,5,0
http://ufcstats.com/fighter-details/c06d6b18862f9a53,"Dec 11, 1997",27%,25%,2.25,8.76,42%,3.37,66%,0.0,9,2,0
http://ufcstats.com/fighter-details/8f765fd5775a8873,"Sep 28, 1991",52%,34%,5.03,3.61,54%,3.91,91%,0.2,24,1,1
http://ufcstats.com/fighter-details/881bf86d4cba8578,"Mar 01, 1996",54%,32%,4.28,3.17,58%,0.74,81%,1.0,17,4,0
http://ufcstats.com/fighter-details/31dbfbe4e7a6727c,"Feb 21, 1995",44%,33%,6.39,5.83,55%,0.40,85%,0.8,9,2,0
http://ufcstats.com/fighter-details/2caf993f53541fa1,"Feb 20, 1991",71%,58%,5.82,3.63,45%,6.19,100%,0.0,12,3,0
http://ufcstats.com/fighter-details/eabf206b162b3b83,"Nov 27, 1987",45%,18%,2.50,3.04,43%,1.43,35%,1.3,17,10,1
http://ufcstats.com/fighter-details/ec13c393d029297d,"Mar 17, 1995",55%,100%,4.26,1.63,60%,1.16,76%,0.0,11,3,0
http://ufcstats.com/fighter-details/f748267c4ab6c127,"Sep 10, 1995",40%,0%,4.71,7.15,47%,0.00,47%,0.0,14,7,1
http://ufcstats.com/fighter-details/f14cf73e51b29254,"May 13, 1992",44%,25%,4.49,3.58,56%,0.47,75%,0.0,21,3,0
http://ufcstats.com/fighter-details/def8166ff24bd237,"Feb 21, 1991",37%,25%,3.84,6.38,49%,0.93,54%,0.9,16,5,0
http://ufcstats.com/fighter-details/7b3503352cd53abb,"Jan 24, 1989",31%,16%,1.57,6.71,30%,1.57,33%,7.9,17,10,0
http://ufcstats.com/fighter-details/d2cd7a69cc55e7ed,"Dec 22, 1991",42%,28%,3.97,4.10,55%,1.63,68%,0.1,17,10,0
http://ufcstats.com/fighter-details/02f484417a6fa69d,"Aug 10, 1994",25%,0%,2.14,3.66,44%,0.00,50%,1.7,9,1,0
http://ufcstats.com/fighter-details/a13d755965a4ec9f,"Mar 07, 2000",50%,62%,6.20,5.32,54%,1.18,85%,0.1,29,6,0
http://ufcstats.com/fighter-details/4729c93ba705a3bf,"Apr 05, 1990",64%,0%,4.46,5.80,46%,0.00,40%,0.0,10,6,0
http://ufcstats.com/fighter-details/8c1ca54b5089d199,"Dec 01, 1999",31%,0%,3.97,5.89,52%,0.00,47%,0.2,12,5,0
http://ufcstats.com/fighter-details/7498b3ac79a3b948,"Jan 12, 2001",53%,33%,9.82,5.01,58%,1.47,100%,0.0,12,1,0
http://ufcstats.com/fighter-details/8a65fd9ba31fd3f7,"Aug 16, 1998",58%,0%,7.01,5.55,43%,0.00,75%,0.0,19,8,0
http://ufcstats.com/fighter-details/a78f7a9135eb6249,"May 30, 1995",40%,0%,3.82,3.82,52%,0.00,0%,0.0,8,2,0
http://ufcstats.com/fighter-details/d683f4870742b273,"Nov 14, 1994",37%,36%,3.09,2.92,52%,1.02,60%,0.2,18,6,0
http://ufcstats.com/fighter-details/7cbf7c78d3b34218,"Mar 09, 1988",54%,26%,4.01,3.71,48%,1.37,70%,0.0,16,4,1
http://ufcstats.com/fighter-details/13a0275fa13c4d26,"Mar 16, 1984",49%,45%,4.25,4.36,55%,0.77,64%,0.0,18,10,0
http://ufcstats.com/fighter-details/0d7b51c9d2649a6e,"Jan 14, 1994",48%,48%,5.21,4.24,54%,1.90,50%,0.6,24,3,0
http://ufcstats.com/fighter-details/6a1901c62ab3870f,"Sep 25, 1991",48%,54%,6.37,5.58,54%,2.10,75%,0.3,26,15,0
http://ufcstats.com/fighter-details/64b12fe31be7560c,"Sep 13, 1997",34%,0%,1.68,2.59,44%,0.00,44%,0.0,8,5,0
http://ufcstats.com/fighter-details/d33da8a3d82bdb62,"Oct 31, 1993",39%,0%,3.07,3.15,51%,0.00,50%,0.0,23,6,0
http://ufcstats.com/fighter-details/148bb103cfbf123e,"May 15, 1997",53%,16%,1.49,4.56,38%,1.94,66%,1.0,11,5,0
http://ufcstats.com/fighter-details/a78a87d8c2bbb1cb,"Apr 08, 1993",38%,20%,2.74,4.45,46%,0.78,54%,1.4,11,10,2
http://ufcstats.com/fighter-details/5ec591b78349ba7e,"Dec 17, 1997",50%,40%,3.90,2.94,56%,1.81,67%,1.1,13,4,0
http://ufcstats.com/fighter-details/b12fb759e02378de,"Apr 05, 1996",57%,44%,6.68,4.72,47%,2.73,0%,0.7,8,5,0
http://ufcstats.com/fighter-details/abcf2cc6efc42031,"Jan 08, 2002",45%,55%,3.22,2.80,62%,2.28,68%,0.1,18,6,0
http://ufcstats.com/fighter-details/351c4ec637380ad5,"Dec 30, 1994",55%,48%,5.47,4.28,49%,1.08,72%,0.1,19,8,0
http://ufcstats.com/fighter-details/d8c811df0386d5e8,"Mar 23, 1995",52%,81%,3.27,1.72,63%,2.58,100%,1.4,10,1,0
http://ufcstats.com/fighter-details/d3f89fa685bd8420,"Sep 29, 2001",42%,35%,1.89,2.34,52%,6.09,63%,1.4,14,2,0
http://ufcstats.com/fighter-details/48a9a128784d53d1,"Sep 27, 1997",47%,16%,4.76,5.86,50%,0.99,76%,0.0,16,6,0
http://ufcstats.com/fighter-details/8adcbd525fab8d9b,"Dec 11, 1986",41%,20%,4.16,3.56,55%,0.79,67%,0.4,25,10,1
http://ufcstats.com/fighter-details/a2d342ffc83913ed,"Jan 03, 1998",59%,38%,3.41,2.16,57%,3.37,50%,0.7,9,3,0
http://ufcstats.com/fighter-details/7eaa5e31c2dd86aa,"Sep 08, 1995",56%,35%,2.51,3.41,39%,5.79,66%,1.9,6,3,0
http://ufcstats.com/fighter-details/da22387a0407a2dc,"Aug 12, 1994",45%,33%,4.33,4.19,52%,1.48,71%,1.5,17,8,1
http://ufcstats.com/fighter-details/06734ca9d88dec3a,"May 16, 1994",62%,0%,5.55,3.62,45%,0.00,73%,0.0,17,1,0
http://ufcstats.com/fighter-details/69037fc7730e4225,"May 19, 1993",42%,100%,7.47,7.10,60%,0.24,88%,0.0,10,2,0
http://ufcstats.com/fighter-details/0fd5f4b838e890cc,"Apr 05, 1992",48%,15%,3.08,2.05,55%,0.86,63%,1.1,18,5,0
http://ufcstats.com/fighter-details/beecb672a279223e,"Aug 26, 1993",39%,52%,4.26,3.29,60%,2.05,82%,0.6,13,7,0
http://ufcstats.com/fighter-details/e1147d3d2dabe1ce,"Dec 20, 1990",43%,38%,4.41,3.40,59%,0.71,80%,0.0,28,9,0
http://ufcstats.com/fighter-details/d9c6f19f958643e9,"Oct 04, 1994",59%,36%,2.19,1.51,58%,3.12,38%,1.3,19,4,0
http://ufcstats.com/fighter-details/8eb046f83e82bf26,"Nov 11, 1991",53%,20%,4.39,4.49,55%,0.15,93%,0.1,16,2,0
http://ufcstats.com/fighter-details/c0ac37a4a1133da9,"May 07, 1990",43%,11%,5.44,3.64,56%,0.24,90%,0.2,11,2,0
http://ufcstats.com/fighter-details/3753714927f18437,"May 23, 1994",39%,20%,3.50,6.39,43%,0.50,42%,0.5,12,6,0
http://ufcstats.com/fighter-details/0c25d0a5e8cdbf19,"May 17, 1992",50%,33%,4.90,3.65,54%,0.41,35%,0.4,9,7,1
http://ufcstats.com/fighter-details/e803242fb2e41112,"Aug 02, 1998",54%,100%,8.78,4.24,50%,2.20,100%,0.0,12,1,0
http://ufcstats.com/fighter-details/6370c1c1e12723d5,"Jul 14, 1988",54%,20%,5.52,3.15,54%,0.14,53%,0.0,17,9,0
http://ufcstats.com/fighter-details/8a1f3b5c526cd6e6,"Dec 31, 1986",49%,50%,7.19,5.44,57%,0.51,64%,0.1,20,6,0
http://ufcstats.com/fighter-details/029eaff01e6bb8f0,"Jan 19, 1989",50%,35%,5.24,4.57,52%,1.15,64%,1.2,30,10,0
http://ufcstats.com/fighter-details/751de04455cfaac0,"Mar 26, 1988",37%,29%,4.41,6.55,54%,0.34,77%,0.1,23,10,0
http://ufcstats.com/fighter-details/4a28cb716c19157a,"Feb 11, 1983",46%,35%,4.05,3.00,54%,0.23,63%,0.0,17,9,1
http://ufcstats.com/fighter-details/e99eb0ef25885de5,"Nov 03, 1992",44%,33%,3.27,3.77,38%,0.54,33%,0.0,8,4,0
http://ufcstats.com/fighter-details/729d4bd5a6cd0a97,"Jul 27, 1983",38%,24%,3.94,5.19,56%,1.09,67%,0.2,16,7,0
http://ufcstats.com/fighter-details/3f4c3bc822bea45d,"Aug 18, 1997",47%,50%,3.78,5.21,53%,0.35,50%,0.0,8,2,0
http://ufcstats.com/fighter-details/fb3e61720be4690c,"Oct 07, 1992",53%,44%,4.30,4.66,54%,2.09,52%,0.9,12,4,0
http://ufcstats.com/fighter-details/c8661e204c66f325,--,0%,0%,0.00,0.00,0%,0.00,0%,0.0,2,0,0
http://ufcstats.com/fighter-details/54f64b5e283b0ce7,"Jan 21, 1997",50%,57%,4.82,3.97,62%,1.73,95%,0.9,17,1,0
http://ufcstats.com/fighter-details/853eb0dd5c0e2149,"Mar 26, 1993",40%,30%,4.46,3.24,64%,0.56,83%,0.0,25,12,0
http://ufcstats.com/fighter-details/9256f591b30c073e,"May 07, 1998",47%,33%,4.09,2.77,67%,2.13,90%,0.5,15,2,0
http://ufcstats.com/fighter-details/ab2a4b5e04dc5fe9,"Oct 20, 1991",32%,10%,5.58,7.62,38%,0.90,0%,0.0,7,2,0
http://ufcstats.com/fighter-details/36541f1e6c5d4955,"Nov 21, 1986",47%,43%,3.84,4.83,55%,1.72,75%,0.6,13,7,0
http://ufcstats.com/fighter-details/da7f113b5ea39c43,"Apr 01, 1989",39%,14%,3.85,4.27,51%,0.56,66%,0.0,12,4,0
http://ufcstats.com/fighter-details/5444c5a201d3ee5a,"May 19, 1991",51%,0%,6.19,4.03,44%,0.00,73%,0.0,12,4,0
http://ufcstats.com/fighter-details/37f560436d745c18,"Feb 08, 1993",38%,0%,4.13,5.28,52%,0.00,83%,0.0,15,6,0
http://ufcstats.com/fighter-details/bd532e9a2b93870c,"Jul 23, 1991",49%,46%,3.67,4.15,53%,2.20,85%,0.0,7,3,0
http://ufcstats.com/fighter-details/2c483cf443f38ece,"Sep 22, 1988",39%,9%,3.37,5.39,41%,0.32,26%,0.4,11,8,0
http://ufcstats.com/fighter-details/5c84f673b7bb7c15,"Sep 17, 1997",37%,0%,3.97,3.57,58%,0.00,62%,0.0,12,7,0
http://ufcstats.com/fighter-details/f29a6350c69f4a33,"Jul 01, 1997",44%,40%,3.22,2.25,61%,2.16,45%,0.4,17,6,0
http://ufcstats.com/fighter-details/f1b2aa7853d1ed6e,"May 11, 1987",50%,42%,4.13,2.86,54%,2.60,90%,0.1,21,5,0
http://ufcstats.com/fighter-details/523fa774700d7d3f,"Dec 12, 1984",36%,24%,4.50,3.65,60%,1.78,70%,0.5,23,14,0
http://ufcstats.com/fighter-details/1497e735d9f2560a,"Mar 18, 1993",46%,39%,5.46,6.59,52%,2.53,83%,0.2,10,5,0
http://ufcstats.com/fighter-details/57186c150c645200,"Jan 01, 1995",50%,80%,2.75,2.82,40%,2.17,66%,0.5,14,5,0
http://ufcstats.com/fighter-details/001eb2ab0f30e7ea,"Oct 22, 1995",50%,18%,3.87,7.33,33%,2.00,0%,0.0,8,1,0
http://ufcstats.com/fighter-details/c739c2995a275314,"Mar 31, 1995",50%,38%,2.88,4.78,50%,3.24,64%,0.0,8,2,0
http://ufcstats.com/fighter-details/6551c64fbcd1a467,"Jan 26, 1994",41%,38%,4.05,4.40,50%,0.47,68%,0.3,17,11,0
http://ufcstats.com/fighter-details/3253b16d38ae087d,"Aug 19, 1989",44%,54%,3.10,2.56,57%,1.70,24%,0.8,13,6,0
http://ufcstats.com/fighter-details/1af1170ed937cba7,"Jul 02, 1990",62%,37%,4.29,1.10,66%,2.84,100%,0.9,19,1,0
http://ufcstats.com/fighter-details/a7151778b3381036,"Sep 08, 1986",44%,33%,4.58,4.24,49%,0.65,38%,0.8,22,10,0
http://ufcstats.com/fighter-details/02bb48869eb7ac8f,"Jun 08, 1995",40%,14%,4.57,6.47,59%,0.50,80%,0.0,14,9,0
http://ufcstats.com/fighter-details/fa07345cc9db5cc9,"Jun 18, 1998",46%,11%,6.06,7.29,51%,1.25,66%,0.0,9,5,0
http://ufcstats.com/fighter-details/5eb50529a8418b77,"May 02, 1993",45%,50%,5.60,6.19,47%,0.71,50%,0.5,12,5,0
http://ufcstats.com/fighter-details/ac7c765882f2c68c,"Dec 05, 1992",52%,60%,3.50,4.16,48%,0.41,52%,0.0,8,6,0
http://ufcstats.com/fighter-details/798e48f9e7f6ba22,"Oct 25, 1993",45%,21%,3.83,3.50,50%,1.56,65%,0.2,10,5,0
http://ufcstats.com/fighter-details/36e78278a77006d4,"May 31, 1992",43%,55%,4.82,6.06,55%,3.24,46%,0.7,7,4,0
http://ufcstats.com/fighter-details/94426bb170c88115,"May 19, 1993",49%,23%,5.27,4.29,53%,0.36,62%,0.4,13,5,0
http://ufcstats.com/fighter-details/49d2a08964c5eb11,"Nov 19, 1993",44%,75%,1.91,2.20,50%,1.52,45%,0.2,37,10,2
http://ufcstats.com/fighter-details/a3a542074109b347,"Nov 18, 1992",39%,37%,3.29,4.06,60%,2.33,71%,0.2,11,5,0
http://ufcstats.com/fighter-details/d0f3959b4a9747e6,"Sep 09, 1986",46%,51%,3.65,3.81,60%,0.47,92%,0.1,32,10,0
http://ufcstats.com/fighter-details/7b433309b0fd12aa,"Dec 19, 1991",52%,34%,4.81,4.75,50%,1.86,61%,0.0,16,5,0
http://ufcstats.com/fighter-details/d008d785f6347dc2,"Nov 13, 1995",49%,66%,3.38,3.82,50%,0.63,72%,0.3,11,3,0
http://ufcstats.com/fighter-details/1a2bf44edb8055b6,"Jul 04, 1996",39%,25%,4.49,4.26,54%,1.58,20%,1.3,12,2,0
http://ufcstats.com/fighter-details/38c5817ade8a8014,"Jun 11, 1994",41%,38%,1.91,2.05,56%,2.12,61%,0.8,7,3,0
http://ufcstats.com/fighter-details/b96619b3acd7d9da,"Aug 18, 1986",44%,30%,2.62,3.05,51%,1.97,56%,1.2,20,10,0
http://ufcstats.com/fighter-details/6d1bffff14897645,"Sep 26, 1986",40%,26%,4.67,4.79,61%,0.58,71%,0.0,31,10,0
http://ufcstats.com/fighter-details/cd2c4d30c6e13b47,"Apr 29, 1987",46%,50%,4.51,3.01,55%,0.27,61%,0.3,17,6,2
http://ufcstats.com/fighter-details/96924b0019b3aff1,"Sep 14, 1992",47%,75%,3.91,3.54,54%,0.75,50%,0.0,9,5,0
http://ufcstats.com/fighter-details/1a9480fc288e55d7,"Jan 16, 1992",43%,38%,3.22,3.61,46%,0.59,46%,0.0,11,9,0
http://ufcstats.com/fighter-details/d9a56ecb6e94f02e,"Apr 11, 1997",50%,15%,5.66,4.94,57%,0.48,40%,0.5,10,2,0
http://ufcstats.com/fighter-details/09e62c450e754913,"Sep 07, 1990",50%,33%,1.67,4.70,43%,2.36,0%,3.5,17,9,0
http://ufcstats.com/fighter-details/d4c9dcd330403612,"Jul 26, 1988",49%,22%,3.19,5.04,44%,0.44,50%,0.6,38,22,0
http://ufcstats.com/fighter-details/1897b7b913736a7c,"Dec 14, 1991",32%,43%,2.82,5.12,57%,1.74,75%,0.0,17,10,2
http://ufcstats.com/fighter-details/3c8a5200436e19f3,"Dec 20, 2000",46%,28%,5.30,4.14,51%,0.89,47%,0.7,9,3,0
http://ufcstats.com/fighter-details/15ea371202eb25e1,"Jan 30, 2000",49%,0%,4.56,6.44,44%,0.00,71%,0.0,8,5,1
http://ufcstats.com/fighter-details/af9efbfd63d39734,"Nov 23, 1990",45%,60%,3.52,4.27,40%,0.81,25%,0.3,7,4,0
http://ufcstats.com/fighter-details/4682bc59d5f55145,"Jun 07, 1992",46%,45%,5.39,4.04,58%,0.52,85%,0.3,14,2,1
http://ufcstats.com/fighter-details/c41d426cc7326d1b,"Jun 16, 1989",44%,73%,4.67,3.24,60%,0.82,64%,0.0,19,6,0
http://ufcstats.com/fighter-details/4b93a88f3b1de35b,"Apr 24, 1986",49%,37%,3.91,4.51,43%,1.88,61%,0.5,23,11,0
http://ufcstats.com/fighter-details/92a9aa9c93192871,"May 16, 1984",38%,33%,3.39,3.34,51%,2.86,56%,1.1,29,13,0
http://ufcstats.com/fighter-details/cbf5e6f231b55443,"Oct 06, 1992",46%,29%,4.65,3.78,52%,0.71,59%,0.6,21,6,0
http://ufcstats.com/fighter-details/efc67b07eed39794,"Jul 23, 1992",47%,0%,4.28,4.07,59%,0.00,47%,0.0,6,6,0
http://ufcstats.com/fighter-details/8173f134396cb971,"Jan 06, 1994",38%,66%,1.91,3.46,39%,2.29,64%,0.8,9,4,0
http://ufcstats.com/fighter-details/f7be1db194e03d7e,"Jul 30, 1992",48%,25%,3.21,3.39,50%,2.73,66%,0.0,16,5,0
http://ufcstats.com/fighter-details/d7e40dca3ae125be,"Jun 26, 1996",41%,62%,6.45,6.55,51%,0.86,64%,0.0,15,10,0
http://ufcstats.com/fighter-details/eb8d8c2a95cfccb8,"May 04, 1987",53%,42%,7.17,5.19,48%,1.04,81%,0.3,25,7,0
http://ufcstats.com/fighter-details/b909a9a9688b5284,"Mar 25, 1990",43%,38%,3.23,6.01,37%,4.75,0%,1.9,17,8,0
http://ufcstats.com/fighter-details/077e3ace32b72be9,"Jun 18, 1991",56%,0%,5.02,4.69,53%,0.00,60%,0.2,12,7,1
http://ufcstats.com/fighter-details/c77a953488e5607d,"Nov 23, 1982",46%,51%,3.78,3.17,54%,2.50,31%,0.2,14,5,0
http://ufcstats.com/fighter-details/f2900678e98f6d6a,"May 07, 1999",43%,36%,2.71,3.80,44%,1.09,64%,0.8,17,3,0
http://ufcstats.com/fighter-details/42ac4020cba261ad,"May 18, 1996",42%,34%,4.73,5.20,52%,3.00,87%,0.0,10,2,0
http://ufcstats.com/fighter-details/7772b283d288dbe2,"Jan 08, 1992",45%,15%,3.53,4.22,54%,0.61,75%,0.0,13,5,0
http://ufcstats.com/fighter-details/fd55393021a8c255,"Jul 28, 1988",61%,52%,1.77,3.06,48%,2.00,68%,1.0,19,6,1
http://ufcstats.com/fighter-details/0d5cc0170c1a7e71,"Oct 02, 1995",50%,46%,4.70,4.13,58%,1.38,50%,0.2,10,1,0
http://ufcstats.com/fighter-details/19f8a2f6eecd92ac,"Dec 05, 1993",49%,0%,5.27,5.42,46%,0.00,75%,0.0,9,6,0
http://ufcstats.com/fighter-details/5cdf5339728f580d,"Sep 11, 2000",39%,0%,3.75,3.80,41%,0.00,20%,0.5,8,3,0
http://ufcstats.com/fighter-details/51018a31ddf31eb2,"May 04, 1990",49%,36%,5.28,4.65,62%,1.78,38%,0.5,14,8,0
http://ufcstats.com/fighter-details/6d38e41efa47a72d,"Mar 02, 1996",45%,14%,2.11,1.90,58%,0.63,44%,0.0,13,4,0
http://ufcstats.com/fighter-details/a68575214ecad140,"Nov 03, 1992",38%,54%,3.56,3.16,47%,0.83,70%,0.0,11,8,0
http://ufcstats.com/fighter-details/68d35296f566792b,"Dec 23, 1993",43%,0%,5.65,5.76,51%,0.00,58%,0.0,10,4,0
http://ufcstats.com/fighter-details/b1f21ce050035d58,"Feb 04, 1999",57%,60%,3.89,2.83,59%,0.96,76%,1.0,12,1,0
http://ufcstats.com/fighter-details/c3d2b9bcb4cead6b,"Jul 08, 1996",52%,50%,5.65,5.31,42%,1.68,50%,0.0,6,2,0
http://ufcstats.com/fighter-details/d1053e55f00e53fe,"Sep 07, 1994",29%,0%,4.22,6.31,48%,0.00,46%,0.5,11,5,0
http://ufcstats.com/fighter-details/07f959e6596307bb,"Nov 05, 1987",57%,0%,1.53,2.79,49%,0.00,25%,1.6,12,4,0
http://ufcstats.com/fighter-details/369ea36e450ae62a,"Nov 03, 1990",53%,33%,5.84,3.31,53%,0.17,41%,0.0,9,5,0
http://ufcstats.com/fighter-details/2f43a3e82661fa99,"Jun 22, 2002",54%,37%,2.85,1.79,43%,5.17,50%,2.1,12,1,0
http://ufcstats.com/fighter-details/05fa626cb33d15b8,"Feb 11, 1989",45%,52%,4.62,3.91,61%,1.65,53%,0.6,13,11,0
http://ufcstats.com/fighter-details/d0e1b42d41dab603,"May 08, 1990",45%,0%,5.06,5.35,50%,0.00,54%,2.6,9,6,0
http://ufcstats.com/fighter-details/7d0a1968b38ca439,"Jan 31, 1997",41%,50%,4.73,3.65,62%,0.68,100%,0.0,20,3,0
http://ufcstats.com/fighter-details/a52bc1e62cf0b7c6,"Jan 28, 1992",58%,0%,4.98,3.15,56%,0.00,70%,0.0,8,4,0
http://ufcstats.com/fighter-details/a817e238b2747404,"Jan 14, 2000",38%,38%,1.06,1.80,42%,1.93,76%,0.4,7,5,0
http://ufcstats.com/fighter-details/86d9dbe1bfcbade7,"May 11, 1988",42%,37%,2.81,3.28,55%,0.63,52%,0.2,9,4,0
http://ufcstats.com/fighter-details/dda15dbfafb792df,"May 02, 1993",51%,40%,6.61,6.49,50%,0.69,100%,0.3,10,4,0
http://ufcstats.com/fighter-details/e13abac8089a801a,"Dec 13, 1993",54%,0%,4.05,5.11,47%,0.00,53%,0.0,7,5,0
http://ufcstats.com/fighter-details/f2f140ce7532e327,"Nov 28, 1996",60%,54%,4.35,4.31,45%,3.80,87%,1.2,12,2,0
http://ufcstats.com/fighter-details/a72a2a769fa5a2be,"Jan 13, 1995",46%,18%,6.42,5.72,50%,0.81,63%,0.4,7,2,0
http://ufcstats.com/fighter-details/2cd428e9606856fd,"Mar 17, 1988",48%,0%,3.48,2.63,52%,0.00,72%,0.0,15,6,0
http://ufcstats.com/fighter-details/38c626ca912c7bac,"Aug 08, 1986",47%,54%,3.34,3.74,59%,0.91,34%,0.1,14,8,0
http://ufcstats.com/fighter-details/11583163f45c7b31,"Jul 28, 1995",57%,0%,4.69,2.87,56%,0.00,60%,0.0,8,5,0
http://ufcstats.com/fighter-details/f41b9f5efc7162d6,"Dec 01, 1995",46%,46%,3.57,3.97,49%,2.00,70%,0.0,11,5,0
http://ufcstats.com/fighter-details/af65aa688d13eedf,"Aug 27, 1993",53%,48%,1.97,1.85,50%,2.06,14%,1.4,13,6,0
http://ufcstats.com/fighter-details/a53d30163304aa6e,"Jul 09, 1987",42%,20%,3.34,3.50,51%,1.13,55%,0.5,19,8,0
http://ufcstats.com/fighter-details/84f727cf0166d6f2,"May 20, 1995",57%,60%,2.27,1.61,53%,0.69,41%,0.7,16,10,0
http://ufcstats.com/fighter-details/260bd4cef10b033f,"May 29, 1996",50%,18%,4.44,4.96,50%,0.73,66%,0.0,20,8,0
http://ufcstats.com/fighter-details/eae431e70064e046,"Aug 11, 1985",49%,33%,3.64,4.01,54%,0.84,51%,0.2,12,7,0
http://ufcstats.com/fighter-details/9fe7af8b3fbe00a0,"Jul 15, 1995",51%,36%,3.54,3.25,54%,3.46,71%,2.3,11,6,0
http://ufcstats.com/fighter-details/cfc3e7bb44685289,"Nov 14, 1989",50%,32%,3.20,3.49,55%,1.89,100%,0.7,18,7,0
http://ufcstats.com/fighter-details/6e344b71421103da,"Nov 04, 1993",49%,73%,2.89,1.64,62%,3.67,61%,0.0,9,1,0
http://ufcstats.com/fighter-details/6c9b66b43663f2f7,"Jan 26, 1999",47%,35%,2.87,3.40,50%,2.73,33%,0.0,8,2,0
http://ufcstats.com/fighter-details/d2f43cfaf8ca3560,"Dec 15, 1996",40%,0%,6.07,5.74,52%,0.00,100%,0.6,16,6,0
http://ufcstats.com/fighter-details/971dba22c622af12,"Jan 16, 1996",51%,72%,4.24,2.13,54%,1.60,35%,0.0,8,1,0
http://ufcstats.com/fighter-details/dc9572dd6ec74859,"Feb 22, 1988",38%,42%,3.81,3.09,54%,3.64,68%,0.2,17,5,0
http://ufcstats.com/fighter-details/aa171d55d4b5208f,"Dec 08, 1988",52%,24%,7.18,6.02,44%,1.42,60%,0.9,18,8,0
http://ufcstats.com/fighter-details/ee18ff42063174df,"Feb 20, 1990",44%,0%,4.43,4.11,52%,0.00,100%,0.0,13,3,0
http://ufcstats.com/fighter-details/f626118b6da0e020,"Sep 21, 1994",52%,17%,5.12,4.11,44%,0.77,53%,0.4,13,2,0
http://ufcstats.com/fighter-details/242d36d241b43c12,"Jul 11, 1988",42%,25%,2.95,5.73,51%,0.35,0%,0.7,5,3,0
http://ufcstats.com/fighter-details/3a8176e15b9887c1,"Jun 17, 1984",45%,42%,3.11,3.37,51%,3.27,72%,0.8,16,8,0
http://ufcstats.com/fighter-details/01afe0916a40c7c5,"Oct 23, 1994",60%,25%,3.25,2.17,51%,1.40,85%,1.2,19,0,0
http://ufcstats.com/fighter-details/c47df9303d318c67,"Dec 08, 1981",33%,35%,2.63,3.00,61%,3.10,66%,0.6,38,22,0
http://ufcstats.com/fighter-details/32490e80ddab1e5a,"Mar 10, 1990",46%,30%,4.49,5.82,51%,0.42,73%,0.0,22,9,0
http://ufcstats.com/fighter-details/296a120cb880477b,"May 28, 1995",52%,33%,4.05,2.64,41%,0.92,50%,0.5,12,3,0
http://ufcstats.com/fighter-details/8677e67a75d65b8e,"Nov 24, 1995",35%,38%,1.61,2.62,52%,1.73,78%,0.2,18,7,0
http://ufcstats.com/fighter-details/c940b42df95bbd28,"Oct 27, 2001",49%,100%,4.30,1.67,66%,0.67,63%,0.0,11,5,0
http://ufcstats.com/fighter-details/3be16d817b36098b,"Jan 02, 1999",66%,14%,4.54,3.13,58%,0.46,81%,0.0,9,0,0
http://ufcstats.com/fighter-details/93b2b7caa457cbea,"Aug 02, 1999",41%,0%,5.57,4.12,57%,0.00,54%,0.0,14,5,0
http://ufcstats.com/fighter-details/9e50097a89442158,"Jan 22, 1992",49%,32%,3.50,4.72,49%,1.15,37%,1.6,7,7,0
http://ufcstats.com/fighter-details/f2477cf43c4975cc,"Apr 20, 1994",49%,35%,4.44,4.09,56%,0.38,68%,0.1,19,6,0
http://ufcstats.com/fighter-details/d28dee5c705991df,"Aug 19, 1982",52%,34%,4.67,4.01,52%,1.74,65%,0.0,20,5,0
http://ufcstats.com/fighter-details/29af297d9f1de0f8,"Aug 08, 1988",42%,32%,2.96,3.47,49%,2.30,37%,1.2,23,8,1
http://ufcstats.com/fighter-details/f4d92416da98804b,"Jan 31, 1992",38%,24%,3.71,5.68,41%,2.21,50%,0.0,9,4,1
http://ufcstats.com/fighter-details/07f72a2a7591b409,"Jul 19, 1987",58%,45%,4.38,2.24,64%,1.89,95%,0.5,28,1,0
http://ufcstats.com/fighter-details/bf7ad5628363eec9,"Nov 09, 1989",46%,37%,4.32,3.91,60%,2.17,76%,0.0,21,8,1
http://ufcstats.com/fighter-details/03dee485905dbc9f,"Mar 09, 1996",37%,0%,2.40,8.80,68%,0.00,0%,0.0,7,1,0
http://ufcstats.com/fighter-details/4aa58269d0664b5b,"Nov 23, 1992",42%,57%,3.77,4.24,54%,1.01,45%,0.4,11,8,0
http://ufcstats.com/fighter-details/d31a5546c0e9b213,"Nov 26, 1992",47%,37%,3.71,4.34,44%,1.02,60%,0.5,11,3,0
http://ufcstats.com/fighter-details/b8a85389d115e35a,"Feb 06, 1995",58%,39%,3.60,2.31,56%,3.22,74%,0.6,17,3,0
http://ufcstats.com/fighter-details/c7c39e2fb70248b3,"Dec 01, 1986",46%,30%,3.11,2.76,53%,0.68,38%,0.5,13,8,0
http://ufcstats.com/fighter-details/1effd880e1f1bb30,"Oct 09, 1996",53%,50%,5.35,3.64,56%,1.10,64%,0.6,10,5,0
http://ufcstats.com/fighter-details/c0badf3243907e59,"Dec 11, 1990",51%,55%,3.78,2.13,54%,4.49,28%,0.9,18,3,0
http://ufcstats.com/fighter-details/89839250eb25c9c1,"Jul 20, 1994",53%,0%,5.82,2.87,63%,0.00,82%,0.0,8,4,1
http://ufcstats.com/fighter-details/6bd02119599741a4,"Sep 07, 1986",41%,16%,5.38,6.29,55%,0.48,82%,0.5,20,10,0
http://ufcstats.com/fighter-details/b27a1fcb56a3035a,"Aug 06, 1992",54%,50%,3.17,2.39,58%,1.07,72%,0.3,16,7,0
http://ufcstats.com/fighter-details/f264ba50b007f39e,"Nov 22, 1992",44%,33%,3.27,2.95,56%,0.81,73%,1.2,25,5,0
http://ufcstats.com/fighter-details/6a2f7c151031653d,"Oct 26, 1984",47%,35%,3.48,3.23,60%,1.95,54%,0.6,32,17,0
http://ufcstats.com/fighter-details/4f3064faf17aa711,"Jul 27, 1998",53%,0%,2.91,4.46,49%,0.00,35%,0.7,7,4,0
http://ufcstats.com/fighter-details/140567899d98978a,"Aug 09, 1988",53%,100%,2.08,2.38,49%,0.66,61%,0.0,7,2,0
http://ufcstats.com/fighter-details/c742287ed86a09bc,"Jan 30, 1983",33%,18%,2.63,5.05,45%,1.29,36%,0.5,14,9,0
http://ufcstats.com/fighter-details/1a31ef98efce7a79,"Jan 06, 1993",51%,43%,3.31,2.98,65%,1.22,90%,0.8,19,6,1
http://ufcstats.com/fighter-details/361d49960a196976,"Aug 06, 1985",49%,24%,2.85,3.26,45%,1.42,54%,1.5,28,17,0
http://ufcstats.com/fighter-details/60a42bf82447c919,"Aug 03, 1996",43%,11%,3.80,4.16,61%,0.33,54%,1.1,11,4,0
http://ufcstats.com/fighter-details/87c0b1c696ddfb43,"May 01, 1992",54%,50%,5.12,3.32,54%,5.02,55%,0.8,14,7,0
http://ufcstats.com/fighter-details/e4ba58725825412d,"Aug 13, 1993",43%,35%,2.48,3.44,50%,4.36,55%,1.4,9,3,0
http://ufcstats.com/fighter-details/8e6654e9f0461b8f,"Sep 08, 1998",56%,35%,8.84,2.72,62%,2.96,83%,0.6,9,1,0
http://ufcstats.com/fighter-details/c730a0be691dc081,"Dec 05, 1993",48%,45%,4.40,6.74,45%,0.91,65%,0.4,23,10,0
http://ufcstats.com/fighter-details/3351aa64aa83c4d9,"Jul 11, 1999",38%,47%,2.94,3.68,46%,2.00,75%,0.4,8,4,0
http://ufcstats.com/fighter-details/d910665038efc639,"Oct 10, 1987",39%,36%,2.19,2.87,54%,3.28,47%,0.3,20,8,0
http://ufcstats.com/fighter-details/fc169c387b4b465d,"Sep 05, 1988",49%,27%,4.10,3.32,61%,0.83,62%,0.6,16,10,0
http://ufcstats.com/fighter-details/4b47e71384a9522f,"Feb 20, 1984",49%,40%,5.04,3.65,60%,1.14,64%,0.2,33,17,1
http://ufcstats.com/fighter-details/50db8711c70196cd,"Apr 08, 1983",47%,36%,3.03,3.33,47%,1.09,67%,0.5,27,18,0
http://ufcstats.com/fighter-details/74f9448b97bf8bec,"Dec 07, 1993",40%,47%,3.24,4.23,49%,1.59,75%,0.2,15,6,1
http://ufcstats.com/fighter-details/8b1ed83b02303075,"Apr 08, 1992",48%,33%,4.59,2.61,62%,0.27,77%,0.3,21,4,0
http://ufcstats.com/fighter-details/37c5366d18ed6c05,"Feb 11, 1994",43%,26%,2.84,3.10,52%,1.18,50%,0.7,12,6,0
http://ufcstats.com/fighter-details/dc7927cd622676a7,"Jan 23, 1991",53%,38%,4.58,3.82,53%,2.88,63%,0.0,12,5,0
http://ufcstats.com/fighter-details/578ef12674df1e6a,"Mar 26, 1988",39%,50%,5.19,6.64,56%,0.15,77%,0.2,15,8,0
http://ufcstats.com/fighter-details/40cb680ae1cd331f,"Feb 28, 1999",39%,0%,6.64,5.25,54%,0.00,100%,0.0,11,2,0
http://ufcstats.com/fighter-details/d7fe8c6b7d2872e5,"Jan 12, 1996",50%,0%,0.41,5.70,28%,0.00,0%,0.0,8,3,0
http://ufcstats.com/fighter-details/641ca2c2ed91b93c,"Dec 27, 1996",60%,0%,0.96,2.25,30%,0.00,33%,2.4,9,3,0
http://ufcstats.com/fighter-details/0bc697c5936a2d0a,"Jan 09, 1995",52%,50%,3.86,3.80,41%,1.23,50%,0.0,9,4,0
http://ufcstats.com/fighter-details/9dedfdd91070ddd8,"Feb 16, 1990",38%,27%,3.22,4.81,47%,1.57,71%,0.0,9,7,0
http://ufcstats.com/fighter-details/4f140403000158b5,"Feb 02, 1988",36%,34%,1.86,5.17,41%,2.94,66%,1.8,11,6,0
http://ufcstats.com/fighter-details/6751eacd16bd59bc,"May 24, 1994",44%,0%,3.41,3.04,59%,0.00,65%,0.3,11,4,1
http://ufcstats.com/fighter-details/e64b96c07d7ce999,"Mar 20, 1988",42%,41%,4.46,3.95,56%,1.19,60%,0.0,19,9,0
http://ufcstats.com/fighter-details/dc07493a87dc0a6e,"Oct 02, 1986",46%,28%,4.46,6.92,48%,1.50,0%,0.0,13,5,0
http://ufcstats.com/fighter-details/814ff3018127e8fc,"Apr 12, 1989",42%,13%,3.79,4.30,51%,0.72,69%,0.4,22,9,2
http://ufcstats.com/fighter-details/082eba4cd80f736f,"Nov 17, 1994",44%,0%,3.29,3.29,61%,0.00,33%,0.3,14,6,1
http://ufcstats.com/fighter-details/68b8ebdfce9dbb61,"Mar 31, 1992",48%,80%,2.62,3.97,46%,2.62,90%,0.0,8,5,0
http://ufcstats.com/fighter-details/91dac5e69e28d5b5,"Dec 08, 1991",49%,33%,4.88,4.09,51%,0.41,65%,0.1,17,9,0
http://ufcstats.com/fighter-details/d35f734c56a89103,"Jan 06, 1990",48%,48%,2.68,2.15,55%,4.20,100%,0.2,10,2,0
http://ufcstats.com/fighter-details/22a92d7f62195791,"Feb 12, 1984",45%,35%,4.91,4.37,55%,0.39,66%,0.9,26,11,0
http://ufcstats.com/fighter-details/0112352cb32f5026,"May 17, 1988",41%,42%,3.61,5.23,38%,0.96,72%,0.0,10,10,0
http://ufcstats.com/fighter-details/75353550928a7921,"Jul 30, 2000",45%,41%,1.61,1.35,57%,5.29,25%,0.8,13,0,0
http://ufcstats.com/fighter-details/9abc648e76c4493a,"Jun 09, 1989",51%,50%,5.88,4.38,47%,1.03,55%,0.1,18,9,0
http://ufcstats.com/fighter-details/7be14eaed4c74856,"Aug 19, 1986",41%,41%,3.31,4.59,54%,1.68,60%,0.7,24,16,0
http://ufcstats.com/fighter-details/3cf66c62d9069f43,"Jun 13, 1994",37%,31%,3.60,4.07,50%,0.70,67%,0.6,14,10,0
http://ufcstats.com/fighter-details/ca36633b80be4a78,"Apr 04, 1991",50%,100%,5.67,5.71,46%,2.74,75%,2.1,15,3,0
http://ufcstats.com/fighter-details/8c169fbe1ac33637,"Sep 17, 1990",44%,57%,2.89,3.76,46%,4.65,42%,0.0,18,6,1
http://ufcstats.com/fighter-details/ca43de99b07b6b40,"Jan 15, 1994",44%,25%,2.52,2.23,47%,0.66,30%,1.1,11,6,0
http://ufcstats.com/fighter-details/a08ddd04eaffd81d,"Apr 07, 1997",54%,66%,4.43,3.62,52%,0.55,45%,0.8,10,5,0
http://ufcstats.com/fighter-details/eb04b9d31e938edb,"Jan 06, 1986",46%,33%,3.42,4.25,48%,1.39,69%,0.6,18,13,0
http://ufcstats.com/fighter-details/eb70e786bbdf1d16,"Jan 24, 1995",38%,0%,2.29,5.14,35%,0.00,0%,0.0,12,3,0
http://ufcstats.com/fighter-details/3738e68d2261e60f,"Feb 04, 1979",45%,35%,3.82,3.22,57%,0.37,76%,0.2,34,24,0
http://ufcstats.com/fighter-details/a7897d200692ab64,"Sep 09, 1987",47%,50%,3.13,3.32,54%,1.97,68%,0.8,19,11,0
http://ufcstats.com/fighter-details/0a73acff6325c1e2,"May 04, 1994",45%,35%,1.95,2.64,50%,3.30,28%,0.2,39,12,0
http://ufcstats.com/fighter-details/876f478f796495f7,"Feb 06, 1993",42%,11%,3.57,6.38,53%,0.34,71%,0.0,6,3,0
http://ufcstats.com/fighter-details/6e9f40c706f91f32,"Jun 27, 1991",50%,75%,3.14,3.88,42%,0.68,80%,0.7,16,3,0
http://ufcstats.com/fighter-details/7af33fc4435017f1,"Apr 30, 1999",50%,46%,2.70,3.75,51%,4.80,42%,1.1,9,2,0
http://ufcstats.com/fighter-details/82d4c957649faf9b,"Aug 23, 1992",49%,22%,4.09,5.92,46%,0.36,54%,2.0,10,4,0
http://ufcstats.com/fighter-details/a75a48bfe776b2c2,"May 24, 1992",34%,0%,2.02,4.62,39%,0.00,0%,0.0,12,6,0
http://ufcstats.com/fighter-details/80d8aed0ca9b00f3,"Feb 14, 1995",37%,33%,2.90,3.39,45%,1.85,68%,0.8,13,9,1
http://ufcstats.com/fighter-details/02f8fedc18cbd26c,"Jan 01, 1994",52%,14%,7.45,7.84,57%,0.20,94%,0.0,13,9,0
http://ufcstats.com/fighter-details/65cdf4ec31143d86,"Jul 24, 1996",43%,11%,5.48,6.50,48%,0.36,86%,0.0,14,7,0
http://ufcstats.com/fighter-details/d317a5e2b3f88c5f,"Jan 04, 1991",48%,50%,3.04,3.95,50%,1.22,62%,0.8,15,8,0
http://ufcstats.com/fighter-details/102a8fdf8cbf7467,"Oct 22, 1995",57%,22%,4.58,2.29,53%,0.60,53%,0.6,8,4,0
http://ufcstats.com/fighter-details/3e708ce33b6b18e6,"Jul 17, 1991",51%,33%,7.53,7.75,52%,0.67,80%,0.0,13,7,0
http://ufcstats.com/fighter-details/7aa3d6964eff4877,"Jun 20, 1988",49%,68%,4.21,3.09,62%,0.54,64%,0.7,21,15,0
http://ufcstats.com/fighter-details/b4c57a8c2b773e82,"Aug 15, 1996",39%,12%,4.00,4.93,52%,0.50,57%,0.0,8,2,0
http://ufcstats.com/fighter-details/ec0dcceace7d25a3,"Jul 27, 1996",42%,58%,1.99,3.95,36%,3.60,25%,0.5,19,8,0
http://ufcstats.com/fighter-details/b6203e0492a9336c,"Mar 05, 1993",41%,33%,1.47,5.08,31%,1.90,25%,0.4,6,3,0
http://ufcstats.com/fighter-details/436f970c9ea9169c,"Jun 15, 1988",41%,50%,5.26,4.49,63%,0.22,55%,0.9,23,13,0
http://ufcstats.com/fighter-details/94527830000ab715,"Sep 12, 1984",38%,30%,1.71,2.08,50%,2.73,29%,1.8,28,12,1
http://ufcstats.com/fighter-details/634e2fb70bde3fd5,"Oct 17, 1981",40%,30%,3.13,2.92,55%,0.87,76%,0.1,15,7,0
http://ufcstats.com/fighter-details/de45aaae23dfa392,"Jan 23, 1990",41%,36%,3.03,3.21,50%,2.84,52%,0.4,20,12,0
http://ufcstats.com/fighter-details/1d239d571e342453,"Apr 24, 1984",46%,0%,2.57,2.00,65%,0.00,65%,0.4,10,5,0
http://ufcstats.com/fighter-details/82529ce93cd9a2cf,"Jun 10, 1996",42%,41%,2.45,3.42,54%,4.98,16%,0.0,8,4,0
http://ufcstats.com/fighter-details/1291edf2d566a71a,"Oct 27, 1989",36%,28%,4.36,3.05,68%,0.46,96%,0.3,19,6,0
http://ufcstats.com/fighter-details/009c4420727149ea,"Jan 18, 1992",46%,75%,4.29,5.31,46%,1.67,65%,0.3,7,3,0
http://ufcstats.com/fighter-details/e530df53922f413e,"Dec 18, 1994",57%,0%,6.03,8.20,52%,0.00,66%,0.0,8,2,0
http://ufcstats.com/fighter-details/6ad8e4296f7522d9,"Apr 21, 2003",52%,71%,7.17,4.33,47%,9.69,50%,0.0,8,1,0
http://ufcstats.com/fighter-details/a331233f597090a5,"May 03, 1989",48%,22%,5.35,4.59,44%,0.13,50%,0.3,18,12,0
http://ufcstats.com/fighter-details/a29db9cd4f9ccea5,"Sep 30, 1991",52%,58%,3.70,3.19,58%,5.03,41%,0.5,8,2,0
http://ufcstats.com/fighter-details/e872e9a9a902c045,"Dec 28, 1988",34%,15%,4.58,4.48,62%,0.31,50%,0.3,18,6,0
http://ufcstats.com/fighter-details/53c943c873cffe90,"Aug 17, 1985",49%,33%,3.80,3.59,46%,1.65,100%,0.0,18,5,0
http://ufcstats.com/fighter-details/12f91bfa8f1f723b,"Dec 23, 1985",51%,55%,7.10,4.89,51%,1.52,58%,0.3,17,8,0
http://ufcstats.com/fighter-details/b5da8f7d05e85a55,"Jun 28, 1989",48%,33%,4.55,4.88,41%,0.98,46%,0.2,15,8,0
http://ufcstats.com/fighter-details/b4192a975027aab6,"Sep 08, 1991",33%,24%,4.42,4.89,51%,0.70,42%,0.6,11,6,0
http://ufcstats.com/fighter-details/972c456ff38b2015,"Jul 17, 1992",51%,50%,3.59,4.90,30%,0.56,66%,0.0,11,5,0
http://ufcstats.com/fighter-details/830f60497fab345a,"Aug 29, 1988",47%,40%,2.65,3.62,50%,1.26,67%,0.1,13,11,0
http://ufcstats.com/fighter-details/49e96ff8ab781589,"Sep 17, 1991",59%,30%,2.90,2.39,56%,0.76,50%,0.8,10,5,0
http://ufcstats.com/fighter-details/31bb0772f21cabd8,"Jun 05, 1996",45%,50%,3.95,8.28,34%,2.32,0%,1.2,11,6,0
http://ufcstats.com/fighter-details/48812daf291a4e23,"Jan 17, 1999",40%,27%,1.66,4.14,30%,2.54,55%,0.4,10,3,0
http://ufcstats.com/fighter-details/2526be54e6a0e62a,"Jun 27, 1992",50%,58%,4.59,5.16,56%,3.99,62%,0.0,14,5,0
http://ufcstats.com/fighter-details/7a47e068f8017019,"Aug 10, 1993",35%,100%,1.60,4.93,36%,1.92,50%,0.0,7,2,0
http://ufcstats.com/fighter-details/ab943cd2c3c17825,"Jun 25, 1985",57%,45%,3.70,2.90,51%,1.40,59%,0.5,22,10,1
http://ufcstats.com/fighter-details/56f7d7ee06be4aab,"Feb 25, 1988",62%,7%,4.46,2.73,58%,0.38,100%,0.0,7,3,0
http://ufcstats.com/fighter-details/cc7040fe76f0ef91,"Apr 12, 1990",54%,32%,3.03,3.24,44%,2.17,58%,0.1,14,9,0
http://ufcstats.com/fighter-details/9e92e1ca498d7244,"Apr 12, 1992",34%,50%,2.04,3.79,48%,0.28,50%,0.6,10,5,0
http://ufcstats.com/fighter-details/7ab478c397cd68ef,"Aug 24, 1990",64%,60%,6.01,4.38,61%,5.64,100%,3.8,14,0,0
http://ufcstats.com/fighter-details/776d4262c4da38bf,"Nov 13, 1996",43%,0%,9.28,12.83,42%,0.00,100%,0.0,5,2,0
http://ufcstats.com/fighter-details/267f4a6568abe245,"Nov 21, 1995",40%,33%,6.77,7.70,55%,0.50,100%,0.0,7,3,1
http://ufcstats.com/fighter-details/5095b0920a3602aa,"Jul 12, 1990",48%,7%,3.81,4.15,53%,0.31,71%,0.6,8,2,1
http://ufcstats.com/fighter-details/ea7e5bc78d9de658,"Feb 08, 1990",43%,66%,4.21,2.57,61%,3.03,77%,0.2,26,8,0
http://ufcstats.com/fighter-details/f998f5c102250d6e,"Aug 14, 1992",41%,28%,2.22,3.38,58%,0.94,72%,0.5,9,3,0
http://ufcstats.com/fighter-details/dee294e9717012c2,"May 19, 1990",45%,35%,2.50,2.00,43%,1.72,26%,1.0,14,8,0
http://ufcstats.com/fighter-details/547afe1017e72dbe,"Jan 08, 1989",59%,34%,5.33,3.72,55%,2.11,90%,0.2,12,6,0
http://ufcstats.com/fighter-details/5e6294b37bbef029,"Aug 12, 1988",46%,42%,2.20,2.48,52%,2.48,50%,0.6,8,5,0
http://ufcstats.com/fighter-details/51c655162e462ceb,"May 12, 1989",39%,0%,5.96,7.39,55%,0.00,100%,0.0,13,9,0
http://ufcstats.com/fighter-details/4dcfb28c011c11b2,"Jul 22, 1996",51%,20%,3.23,4.17,45%,1.55,42%,0.8,18,8,0
http://ufcstats.com/fighter-details/0978385b2bd9ef9b,"Jan 15, 1996",33%,20%,0.73,2.89,45%,1.16,33%,0.6,7,2,0
http://ufcstats.com/fighter-details/da0995f19b749cfa,"Sep 23, 1984",49%,66%,3.56,3.97,52%,2.86,62%,0.0,12,2,0
http://ufcstats.com/fighter-details/32c355b04fc57f3a,"Mar 16, 1993",40%,43%,2.54,2.64,52%,3.29,66%,0.0,17,7,0
http://ufcstats.com/fighter-details/d80ee110748171ac,"Apr 21, 1989",45%,30%,5.75,7.28,42%,0.98,67%,0.0,11,6,0
http://ufcstats.com/fighter-details/46d0a888d87d91ac,"Mar 10, 1986",43%,37%,4.38,4.32,51%,1.00,42%,0.0,14,4,1
http://ufcstats.com/fighter-details/d05cb1e8d1b885d8,"May 20, 1985",43%,36%,2.97,4.23,52%,1.02,90%,0.3,11,10,0
http://ufcstats.com/fighter-details/8e1f36476ef02a6a,"Oct 06, 1988",38%,27%,4.35,4.52,55%,0.42,58%,0.1,21,10,1
http://ufcstats.com/fighter-details/b4c6c904a9ffc5e8,"Oct 20, 1987",39%,27%,3.42,4.13,47%,1.09,66%,0.6,8,9,0
http://ufcstats.com/fighter-details/d31cbcdd7d69536d,"May 22, 1990",44%,57%,3.37,2.89,49%,3.41,36%,1.3,17,11,0
http://ufcstats.com/fighter-details/e0b0cf71e0d69dd0,"Aug 10, 1993",56%,56%,2.15,2.40,53%,3.38,100%,0.8,12,3,0
http://ufcstats.com/fighter-details/f6bcbd91b114ff58,"Feb 16, 1993",36%,25%,2.44,2.66,55%,2.40,45%,1.8,12,4,0
http://ufcstats.com/fighter-details/92fa1401b7927da3,"Oct 25, 1988",44%,33%,5.80,5.08,50%,0.71,67%,0.6,13,10,0
http://ufcstats.com/fighter-details/26e3f3928b1891d9,"May 18, 1992",47%,12%,5.19,4.67,50%,0.66,54%,0.2,6,4,0
http://ufcstats.com/fighter-details/725b1abc9a39d873,"Feb 18, 1997",49%,35%,3.36,4.61,46%,1.54,33%,0.9,10,3,0
http://ufcstats.com/fighter-details/33efaf2d0941cfcf,"Apr 07, 1994",41%,100%,3.30,6.26,45%,0.25,66%,0.0,16,8,0
http://ufcstats.com/fighter-details/f3ca6908f78efebe,"Dec 30, 1989",34%,50%,2.21,8.85,41%,3.69,0%,0.0,14,4,0
http://ufcstats.com/fighter-details/c21a036b4e012f1c,"May 03, 1985",49%,0%,5.52,4.15,68%,0.00,86%,0.0,18,9,0
http://ufcstats.com/fighter-details/9edf2c9082cc2cd8,"Jul 10, 1988",55%,0%,3.12,2.17,48%,0.00,73%,0.0,3,3,0
http://ufcstats.com/fighter-details/4cd8b03aee1d0138,"Jul 31, 1993",40%,18%,5.19,5.46,52%,0.63,64%,0.0,13,8,0
http://ufcstats.com/fighter-details/862b0b3375aa4b6e,"Dec 10, 1983",31%,0%,4.55,7.40,45%,0.00,60%,0.0,6,6,0
http://ufcstats.com/fighter-details/ac40f7e3cbecdda4,"Apr 22, 1985",50%,26%,6.55,6.32,51%,1.35,66%,0.5,14,9,0
http://ufcstats.com/fighter-details/f7467152fd9f18a2,"Jun 22, 1993",48%,76%,3.39,2.64,58%,2.00,86%,1.1,19,3,0
http://ufcstats.com/fighter-details/21b5c82c1b89dab1,"Aug 21, 2000",50%,0%,4.65,5.12,51%,0.00,50%,0.0,6,3,0
http://ufcstats.com/fighter-details/c451d67c09c55418,"Mar 17, 1987",41%,44%,3.93,4.52,52%,0.70,72%,0.6,17,8,0
http://ufcstats.com/fighter-details/0b362247806341e5,"Apr 30, 1996",39%,25%,1.88,3.02,40%,1.55,25%,2.3,9,6,0
http://ufcstats.com/fighter-details/2c9d00968f818270,"Jul 02, 1991",50%,0%,5.45,3.37,56%,0.00,65%,0.0,13,4,1
http://ufcstats.com/fighter-details/d0aaedcf7ccd0b45,"Sep 25, 1989",50%,0%,6.05,4.64,55%,0.00,100%,0.0,12,7,0
http://ufcstats.com/fighter-details/6aae253467e8f9ce,"Oct 14, 1994",52%,57%,5.57,4.11,54%,0.76,64%,0.0,6,4,0
http://ufcstats.com/fighter-details/da816417a579a0bd,"Jun 17, 1986",44%,44%,4.29,4.18,57%,3.13,53%,1.5,13,3,0
http://ufcstats.com/fighter-details/c2a670b22d2e196f,"Sep 25, 1995",57%,22%,4.73,4.26,54%,0.46,50%,0.0,6,3,0
http://ufcstats.com/fighter-details/a6cba6bb66c1a8c9,"Jul 14, 1987",39%,9%,3.18,3.73,50%,0.24,57%,0.2,18,8,0
http://ufcstats.com/fighter-details/2975297f505e9447,"Sep 06, 1991",44%,0%,4.65,4.89,60%,0.00,66%,0.0,9,3,0
http://ufcstats.com/fighter-details/7832f2f62f04178f,"Jul 12, 1994",46%,44%,3.74,3.25,44%,1.99,69%,0.2,12,4,0
http://ufcstats.com/fighter-details/914a897455693650,"Nov 24, 1989",31%,0%,1.53,1.85,61%,0.00,50%,0.0,17,7,0
http://ufcstats.com/fighter-details/6e00cfffd54653c4,"Oct 06, 1983",33%,0%,3.87,4.97,65%,0.00,87%,0.0,21,14,1
http://ufcstats.com/fighter-details/cda1099995b46cc2,"Jan 16, 1992",30%,44%,4.08,7.16,48%,1.54,36%,0.4,10,3,0
http://ufcstats.com/fighter-details/305d73ede05e31ad,"Jul 10, 1994",37%,66%,3.86,4.86,57%,0.43,75%,0.0,9,3,0
http://ufcstats.com/fighter-details/f8f1ec513bcfef43,"Feb 27, 1990",42%,40%,3.70,4.73,55%,3.00,100%,0.0,7,2,0
http://ufcstats.com/fighter-details/6b7c7460855dbbb9,"Jan 05, 1989",40%,29%,2.99,3.01,59%,1.97,66%,0.6,16,5,0
http://ufcstats.com/fighter-details/fc6e681bf6658faf,"Jul 09, 1987",34%,22%,4.03,4.59,53%,0.95,50%,0.0,6,6,0
http://ufcstats.com/fighter-details/f2925e6db404bf1d,"Mar 20, 1982",47%,64%,3.85,4.67,59%,0.65,65%,0.0,30,16,0
http://ufcstats.com/fighter-details/c7d7fda69ec410d3,"Apr 13, 1994",50%,26%,3.22,5.87,40%,1.50,47%,1.2,12,6,0
http://ufcstats.com/fighter-details/ee9ebceabfd16fa7,"Sep 04, 1992",42%,43%,3.88,3.60,50%,3.18,75%,0.8,18,8,0
http://ufcstats.com/fighter-details/1788eee370f077b7,"Oct 09, 1986",40%,40%,3.25,4.20,53%,0.69,61%,0.1,19,6,0
http://ufcstats.com/fighter-details/135d124172a0bea3,"Feb 03, 1991",42%,28%,3.36,2.44,61%,1.00,70%,0.0,24,3,0
http://ufcstats.com/fighter-details/55fa6ce3e522c8bb,"Aug 29, 1988",43%,19%,5.24,5.86,52%,1.30,75%,0.2,14,9,0
http://ufcstats.com/fighter-details/e7e01e266a9d4342,"Jun 13, 1992",56%,77%,2.78,1.75,52%,6.75,45%,0.2,8,2,0
http://ufcstats.com/fighter-details/9ada30894bf04e19,"Jun 05, 1992",43%,30%,3.48,3.29,59%,0.58,70%,0.2,20,6,0
http://ufcstats.com/fighter-details/80fa8218c99f9c58,"May 30, 1988",51%,54%,4.55,2.62,57%,2.73,82%,0.7,23,5,0
http://ufcstats.com/fighter-details/37d752ec41ed84bb,"Dec 12, 1996",38%,44%,5.03,5.76,44%,0.95,47%,0.0,13,7,0
http://ufcstats.com/fighter-details/950d0ef5c17157c5,"May 02, 1984",52%,16%,3.26,2.27,58%,0.21,66%,0.0,32,10,2
http://ufcstats.com/fighter-details/029e1293e609fd74,"Nov 13, 1989",53%,22%,2.78,2.61,65%,1.25,88%,0.0,17,4,1
http://ufcstats.com/fighter-details/8abac218746e04ca,"Jun 09, 1990",41%,37%,2.21,3.73,44%,0.76,60%,0.0,16,7,0
http://ufcstats.com/fighter-details/036e96c1c12b8a59,"Dec 10, 1997",46%,45%,2.83,7.93,42%,2.50,71%,0.0,6,2,0
http://ufcstats.com/fighter-details/2c010b26a3306969,"Jul 15, 1994",53%,40%,2.77,4.02,44%,1.92,61%,0.0,8,2,0
http://ufcstats.com/fighter-details/e9a3aeb207578eea,"Jul 28, 1982",45%,35%,2.05,2.93,56%,2.11,100%,0.3,17,9,0
http://ufcstats.com/fighter-details/a20f234df70f2182,"Oct 18, 1989",36%,0%,5.37,5.41,56%,0.00,50%,0.1,9,7,2
http://ufcstats.com/fighter-details/31123249b0bbf52e,"Jan 10, 1981",55%,46%,3.76,2.92,55%,1.68,63%,1.3,26,19,0
http://ufcstats.com/fighter-details/6c8072b61c276e67,"Nov 28, 1987",51%,42%,3.73,3.51,58%,1.66,62%,0.3,11,9,0
http://ufcstats.com/fighter-details/01b352b6a9074d5c,"Nov 16, 1989",45%,50%,6.04,6.65,52%,0.09,74%,0.0,16,12,0
http://ufcstats.com/fighter-details/297a2b35444c245b,"Jul 30, 1989",45%,18%,2.51,3.24,60%,0.72,75%,0.7,8,2,0
http://ufcstats.com/fighter-details/eaa9402e5a7990ad,"Jan 01, 1990",48%,0%,6.46,11.54,32%,0.00,100%,0.0,5,2,0
http://ufcstats.com/fighter-details/8d20d76af3f213ce,"Jul 04, 1995",53%,40%,2.88,3.08,54%,1.49,50%,0.8,8,4,0
http://ufcstats.com/fighter-details/78f485f851891d68,"Mar 07, 1989",32%,16%,2.64,2.57,64%,0.56,43%,0.3,10,5,0
http://ufcstats.com/fighter-details/3b0a516d2921e0d6,"Jul 04, 1989",36%,50%,5.38,4.21,47%,0.52,62%,0.0,12,5,0
http://ufcstats.com/fighter-details/34c2b3656f88f7ef,"Aug 05, 1989",53%,50%,1.51,3.66,43%,0.86,44%,0.6,12,5,0
http://ufcstats.com/fighter-details/4ba8d454f762005d,"Aug 02, 1984",35%,28%,2.96,2.91,55%,0.62,66%,0.6,25,7,0
http://ufcstats.com/fighter-details/06f36cf4bd97ec77,"Oct 02, 1980",48%,47%,3.31,3.71,42%,1.96,59%,1.0,27,16,0
http://ufcstats.com/fighter-details/98215d037be5bcb7,"Jul 13, 1987",38%,44%,4.41,4.12,64%,1.80,77%,0.8,9,6,1
http://ufcstats.com/fighter-details/47b9e0e7703a4868,"Nov 12, 1984",47%,59%,4.05,3.05,64%,1.38,72%,0.3,35,17,0
http://ufcstats.com/fighter-details/b93c06d09d1c4ac0,"May 29, 1990",40%,26%,4.76,5.94,53%,1.42,64%,0.7,19,11,0
http://ufcstats.com/fighter-details/a0e6753c42698f13,"Oct 17, 1985",40%,100%,3.42,3.18,58%,0.46,63%,0.0,11,4,0
http://ufcstats.com/fighter-details/87a1dc546b1c5caf,"Nov 08, 1988",44%,43%,1.33,2.98,46%,3.96,35%,1.1,17,9,0
http://ufcstats.com/fighter-details/d05412b513b19621,"Dec 19, 1979",55%,55%,3.44,2.84,51%,2.27,64%,0.4,10,8,0
http://ufcstats.com/fighter-details/601964f9654f911a,"Sep 28, 1991",48%,41%,3.82,4.47,44%,5.40,52%,0.3,23,9,0
http://ufcstats.com/fighter-details/2f13e4020cea5b38,"Jul 19, 1982",42%,39%,3.22,2.50,66%,1.65,78%,0.2,28,10,0
http://ufcstats.com/fighter-details/c0386644627a7ee5,"Mar 25, 1996",48%,42%,4.33,4.94,50%,0.72,25%,0.5,10,4,0
http://ufcstats.com/fighter-details/ec23c1be628d8057,"Aug 04, 1990",37%,15%,2.13,4.29,39%,0.62,60%,0.2,13,10,0
http://ufcstats.com/fighter-details/b1a3e0aca758b322,"Jan 04, 1984",47%,33%,3.51,3.05,51%,3.14,85%,0.6,23,9,0
http://ufcstats.com/fighter-details/441eacbe20e0e80b,"May 09, 1991",49%,40%,4.60,3.83,48%,0.23,56%,0.0,16,5,1
http://ufcstats.com/fighter-details/a2ccf35a88346a91,"Jan 20, 1992",36%,55%,2.40,8.08,40%,6.00,50%,0.0,14,8,0
http://ufcstats.com/fighter-details/029afd138865d20a,"Nov 14, 1990",48%,25%,1.85,3.30,58%,0.29,44%,1.5,20,12,0
http://ufcstats.com/fighter-details/c878270af633eb11,"Oct 07, 1991",56%,45%,4.10,6.03,31%,2.09,100%,0.4,12,5,0
http://ufcstats.com/fighter-details/5da33b8fbfa5ee95,"Apr 03, 1988",56%,40%,2.62,3.30,35%,1.78,48%,0.4,11,5,0
http://ufcstats.com/fighter-details/5c10da56d712ac9c,"Feb 13, 1995",26%,0%,2.00,4.13,56%,0.00,66%,0.0,23,1,0
http://ufcstats.com/fighter-details/2eeaefbfc7f9fcff,"Mar 13, 1982",55%,27%,2.69,3.87,44%,0.52,47%,0.1,10,8,0
http://ufcstats.com/fighter-details/4a043165cf47cab2,"Feb 17, 1995",30%,33%,2.18,2.18,63%,2.72,0%,0.0,4,2,0
http://ufcstats.com/fighter-details/da4628f173337902,"Sep 16, 1990",50%,25%,3.42,5.87,31%,0.97,20%,1.9,12,5,0
http://ufcstats.com/fighter-details/aceffa19749c4dc0,"Jan 15, 1991",39%,39%,3.17,3.07,63%,2.13,100%,0.0,20,6,1
http://ufcstats.com/fighter-details/adccbc19b22e19af,"Dec 26, 1996",42%,27%,2.69,2.69,65%,1.02,74%,0.0,7,3,0
http://ufcstats.com/fighter-details/49ee5024966efc0d,"Nov 16, 1987",55%,57%,7.49,5.42,53%,1.80,71%,0.0,11,3,0
http://ufcstats.com/fighter-details/140745cbbcb023ac,"Nov 25, 1981",50%,48%,3.57,2.79,54%,2.01,49%,0.7,27,14,1
http://ufcstats.com/fighter-details/2f5cbecbbe18bac4,"Sep 02, 1981",44%,23%,2.41,3.02,55%,1.01,45%,0.1,20,8,0
http://ufcstats.com/fighter-details/7ff97850e8c32bda,"Oct 28, 1979",49%,33%,3.73,4.43,51%,2.11,60%,0.9,33,9,0
http://ufcstats.com/fighter-details/4959f10a62f3fec3,"Jun 25, 1995",50%,33%,4.93,2.57,64%,0.25,66%,0.2,7,3,0
http://ufcstats.com/fighter-details/2f6a993c7f547c13,"Jun 14, 1989",43%,31%,3.01,2.97,61%,3.63,68%,0.0,19,5,0
http://ufcstats.com/fighter-details/50a28b9f8314e008,"Nov 14, 1995",51%,48%,2.05,0.88,58%,6.63,83%,1.9,10,3,0
http://ufcstats.com/fighter-details/01fed6f61ebea01f,"Jun 15, 1993",46%,52%,3.71,3.90,44%,2.83,58%,0.0,10,7,0
http://ufcstats.com/fighter-details/ce632027bf2a871b,"Jul 31, 1987",45%,45%,3.07,3.93,52%,2.14,77%,0.0,11,6,0
http://ufcstats.com/fighter-details/84512339473dd300,"Jan 22, 1997",37%,55%,0.77,3.73,40%,5.28,0%,1.1,6,1,0
http://ufcstats.com/fighter-details/9ce6d5a03af801b7,"Dec 24, 1992",46%,46%,2.30,3.31,56%,0.55,69%,0.0,18,5,1
http://ufcstats.com/fighter-details/df1eb4354d18a906,"Sep 30, 1983",47%,56%,4.32,3.66,55%,1.88,67%,0.2,14,6,0
http://ufcstats.com/fighter-details/2804ce8dadab5770,"Jul 02, 1988",39%,50%,4.92,6.42,55%,0.46,66%,0.0,16,10,0
http://ufcstats.com/fighter-details/0c258d1d8e16e5f1,"Apr 02, 1993",34%,50%,2.68,4.29,47%,3.66,83%,0.0,9,4,0
http://ufcstats.com/fighter-details/b4880ef2f838d4e1,"Dec 06, 1984",32%,0%,4.26,4.04,61%,0.00,30%,0.0,11,5,0
http://ufcstats.com/fighter-details/8c57c7b8c3bab0eb,"Sep 04, 1994",41%,28%,3.58,5.56,39%,1.02,62%,0.0,13,2,0
http://ufcstats.com/fighter-details/37ed1ab2f8b819f4,"Sep 30, 1991",53%,36%,4.71,3.53,53%,1.77,63%,0.0,10,4,0
http://ufcstats.com/fighter-details/5bf31a46becc1204,"Dec 31, 1991",53%,66%,3.63,4.40,50%,0.36,72%,0.5,11,3,0
http://ufcstats.com/fighter-details/f2688492b9a525a3,"Oct 16, 1981",40%,31%,3.77,2.82,65%,2.29,65%,0.3,23,11,1
http://ufcstats.com/fighter-details/760a55d5b6098cbe,"Jun 04, 1991",46%,36%,3.97,5.17,44%,2.28,53%,0.3,8,3,0
http://ufcstats.com/fighter-details/568bbad0eaced57c,"Feb 20, 1991",47%,0%,3.18,4.88,43%,0.00,53%,0.6,9,6,0
http://ufcstats.com/fighter-details/773f7feacf96153e,"Apr 06, 1994",45%,0%,4.39,5.18,56%,0.00,73%,0.3,10,2,0
http://ufcstats.com/fighter-details/34e516ab361afb1c,"Apr 28, 1990",65%,72%,2.63,2.28,35%,2.40,66%,2.7,26,14,0
http://ufcstats.com/fighter-details/1a54231796e24a3f,"Jan 20, 1990",30%,0%,2.50,5.67,55%,0.00,66%,0.0,9,4,1
http://ufcstats.com/fighter-details/3eb4dc9a7d4ac906,"Sep 23, 1988",57%,19%,3.87,8.43,46%,1.81,100%,0.0,6,5,0
http://ufcstats.com/fighter-details/2b68d9f125d07b42,"May 12, 1992",44%,50%,4.96,5.67,45%,0.18,20%,0.0,12,10,0
http://ufcstats.com/fighter-details/69888118d968ba52,"May 05, 1994",64%,40%,5.25,3.34,61%,4.77,100%,0.0,11,3,0
http://ufcstats.com/fighter-details/b15862fcd6ded451,"Apr 15, 1995",41%,0%,0.80,1.13,54%,0.00,50%,1.0,8,2,0
http://ufcstats.com/fighter-details/c849740a3ff51931,"Feb 07, 1986",41%,30%,5.09,3.47,62%,1.56,77%,0.8,18,5,0
http://ufcstats.com/fighter-details/684d3aee255a3d09,"Feb 24, 1993",39%,30%,1.80,2.20,39%,1.35,60%,0.5,13,2,0
http://ufcstats.com/fighter-details/12585614e0ed2626,"Dec 23, 1997",45%,45%,1.93,2.64,46%,4.16,35%,0.2,8,2,0
http://ufcstats.com/fighter-details/cc351e408bbb7d43,"May 08, 1990",35%,42%,4.68,4.62,58%,0.74,57%,0.1,14,10,0
http://ufcstats.com/fighter-details/67f272324a030d00,"Feb 27, 1987",51%,39%,3.86,3.06,57%,4.15,76%,1.7,15,9,0
http://ufcstats.com/fighter-details/0641c21bec209472,"Mar 22, 1985",57%,33%,4.49,3.73,62%,0.71,88%,0.0,1,2,0
http://ufcstats.com/fighter-details/98c23cb6da5b3352,"Jun 20, 1977",48%,46%,3.29,3.80,44%,1.82,37%,1.9,60,17,1
http://ufcstats.com/fighter-details/325ad0dd9126d3df,"Jul 06, 1994",46%,0%,6.53,7.58,58%,0.00,50%,0.0,6,4,0
http://ufcstats.com/fighter-details/a8283a4f415e1eb9,"Aug 24, 1978",45%,42%,3.13,2.67,60%,0.98,60%,0.5,28,9,0
http://ufcstats.com/fighter-details/5580771f383e141f,"Dec 24, 1985",47%,28%,3.54,3.39,57%,0.46,57%,0.5,21,12,0
http://ufcstats.com/fighter-details/4e06913c91da5200,"Aug 19, 1989",42%,39%,2.98,2.23,57%,1.33,82%,0.1,24,6,0
http://ufcstats.com/fighter-details/87e2468b986ebb79,"Apr 27, 1993",47%,0%,5.31,6.41,40%,0.00,0%,0.0,15,7,1
http://ufcstats.com/fighter-details/70fa1c64a2c439ef,"Apr 06, 1988",30%,0%,0.99,3.85,46%,0.00,0%,0.0,8,4,0
http://ufcstats.com/fighter-details/afe8d5b39ff7fca2,"Aug 27, 1995",45%,20%,4.31,5.35,47%,1.04,50%,0.5,7,2,0
http://ufcstats.com/fighter-details/8355922d564b152c,"Apr 16, 1985",45%,30%,4.57,3.77,52%,1.05,41%,1.3,22,13,0
http://ufcstats.com/fighter-details/326a001926ffb7ec,"Nov 23, 1993",51%,30%,4.49,4.56,51%,2.00,100%,0.0,5,3,0
http://ufcstats.com/fighter-details/a7e3f02fe2b2fe30,"Sep 08, 1983",25%,0%,2.37,4.57,47%,0.00,77%,0.5,1,1,0
http://ufcstats.com/fighter-details/77d7295d1b22c694,"Dec 12, 1989",39%,39%,3.32,3.44,61%,1.46,83%,0.0,13,7,0
http://ufcstats.com/fighter-details/b4537562f88ac582,"Feb 15, 1992",32%,0%,2.64,4.12,46%,0.00,61%,0.2,13,5,0
http://ufcstats.com/fighter-details/00e11b5c8b7bfeeb,"Oct 17, 1984",49%,29%,4.10,2.68,53%,0.70,65%,1.0,16,6,0
http://ufcstats.com/fighter-details/12e0fdc606f7e274,"Jan 27, 1991",50%,17%,5.16,3.65,60%,0.64,44%,0.2,16,7,1
http://ufcstats.com/fighter-details/f703250471acaf96,"Jan 03, 1989",52%,0%,3.54,6.53,42%,0.00,0%,2.0,7,6,0
http://ufcstats.com/fighter-details/fdbefee0827e1567,"Apr 18, 1996",41%,30%,4.23,4.95,49%,0.62,63%,0.2,13,6,0
http://ufcstats.com/fighter-details/cdadae5363b66eef,"Oct 23, 1989",61%,75%,2.04,2.59,61%,2.51,76%,0.4,13,5,1
http://ufcstats.com/fighter-details/9c65736747ca92ec,"Feb 05, 1980",46%,25%,2.82,3.40,54%,0.88,86%,0.2,18,7,1
http://ufcstats.com/fighter-details/5f3805dda9661cba,"Nov 07, 1986",44%,48%,2.15,2.54,52%,6.90,100%,0.9,19,9,0
http://ufcstats.com/fighter-details/10f3ba6cd2f44a97,"Mar 09, 1985",33%,42%,3.91,2.61,70%,2.82,83%,0.1,24,4,0
http://ufcstats.com/fighter-details/318572f6f74b760d,"Jul 04, 1991",41%,0%,1.89,5.86,31%,0.00,30%,0.0,11,9,0
http://ufcstats.com/fighter-details/d343df8ba11f4c4e,"Dec 03, 1985",45%,33%,4.39,3.47,55%,0.24,73%,0.5,11,7,0
http://ufcstats.com/fighter-details/7559395ad833c074,"Apr 13, 1992",47%,0%,2.79,2.57,57%,0.00,33%,0.0,7,3,0
http://ufcstats.com/fighter-details/dea070ed4a2a8281,"Jan 07, 1984",48%,33%,3.72,2.57,53%,0.88,65%,0.1,22,11,0
http://ufcstats.com/fighter-details/d156513a19acf856,"May 06, 1986",44%,14%,3.28,3.63,52%,0.06,82%,0.1,33,18,1
http://ufcstats.com/fighter-details/6f7c616b98e18c29,"Sep 06, 1982",42%,26%,2.48,3.00,46%,2.85,44%,1.1,14,4,0
http://ufcstats.com/fighter-details/3c6976f8182d9527,"Jan 15, 1987",40%,39%,4.03,3.53,51%,1.53,83%,0.4,18,8,0
http://ufcstats.com/fighter-details/40093d1d2d78394e,"Aug 24, 1986",36%,35%,3.08,3.86,47%,1.67,38%,1.0,14,8,0
http://ufcstats.com/fighter-details/98d961097baaf308,"Mar 19, 1991",52%,44%,7.40,6.78,56%,0.43,91%,0.4,15,3,0
http://ufcstats.com/fighter-details/8be158ca1e5ea6a0,"Sep 14, 1984",36%,100%,3.29,2.66,60%,0.61,66%,0.0,11,6,0
http://ufcstats.com/fighter-details/5f179af5fffeb9f6,"May 05, 1987",39%,31%,4.29,4.00,55%,0.39,39%,0.5,10,10,0
http://ufcstats.com/fighter-details/d7338bcb141abd2c,"Nov 20, 1984",55%,42%,3.86,2.93,52%,0.43,53%,0.4,10,4,0
http://ufcstats.com/fighter-details/37d5b176d438d2a5,"Oct 04, 1990",51%,40%,2.57,2.42,57%,0.72,40%,0.5,9,6,0
http://ufcstats.com/fighter-details/f72465a784c1b084,"Jul 27, 1986",37%,40%,3.86,4.19,55%,0.58,57%,0.5,15,11,0
http://ufcstats.com/fighter-details/65578a75fa7900e3,"Jul 31, 1984",48%,38%,3.23,3.85,54%,0.54,64%,0.1,18,11,0
http://ufcstats.com/fighter-details/1d00756835ca67c9,"Mar 29, 1983",46%,33%,4.41,4.48,53%,1.16,73%,1.2,36,17,0
http://ufcstats.com/fighter-details/82b4e942781b1046,"Oct 17, 1995",42%,23%,4.14,5.01,48%,0.65,77%,0.2,21,5,0
http://ufcstats.com/fighter-details/c9a94278df042f46,"Feb 01, 1988",58%,0%,5.36,4.82,46%,0.00,62%,0.0,8,3,0
http://ufcstats.com/fighter-details/5dd180c8b3196786,"Jun 10, 1995",53%,37%,4.89,3.77,66%,0.74,65%,0.5,6,5,0
http://ufcstats.com/fighter-details/0de720c0f1d4ab9c,"Mar 14, 1987",38%,60%,2.86,3.83,50%,1.95,87%,0.0,11,5,1
http://ufcstats.com/fighter-details/1a08b01fdabb6ae2,"Jan 21, 1987",47%,0%,5.55,4.85,45%,0.00,52%,1.4,8,3,0
http://ufcstats.com/fighter-details/fc9a9559a05f2704,"Jun 26, 1984",29%,33%,3.40,3.76,68%,0.34,86%,0.1,24,16,1
http://ufcstats.com/fighter-details/483a953b18d73bb3,"Jun 13, 1989",44%,52%,4.55,6.21,46%,4.28,40%,0.0,7,3,0
http://ufcstats.com/fighter-details/abd5fb12437eda21,"May 23, 1987",45%,29%,2.53,2.14,65%,2.37,66%,0.7,20,6,0
http://ufcstats.com/fighter-details/3d6749c4267da18f,"Aug 18, 1987",48%,62%,6.28,3.25,62%,0.27,80%,0.1,16,5,0
http://ufcstats.com/fighter-details/e92901944ce91909,"Oct 26, 1994",18%,0%,0.43,4.07,13%,0.00,33%,0.0,19,13,0
http://ufcstats.com/fighter-details/b6850671a008bf9a,"Sep 18, 1984",37%,28%,3.84,5.19,48%,1.08,75%,0.8,14,10,0
http://ufcstats.com/fighter-details/5c126c6aac3ef364,"Dec 15, 1988",58%,57%,2.90,2.80,54%,0.85,76%,0.0,8,5,0
http://ufcstats.com/fighter-details/79cb2a690b9ba5e8,"Jul 29, 1992",40%,0%,3.65,3.04,64%,0.00,100%,0.5,4,4,0
http://ufcstats.com/fighter-details/79325a3c1a5c3bf4,"Jul 18, 1988",51%,27%,2.90,3.57,44%,1.12,50%,0.0,13,6,0
http://ufcstats.com/fighter-details/008ea710276c9606,"Jul 17, 1997",48%,0%,7.25,5.04,55%,0.00,66%,0.0,11,2,0
http://ufcstats.com/fighter-details/62f7097c04311193,"Dec 28, 1992",48%,100%,2.12,2.25,49%,0.66,55%,0.7,12,6,0
http://ufcstats.com/fighter-details/c3ded6f7155f9ea4,"Feb 04, 1996",46%,43%,2.14,2.52,56%,1.97,76%,0.3,21,4,0
http://ufcstats.com/fighter-details/dbac0a413af64bbe,"Mar 31, 1994",45%,24%,2.17,4.65,36%,1.88,43%,0.5,10,4,0
http://ufcstats.com/fighter-details/d2bc285ead803db0,"Jul 16, 1991",47%,35%,4.67,4.11,53%,1.69,32%,1.8,17,9,0
http://ufcstats.com/fighter-details/764342d39cdaa54a,"May 18, 1989",46%,31%,6.56,7.44,51%,1.11,73%,0.0,22,10,0
http://ufcstats.com/fighter-details/cd7763bcadb5d4c8,"Jul 19, 1983",40%,33%,1.82,2.95,43%,3.01,43%,0.3,15,4,0
http://ufcstats.com/fighter-details/016a8d958883167c,"Aug 19, 1988",50%,52%,3.73,3.52,50%,4.34,33%,0.2,7,6,0
http://ufcstats.com/fighter-details/2ebfbe72ed703925,"Dec 12, 1985",51%,14%,3.31,2.96,50%,0.33,60%,0.3,14,8,0
http://ufcstats.com/fighter-details/5f3da9a9610d8969,"Apr 27, 1987",40%,0%,1.99,8.09,51%,0.00,0%,0.0,10,6,0
http://ufcstats.com/fighter-details/a6f3d15cb84334bb,"Jul 03, 1992",40%,0%,9.31,4.66,51%,0.00,100%,0.0,4,2,0
http://ufcstats.com/fighter-details/f9d0cae37dabfafc,"Apr 04, 1984",38%,50%,3.66,7.24,36%,0.60,100%,0.0,18,14,0
http://ufcstats.com/fighter-details/90da09db03e41748,"May 19, 1992",41%,28%,3.41,2.37,60%,0.76,61%,0.0,28,6,1
http://ufcstats.com/fighter-details/6a8928652fc01bee,"Sep 30, 1991",41%,0%,2.93,8.05,33%,0.00,27%,0.0,15,9,0
http://ufcstats.com/fighter-details/cd2e5a390821fb48,"Oct 15, 1997",50%,33%,1.49,2.64,38%,1.44,40%,0.0,12,5,0
http://ufcstats.com/fighter-details/35b3772629e27a49,"Jul 15, 1987",34%,5%,2.65,3.10,41%,0.48,30%,0.5,21,15,0
http://ufcstats.com/fighter-details/4100c7a09497ad41,"Aug 14, 1999",50%,22%,3.01,3.19,51%,1.83,37%,0.8,7,6,0
http://ufcstats.com/fighter-details/d4691518d012b9e7,"Mar 01, 1995",47%,47%,3.78,4.65,47%,1.56,62%,0.6,9,3,0
http://ufcstats.com/fighter-details/b1d19449397541dc,"Oct 09, 1992",54%,24%,3.05,2.80,57%,2.60,66%,0.4,14,1,1
http://ufcstats.com/fighter-details/0e5c4e72237461bb,"Mar 07, 1996",39%,16%,3.73,5.30,45%,0.50,60%,0.0,10,3,0
http://ufcstats.com/fighter-details/7be74a12d7352df2,"Sep 24, 1980",46%,65%,2.26,1.92,47%,4.38,50%,0.5,13,6,0
http://ufcstats.com/fighter-details/56fcb2c4d99f9d1b,"Jan 03, 1987",45%,28%,2.09,4.45,56%,4.06,50%,0.4,12,4,0
http://ufcstats.com/fighter-details/45e738622ea2c02c,"Jan 19, 1990",53%,40%,5.19,3.33,45%,1.73,55%,0.3,18,3,0
http://ufcstats.com/fighter-details/ec18eb918121787c,"Aug 15, 1985",53%,25%,3.65,1.77,57%,0.40,30%,0.4,12,5,0
http://ufcstats.com/fighter-details/fea79f9bc8c68769,"Apr 26, 1988",40%,41%,3.37,4.53,54%,0.87,46%,0.3,23,10,1
http://ufcstats.com/fighter-details/70d2329a92864fdb,"Mar 25, 1997",43%,80%,6.10,4.35,57%,0.65,59%,0.2,9,4,0
http://ufcstats.com/fighter-details/85073dbd1be65ed9,"Jul 28, 1988",50%,33%,4.79,3.31,55%,0.20,64%,0.0,7,5,0
http://ufcstats.com/fighter-details/207773daeb4afa7b,"Jul 30, 1993",53%,25%,4.55,3.91,49%,0.35,85%,0.3,11,4,0
http://ufcstats.com/fighter-details/57b10fca4f9c9a7a,"Feb 21, 1988",51%,38%,2.99,2.55,46%,2.35,63%,0.6,22,12,1
http://ufcstats.com/fighter-details/ce175eaafe867d1f,"Mar 28, 1987",57%,0%,2.04,3.02,43%,0.00,50%,0.0,6,5,0
http://ufcstats.com/fighter-details/80daefbed11ce998,"Sep 02, 1989",35%,22%,3.45,3.18,61%,0.54,70%,0.3,23,9,1
http://ufcstats.com/fighter-details/ef1182eb28c17d4e,"Jun 23, 1988",45%,0%,1.40,4.07,40%,0.00,66%,0.0,18,4,0
http://ufcstats.com/fighter-details/8c39367b53eadf8a,"May 29, 1991",51%,57%,5.03,5.28,47%,3.87,100%,0.0,5,3,0
http://ufcstats.com/fighter-details/4bd6b4800070b069,"May 11, 1985",40%,34%,2.01,3.21,49%,1.74,39%,2.3,19,3,0
http://ufcstats.com/fighter-details/78a68f1dade6aaf7,"Nov 25, 1994",40%,0%,1.35,4.89,38%,0.00,0%,0.0,7,4,0
http://ufcstats.com/fighter-details/4498b382c65a7faa,"Sep 24, 1982",30%,23%,3.35,5.70,51%,1.35,30%,0.1,25,21,0
http://ufcstats.com/fighter-details/4c2d90e335e6df19,"Oct 04, 1984",49%,44%,4.63,4.45,54%,0.95,34%,0.7,21,11,0
http://ufcstats.com/fighter-details/687c15b2eddfaa63,"Dec 26, 1985",79%,28%,1.44,2.52,52%,3.93,0%,0.8,11,4,0
http://ufcstats.com/fighter-details/8d03ce87ca14e778,"Sep 05, 1986",41%,62%,2.33,2.16,41%,0.76,71%,0.3,17,3,0
http://ufcstats.com/fighter-details/3033c1c080672475,"Jun 09, 1994",38%,33%,2.77,4.42,41%,2.40,0%,0.0,8,4,0
http://ufcstats.com/fighter-details/07a2bdaa0afdd831,"Apr 25, 1992",52%,60%,2.63,3.27,50%,2.90,51%,1.0,16,4,0
http://ufcstats.com/fighter-details/5f6f049d54728e88,"Jan 21, 1988",40%,75%,4.28,4.87,51%,0.36,72%,0.1,17,9,0
http://ufcstats.com/fighter-details/5b8ba8f5512893b1,"Feb 21, 1994",41%,16%,4.83,2.81,61%,0.36,81%,0.7,8,4,0
http://ufcstats.com/fighter-details/4234f0097c83fa62,"Apr 27, 1985",43%,44%,4.30,3.43,57%,1.90,66%,0.3,8,7,0
http://ufcstats.com/fighter-details/8866c6f509c19089,"Feb 22, 1985",50%,9%,2.38,1.33,65%,0.22,0%,2.2,9,2,0
http://ufcstats.com/fighter-details/c549573c0df4d676,"Nov 24, 1990",44%,52%,4.10,3.93,55%,2.24,50%,0.8,13,9,0
http://ufcstats.com/fighter-details/19b7738321cfae42,"Jan 29, 1994",48%,43%,4.42,6.64,55%,2.28,25%,0.3,7,5,0
http://ufcstats.com/fighter-details/feaf00f3373435d6,"Jun 16, 1986",57%,50%,6.18,4.96,52%,0.21,65%,0.0,15,5,0
http://ufcstats.com/fighter-details/bd5403efbaa445c0,"Oct 06, 1989",61%,55%,3.18,2.14,56%,1.33,52%,0.0,14,8,0
http://ufcstats.com/fighter-details/39d91e95949de3d9,"Nov 29, 1990",48%,18%,3.21,4.54,45%,1.18,27%,0.2,9,3,0
http://ufcstats.com/fighter-details/bd58d34e39b7b12a,"Oct 17, 1981",42%,34%,3.71,4.63,47%,0.68,70%,0.4,39,14,0
http://ufcstats.com/fighter-details/eebc23626e38f5dc,"Mar 22, 1995",30%,66%,2.42,5.32,54%,1.71,50%,1.3,8,5,0
http://ufcstats.com/fighter-details/047a91d3d9c79b05,"Feb 20, 1993",48%,66%,4.59,5.54,51%,2.28,100%,0.0,8,3,0
http://ufcstats.com/fighter-details/8cb78f3a6c2a08f7,"Aug 21, 1992",41%,50%,3.06,3.84,52%,0.51,76%,0.0,5,3,0
http://ufcstats.com/fighter-details/e26bd53b751d61d9,"Oct 13, 1990",50%,50%,5.83,5.46,35%,1.11,85%,0.0,9,6,0
http://ufcstats.com/fighter-details/fcd448a2fe1a23cc,"Aug 18, 1985",44%,23%,4.38,5.47,55%,0.45,83%,0.0,17,14,0
http://ufcstats.com/fighter-details/6ebe96a116e79e52,"Feb 22, 1993",42%,71%,3.56,5.74,52%,1.40,50%,0.8,13,7,0
http://ufcstats.com/fighter-details/59279a7c978f7da0,"Apr 30, 1987",40%,18%,4.06,4.53,61%,0.63,74%,0.2,14,7,1
http://ufcstats.com/fighter-details/0d980975001ae3d8,"Aug 09, 1990",48%,0%,5.35,3.46,51%,0.00,50%,0.0,14,1,0
http://ufcstats.com/fighter-details/f1175ea3aafbf351,"Apr 07, 1995",48%,0%,3.35,5.09,35%,0.00,33%,0.4,3,3,0
http://ufcstats.com/fighter-details/4a57ebb14315b251,"Aug 10, 1985",43%,28%,2.97,3.10,58%,1.12,52%,0.2,11,12,1
http://ufcstats.com/fighter-details/a12a8314adc1c1c9,"Feb 27, 1993",34%,26%,3.31,3.73,54%,0.83,48%,0.0,9,5,0
http://ufcstats.com/fighter-details/78e501478a36a018,"Oct 15, 1986",48%,0%,4.18,4.45,46%,0.00,57%,0.7,16,9,0
http://ufcstats.com/fighter-details/dab8cfbb6b1db10a,"Mar 11, 1991",45%,45%,1.75,3.60,56%,2.54,40%,1.4,14,4,0
http://ufcstats.com/fighter-details/41498c2d1a87b154,"Oct 25, 1991",39%,0%,4.20,6.13,51%,0.00,0%,0.0,13,1,0
http://ufcstats.com/fighter-details/fccf811c1e8b01c7,"Apr 08, 1988",43%,36%,4.30,5.10,50%,2.55,100%,0.0,13,7,0
http://ufcstats.com/fighter-details/a2ea77e974c5889f,"Jan 12, 1995",45%,0%,4.88,5.60,50%,0.00,72%,0.0,11,2,0
http://ufcstats.com/fighter-details/8765559b6a29a421,"Apr 29, 1992",55%,0%,0.99,2.44,42%,0.00,30%,0.0,15,7,1
http://ufcstats.com/fighter-details/528c24b99fbaab79,"Aug 03, 1978",39%,20%,2.95,3.22,63%,0.22,58%,0.4,28,13,0
http://ufcstats.com/fighter-details/673ea7dcc786b1b3,"Jun 22, 1983",43%,18%,4.37,4.93,56%,0.39,85%,0.0,11,6,1
http://ufcstats.com/fighter-details/16a64f93f6678b7b,"May 30, 1991",33%,0%,4.00,12.00,40%,0.00,0%,0.0,4,3,1
http://ufcstats.com/fighter-details/f57a8a52ca401ed9,"Aug 02, 1983",42%,32%,5.71,3.84,59%,1.28,60%,1.0,26,10,0
http://ufcstats.com/fighter-details/93b62c5f2ba18e51,"Jun 27, 1989",40%,41%,2.48,3.87,57%,1.74,31%,0.7,12,6,1
http://ufcstats.com/fighter-details/49b130de1da2e1bf,"Jun 01, 1991",44%,26%,2.36,6.06,38%,1.61,20%,0.4,9,6,0
http://ufcstats.com/fighter-details/61fb8098ccf81c7f,"Jul 01, 1989",66%,41%,2.82,2.02,50%,1.14,41%,0.2,9,5,0
http://ufcstats.com/fighter-details/18b602842a24f7c5,"Nov 28, 1988",53%,0%,4.35,4.24,41%,0.00,37%,0.0,11,7,0
http://ufcstats.com/fighter-details/b3d21b2610dcfaeb,"May 24, 1991",31%,66%,2.50,2.98,54%,1.90,70%,0.5,4,5,0
http://ufcstats.com/fighter-details/257b0c8d6f199895,"Jan 17, 1994",48%,58%,4.96,3.66,58%,1.75,66%,0.2,9,2,0
http://ufcstats.com/fighter-details/3bb2dc8e87b10a46,"Aug 01, 1990",41%,33%,3.84,4.54,55%,0.97,57%,1.7,17,7,0
http://ufcstats.com/fighter-details/2f1a257d6777096d,"Jan 16, 1996",40%,15%,2.82,3.82,57%,1.11,100%,0.6,9,3,0
http://ufcstats.com/fighter-details/a17ad5a5048e8c3f,"Dec 30, 1990",45%,45%,3.05,3.29,48%,1.75,67%,0.1,12,8,0
http://ufcstats.com/fighter-details/a6c20202c701e5ca,"Mar 15, 1989",53%,100%,6.69,5.44,52%,0.72,70%,0.0,6,4,0
http://ufcstats.com/fighter-details/b60c980f79b87ce8,"Aug 23, 1991",46%,0%,6.84,6.96,62%,0.00,78%,1.1,4,1,0
http://ufcstats.com/fighter-details/4bf6b225ff6099c4,"Jan 05, 1990",47%,42%,1.31,2.96,40%,1.20,54%,0.8,8,3,0
http://ufcstats.com/fighter-details/dc3b9cf7641b7ab6,"Jun 16, 1996",36%,66%,3.37,4.40,58%,2.93,75%,0.7,7,3,0
http://ufcstats.com/fighter-details/e7bba7ce4d6c7b07,"Mar 20, 1991",42%,35%,4.85,4.67,58%,1.09,61%,0.4,16,4,1
http://ufcstats.com/fighter-details/bbc9ab95fa766493,"Jul 24, 1985",25%,14%,2.70,5.37,49%,0.98,66%,0.7,21,9,0
http://ufcstats.com/fighter-details/f0fad0e9f3b65752,"Sep 11, 1992",21%,0%,0.79,1.92,74%,0.00,50%,0.0,7,4,0
http://ufcstats.com/fighter-details/20999e27ddd94bda,"Aug 25, 1989",39%,22%,2.88,3.65,58%,0.28,72%,0.4,10,8,0
http://ufcstats.com/fighter-details/2e585c701f72fe55,"Aug 05, 1988",50%,17%,3.25,2.98,59%,1.02,59%,0.7,14,5,0
http://ufcstats.com/fighter-details/c7d297714d9ab1a4,"Jun 20, 1977",41%,63%,3.20,3.52,59%,0.62,50%,0.8,9,8,1
http://ufcstats.com/fighter-details/f4c49976c75c5ab2,"Jul 14, 1988",49%,55%,5.27,4.71,53%,0.66,66%,0.1,22,7,0
http://ufcstats.com/fighter-details/f9f07bb5a43535ed,"Apr 26, 1984",39%,46%,3.66,2.67,55%,0.59,38%,1.0,32,14,0
http://ufcstats.com/fighter-details/c9587d81e1d33925,"Apr 22, 1995",33%,0%,3.21,2.60,51%,0.00,40%,0.0,10,6,0
http://ufcstats.com/fighter-details/16690d100f995f8f,"Oct 12, 1987",34%,45%,2.97,2.84,55%,2.58,65%,0.2,21,6,1
http://ufcstats.com/fighter-details/813550bc53b15fb0,"Sep 07, 1987",37%,50%,4.36,5.67,47%,0.33,73%,0.7,15,8,0
http://ufcstats.com/fighter-details/e51fcd9cd84c0b93,"Jul 25, 1981",47%,36%,2.38,2.51,57%,3.94,47%,0.6,26,4,0
http://ufcstats.com/fighter-details/304a21d0595e1a08,"Aug 10, 1989",44%,40%,3.34,5.33,62%,0.75,20%,1.1,16,8,0
http://ufcstats.com/fighter-details/e9213f53ddeca978,"Jan 31, 1989",39%,34%,3.12,3.88,58%,1.26,73%,0.6,17,9,0
http://ufcstats.com/fighter-details/e99821959a840bb8,"Nov 14, 1995",58%,47%,5.64,6.50,47%,3.15,50%,0.3,7,2,0
http://ufcstats.com/fighter-details/2c5a0b8317f8f27a,"Mar 04, 1986",53%,50%,3.28,4.90,56%,0.38,53%,0.4,15,8,2
http://ufcstats.com/fighter-details/427b5953ac8e3a27,"Nov 06, 1977",43%,24%,1.80,2.07,63%,2.49,61%,1.0,28,11,0
http://ufcstats.com/fighter-details/03f982ca3735070c,"Jun 10, 1983",39%,28%,3.05,3.33,54%,0.29,70%,0.1,13,10,0
http://ufcstats.com/fighter-details/f6e5972c9d16c40e,"Sep 05, 1992",37%,0%,1.59,6.11,50%,0.00,0%,0.0,7,4,0
http://ufcstats.com/fighter-details/7a703c565ccaa18f,"Dec 07, 1979",47%,39%,2.53,2.83,62%,2.57,57%,1.3,26,10,0
http://ufcstats.com/fighter-details/cf946e03ba2e7666,"Sep 07, 1988",40%,16%,3.96,4.81,52%,0.16,78%,0.0,17,5,0
http://ufcstats.com/fighter-details/ae071698e1a3ccd4,"Nov 25, 1991",37%,0%,2.54,4.04,48%,0.00,60%,0.0,14,8,0
http://ufcstats.com/fighter-details/84ff027394f7e470,"Nov 13, 1986",52%,48%,3.74,2.30,57%,6.86,100%,0.8,14,1,0
http://ufcstats.com/fighter-details/068f8a189a47fea6,"Jul 05, 1986",45%,0%,3.28,3.61,45%,0.00,27%,0.4,9,7,0
http://ufcstats.com/fighter-details/9cd047a828dd7515,"Oct 12, 1991",49%,0%,4.31,5.39,45%,0.00,0%,0.0,8,2,0
http://ufcstats.com/fighter-details/96428b9e9bd048ea,"Dec 12, 1985",52%,30%,6.61,4.37,50%,0.71,72%,0.2,13,5,0
http://ufcstats.com/fighter-details/348dff4e03bd18c6,"Feb 12, 1992",50%,33%,1.83,2.83,64%,2.00,25%,0.5,12,4,0
http://ufcstats.com/fighter-details/928ae2e5b5f7a9ec,"Apr 13, 1988",48%,33%,4.51,4.59,57%,0.87,50%,0.1,7,4,0
http://ufcstats.com/fighter-details/2844b047183a1adb,"Jul 05, 1993",46%,33%,3.66,3.12,51%,1.17,48%,1.2,9,3,0
http://ufcstats.com/fighter-details/e17ac6410c8377f4,"Apr 26, 1986",68%,70%,2.23,1.46,51%,7.10,80%,0.0,15,5,0
http://ufcstats.com/fighter-details/c5a126ace82a6025,"May 16, 1986",36%,14%,3.93,3.67,56%,0.48,61%,0.5,16,8,0
http://ufcstats.com/fighter-details/ccf5dc41417e9daf,"Oct 09, 1980",70%,78%,2.38,1.95,40%,8.93,50%,2.4,11,2,0
http://ufcstats.com/fighter-details/ebef46976554f975,"Feb 28, 1990",46%,35%,2.52,3.02,50%,1.45,42%,1.9,18,9,0
http://ufcstats.com/fighter-details/8614b7134913f5d5,"Oct 15, 1983",50%,16%,3.38,5.25,49%,0.51,100%,0.0,7,1,1
http://ufcstats.com/fighter-details/2af2f2e26c4c0402,"Mar 02, 1992",53%,34%,3.92,2.08,58%,1.97,67%,1.3,9,2,0
http://ufcstats.com/fighter-details/1eff7bc0f815b270,"Dec 19, 1986",43%,0%,2.46,3.85,53%,0.00,77%,0.0,6,3,0
http://ufcstats.com/fighter-details/f2b6fdb20675b11c,"Sep 15, 1991",47%,40%,4.32,5.16,52%,0.81,78%,0.2,14,8,0
http://ufcstats.com/fighter-details/effd9de9937996f8,"Apr 07, 1982",48%,40%,2.36,2.76,54%,1.06,87%,0.4,19,7,1
http://ufcstats.com/fighter-details/2b074403b7c6cdb4,"Jul 31, 1991",43%,14%,4.84,4.93,61%,0.17,75%,0.0,22,5,0
http://ufcstats.com/fighter-details/90e0985df05e51bc,"Dec 10, 1987",27%,50%,0.90,3.89,40%,1.42,44%,0.0,16,8,0
http://ufcstats.com/fighter-details/80eacd4da0617c57,"Jul 31, 1984",34%,30%,3.52,2.67,61%,1.41,62%,0.6,28,8,0
http://ufcstats.com/fighter-details/215a70f073a7b726,"Nov 08, 1989",52%,28%,4.22,2.94,57%,0.75,70%,0.2,15,9,0
http://ufcstats.com/fighter-details/003d82fa384ca1d0,"Sep 20, 1989",39%,0%,7.58,8.88,58%,0.00,0%,0.0,8,4,0
http://ufcstats.com/fighter-details/a0e75f4a13eb73f1,"Feb 11, 1990",46%,25%,1.76,3.35,37%,0.52,53%,0.5,11,5,0
http://ufcstats.com/fighter-details/9c907996820d2d69,"Jun 29, 1989",40%,27%,4.03,3.90,60%,0.88,92%,0.1,23,5,0
http://ufcstats.com/fighter-details/ed2a8cc402173781,"Nov 07, 1989",45%,0%,3.29,6.51,43%,0.00,18%,0.5,7,4,0
http://ufcstats.com/fighter-details/122ac9b816d8b71c,"Mar 30, 1989",37%,50%,3.34,5.20,50%,0.84,14%,0.0,4,5,0
http://ufcstats.com/fighter-details/b4ad3a06ee4d660c,"May 17, 1980",64%,55%,3.67,2.44,57%,1.42,73%,0.8,47,19,0
http://ufcstats.com/fighter-details/ea3dcc417c322064,"Nov 10, 1988",45%,60%,3.97,3.79,53%,0.72,65%,0.5,8,6,0
http://ufcstats.com/fighter-details/52e76bb4b3e852f3,"Mar 16, 1990",42%,39%,1.95,2.14,52%,3.42,53%,0.8,11,5,0
http://ufcstats.com/fighter-details/6fb1ba67bef41b37,"Aug 13, 1984",47%,32%,3.44,3.25,50%,3.30,43%,1.2,30,12,2
http://ufcstats.com/fighter-details/1588b787bda7b540,"Sep 26, 1991",50%,0%,3.34,2.81,60%,0.00,70%,1.1,12,3,0
http://ufcstats.com/fighter-details/acb36c908d415c4a,"Feb 28, 1989",59%,18%,3.15,5.07,43%,1.97,0%,1.3,9,5,0
http://ufcstats.com/fighter-details/2ac4628c08ec5125,"Jun 22, 1988",47%,25%,2.60,3.72,52%,0.81,77%,1.0,12,5,0
http://ufcstats.com/fighter-details/9b7dfb3b7d99926a,"Mar 27, 1988",30%,0%,3.48,6.13,59%,0.00,71%,0.0,11,8,0
http://ufcstats.com/fighter-details/637bd06c32219f0b,"Jun 28, 1995",33%,5%,2.56,6.78,35%,0.51,20%,0.5,8,4,0
http://ufcstats.com/fighter-details/539ed332b3078821,"Apr 30, 1988",34%,21%,2.28,3.58,50%,0.67,33%,0.8,6,8,0
http://ufcstats.com/fighter-details/40d8b74488743800,"Apr 26, 1993",40%,0%,3.50,4.97,50%,0.00,58%,0.0,10,3,0
http://ufcstats.com/fighter-details/cbb682f5fcc44bfc,"Jan 27, 1987",47%,50%,3.05,3.44,54%,0.61,60%,1.1,24,10,0
http://ufcstats.com/fighter-details/63def5a5662a6917,"Jan 30, 1984",47%,50%,4.49,3.33,56%,0.30,81%,0.1,21,9,0
http://ufcstats.com/fighter-details/d21113c9ff3788ae,"Aug 10, 1986",61%,22%,4.18,4.32,42%,1.39,66%,0.0,11,5,0
http://ufcstats.com/fighter-details/eb29176b03dfa888,"Sep 19, 1983",50%,37%,3.17,3.57,51%,2.13,56%,1.5,16,10,0
http://ufcstats.com/fighter-details/36549928f90f1d36,"Jul 28, 1990",45%,47%,3.60,3.00,64%,2.70,42%,0.6,9,5,0
http://ufcstats.com/fighter-details/be68b375707dcb85,"May 06, 1993",54%,36%,2.55,3.85,30%,3.34,57%,0.5,9,3,0
http://ufcstats.com/fighter-details/01784fbc27c68b14,"Feb 25, 1991",43%,83%,2.54,3.97,57%,2.03,66%,0.8,4,6,0
http://ufcstats.com/fighter-details/cf65d56b0755ed3b,"Nov 25, 1981",50%,44%,5.67,3.77,60%,0.51,58%,0.3,17,7,0
http://ufcstats.com/fighter-details/e5010b1b94ca5755,"Apr 25, 1984",44%,28%,3.70,3.44,48%,0.29,64%,0.2,17,6,0
http://ufcstats.com/fighter-details/9cfbfae5fa1fdd93,"Sep 30, 1991",52%,45%,3.67,2.62,50%,3.00,59%,0.0,12,6,0
http://ufcstats.com/fighter-details/899923ff6ab13917,"May 05, 1991",43%,0%,3.73,2.67,54%,0.00,66%,0.0,7,3,0
http://ufcstats.com/fighter-details/7bde387d50829adf,"May 28, 1989",51%,100%,3.42,2.36,58%,0.48,61%,0.0,13,2,0
http://ufcstats.com/fighter-details/ec34349e7dffcde7,"Dec 07, 1988",41%,42%,3.31,4.57,57%,3.03,58%,0.7,18,5,0
http://ufcstats.com/fighter-details/ba1e6cb3d43f7430,"Sep 28, 1988",39%,50%,3.35,4.82,49%,0.23,42%,0.2,9,4,0
http://ufcstats.com/fighter-details/1f454354805b6f75,"Apr 14, 1975",61%,77%,3.05,2.05,60%,0.50,69%,0.8,34,11,0
http://ufcstats.com/fighter-details/f9a20a17d712ef7c,"Dec 15, 1983",27%,0%,0.31,5.34,23%,0.00,25%,0.0,11,3,0
http://ufcstats.com/fighter-details/045f25b3a4c08e81,"Dec 19, 1989",25%,0%,2.74,4.19,56%,0.00,20%,0.0,23,10,0
http://ufcstats.com/fighter-details/032cc3922d871c7f,"Sep 20, 1988",48%,48%,4.10,1.75,65%,5.32,84%,0.8,29,0,0
http://ufcstats.com/fighter-details/d06f8869449ba7bd,"Jul 18, 1984",47%,35%,1.74,2.41,58%,1.66,72%,0.1,24,10,1
http://ufcstats.com/fighter-details/ebc1f40e00e0c481,"Feb 18, 1988",47%,46%,3.12,4.04,46%,0.56,55%,1.7,33,13,0
http://ufcstats.com/fighter-details/f300763147320d12,"Oct 24, 1991",30%,0%,2.70,2.58,74%,0.00,0%,0.0,8,2,0
http://ufcstats.com/fighter-details/e9ac7bfb65c25497,"Jun 09, 1985",34%,0%,1.72,4.03,49%,0.00,7%,0.0,22,11,0
http://ufcstats.com/fighter-details/8f6a18831a120817,"Jun 04, 1986",49%,18%,4.79,4.11,61%,0.96,59%,0.9,28,9,0
http://ufcstats.com/fighter-details/af997f7611673880,"Feb 09, 1987",55%,36%,2.08,4.21,40%,5.08,0%,1.4,20,8,0
http://ufcstats.com/fighter-details/e87a13e02c01331d,"Sep 23, 1990",42%,29%,2.43,1.97,56%,3.50,60%,1.0,8,5,0
http://ufcstats.com/fighter-details/3f7dab21b6c971bc,"May 11, 1986",34%,0%,1.23,3.92,38%,0.00,46%,0.0,21,12,0
http://ufcstats.com/fighter-details/6eaec40f724852f4,"May 31, 1992",37%,0%,3.53,3.59,58%,0.00,50%,0.3,16,6,0
http://ufcstats.com/fighter-details/c3218c810959d279,"May 21, 1995",49%,30%,3.55,4.26,47%,0.97,80%,0.3,8,4,0
http://ufcstats.com/fighter-details/82e7929bf6c2b689,"Dec 31, 1981",37%,24%,2.69,3.02,56%,1.51,46%,0.8,31,13,0
http://ufcstats.com/fighter-details/6a11e325aa60ad02,"May 17, 1988",51%,50%,3.95,3.67,60%,0.71,45%,0.0,10,4,0
http://ufcstats.com/fighter-details/cbd3e590a85b18c5,"Feb 16, 1991",41%,52%,2.43,1.80,57%,3.98,92%,0.4,13,4,0
http://ufcstats.com/fighter-details/82cbb809d5ee565c,"Jun 03, 1986",37%,44%,2.54,2.48,71%,1.83,66%,0.2,12,9,0
http://ufcstats.com/fighter-details/06a80a685ea98573,"Feb 14, 1989",44%,16%,3.36,5.07,57%,1.00,70%,0.0,10,6,0
http://ufcstats.com/fighter-details/7c9f96f9a6a5cd50,"Dec 05, 1991",64%,10%,4.78,4.35,46%,0.41,66%,0.4,15,6,0
http://ufcstats.com/fighter-details/3c5005b66696d790,"Jan 23, 1990",42%,20%,2.50,4.57,51%,4.69,100%,0.0,8,4,0
http://ufcstats.com/fighter-details/56709e66f1c6008f,"Apr 05, 1989",35%,33%,1.78,1.96,49%,1.67,45%,1.7,7,2,0
http://ufcstats.com/fighter-details/7f0f171414d0a287,"Jan 25, 1995",36%,50%,2.91,4.35,43%,0.38,60%,0.0,8,3,0
http://ufcstats.com/fighter-details/2244d9a2b64b8c3b,"Jun 26, 1992",44%,100%,4.99,5.39,52%,0.26,64%,0.3,10,7,0
http://ufcstats.com/fighter-details/37cc294027f55e4d,"May 12, 1987",57%,40%,3.54,3.15,41%,3.37,100%,0.8,12,4,0
http://ufcstats.com/fighter-details/3974fa35c917af1d,"May 21, 1982",47%,33%,3.13,2.87,57%,1.84,46%,0.9,20,8,0
http://ufcstats.com/fighter-details/99506df1af6c8b3b,"Sep 26, 1984",40%,28%,3.20,3.58,61%,0.71,82%,0.0,22,12,0
http://ufcstats.com/fighter-details/d967f0128c323de6,"Mar 20, 1979",52%,44%,4.25,2.92,54%,1.83,80%,0.4,22,3,0
http://ufcstats.com/fighter-details/9ba2226646046b63,"Aug 12, 1980",47%,31%,3.94,3.50,52%,1.74,61%,0.1,13,7,0
http://ufcstats.com/fighter-details/41f90012b86a11bf,"Mar 09, 1989",26%,0%,2.16,3.43,42%,0.00,100%,0.0,10,2,0
http://ufcstats.com/fighter-details/1fcfc3709fe58151,"Jan 11, 1987",40%,32%,2.14,2.90,58%,1.53,77%,0.5,17,7,1
http://ufcstats.com/fighter-details/492b202d2064e7a9,"Jul 30, 1977",52%,31%,3.59,2.64,55%,1.75,31%,1.2,24,9,1
http://ufcstats.com/fighter-details/73e09f837f3b5ecc,"Jun 02, 1976",35%,44%,2.43,2.34,59%,0.64,62%,0.8,23,10,0
http://ufcstats.com/fighter-details/776a58a67665a171,"Apr 14, 1987",42%,41%,3.33,3.00,58%,1.92,70%,0.0,12,4,0
http://ufcstats.com/fighter-details/ec52462a1b41f714,"Feb 21, 1992",49%,49%,2.86,3.84,53%,4.92,58%,1.0,17,2,0
http://ufcstats.com/fighter-details/654ae722109a0d31,"Feb 18, 1988",34%,66%,2.68,3.78,54%,0.96,64%,0.7,16,5,0
http://ufcstats.com/fighter-details/0052de90691d4a93,"Nov 05, 1986",37%,40%,2.64,3.44,56%,1.95,83%,0.6,10,4,0
http://ufcstats.com/fighter-details/bebb4ae55ac2bf6f,"Jun 06, 1992",32%,46%,2.01,2.70,46%,2.59,44%,1.3,18,4,1
http://ufcstats.com/fighter-details/4d5197f331c47290,"Mar 26, 1994",52%,33%,3.35,2.62,42%,1.27,34%,1.0,8,5,0
http://ufcstats.com/fighter-details/d61316139d68dbe3,"Dec 15, 1990",42%,9%,3.33,4.40,44%,1.00,50%,0.0,10,1,0
http://ufcstats.com/fighter-details/f7d73e452b064bf2,"Jul 17, 1988",51%,33%,5.20,4.16,45%,0.74,50%,2.2,12,4,0
http://ufcstats.com/fighter-details/59a27d2e6d0802ac,"Sep 27, 1994",31%,33%,1.70,5.80,42%,3.00,0%,1.5,5,1,0
http://ufcstats.com/fighter-details/4e0692ad070976e4,"May 26, 1985",48%,100%,5.34,4.01,63%,0.27,75%,0.0,21,6,0
http://ufcstats.com/fighter-details/b53c46f613f6f248,"Aug 04, 1993",41%,45%,3.53,3.23,57%,2.50,66%,0.0,9,3,0
http://ufcstats.com/fighter-details/1cf7ccf64a5bf24e,"Jan 24, 1990",52%,40%,3.30,3.93,51%,0.61,38%,1.5,11,3,1
http://ufcstats.com/fighter-details/f57dd0bfa8c17813,"Aug 31, 1994",35%,13%,3.13,5.00,48%,0.54,40%,0.2,11,5,0
http://ufcstats.com/fighter-details/5331b25a60417ffb,"Dec 11, 1989",37%,27%,2.68,2.59,58%,0.71,68%,1.0,17,6,0
http://ufcstats.com/fighter-details/e5c9de15bb58b1c6,"Dec 18, 1981",39%,33%,5.33,3.54,61%,1.82,79%,1.0,18,9,1
http://ufcstats.com/fighter-details/b102c26727306ab6,"Apr 14, 1985",39%,35%,1.42,2.34,64%,1.82,87%,0.6,23,8,0
http://ufcstats.com/fighter-details/76ee3d666c648f6b,"Oct 11, 1983",55%,50%,3.43,2.63,55%,2.50,40%,1.5,10,7,0
http://ufcstats.com/fighter-details/7279654c7674cd24,"Dec 24, 1992",40%,20%,2.05,2.90,55%,0.64,80%,0.0,15,4,0
http://ufcstats.com/fighter-details/a4de54ea806fb525,"Aug 04, 1993",52%,50%,1.52,1.93,48%,3.89,46%,1.0,13,5,0
http://ufcstats.com/fighter-details/be0b310a12eb80b4,"Apr 28, 1989",41%,45%,3.91,2.97,68%,4.20,66%,0.3,17,5,2
http://ufcstats.com/fighter-details/e2ccd9a9ace60de7,"May 02, 1984",44%,33%,3.67,2.83,63%,0.25,80%,0.0,20,2,0
http://ufcstats.com/fighter-details/88d7b6d8230e1f3f,"Oct 14, 1986",48%,41%,4.03,2.96,47%,2.52,33%,0.0,9,3,0
http://ufcstats.com/fighter-details/f77c68bb4be8516d,"Apr 30, 1977",49%,30%,3.44,3.05,60%,1.57,78%,0.0,13,5,0
http://ufcstats.com/fighter-details/002ca196477ce572,"Aug 26, 1994",34%,25%,1.30,3.47,45%,1.50,38%,0.5,8,2,0
http://ufcstats.com/fighter-details/8fc9ae9c7527dfcb,"Jun 09, 1984",50%,66%,3.18,4.72,58%,3.29,100%,0.0,18,9,0
http://ufcstats.com/fighter-details/31d7446b184e3305,"Aug 02, 1988",58%,50%,2.59,2.68,41%,3.31,23%,0.4,14,4,0
http://ufcstats.com/fighter-details/326f94d6cfb1bf25,"Dec 10, 1989",31%,0%,2.31,4.30,47%,0.00,0%,0.0,7,3,0
http://ufcstats.com/fighter-details/103b06d8707895a9,"Aug 20, 1988",39%,33%,2.52,2.53,38%,0.25,47%,1.0,9,5,1
http://ufcstats.com/fighter-details/5e4eec08896c9423,"Sep 22, 1989",46%,50%,4.43,2.22,59%,4.89,83%,0.0,14,5,0
http://ufcstats.com/fighter-details/83b00f7597e5ac83,"Jan 16, 1992",55%,66%,7.09,4.06,34%,0.91,57%,0.0,5,3,0
http://ufcstats.com/fighter-details/025f0b1b58fbad01,"Feb 09, 1992",45%,50%,2.61,4.04,58%,3.42,83%,0.0,13,4,0
http://ufcstats.com/fighter-details/31bbd39c0a075d4e,"Feb 13, 1993",33%,20%,2.36,2.99,54%,0.25,56%,1.0,13,7,0
http://ufcstats.com/fighter-details/192520689012c7e4,"Jun 13, 1992",43%,0%,2.21,6.85,48%,0.00,0%,0.0,8,5,0
http://ufcstats.com/fighter-details/98a6b2361045898f,"Sep 09, 1988",41%,53%,2.84,4.10,54%,1.27,33%,0.0,16,11,3
http://ufcstats.com/fighter-details/fbf0537e420e698e,"Feb 03, 1988",46%,18%,3.08,3.93,56%,0.56,60%,0.3,7,4,0
http://ufcstats.com/fighter-details/78114b7199cef90c,"May 14, 1979",40%,30%,2.65,2.59,64%,1.54,58%,0.8,35,11,0
http://ufcstats.com/fighter-details/484acc7b0f856ce9,"Apr 13, 1983",50%,40%,3.23,3.58,51%,0.20,66%,1.3,22,13,2
http://ufcstats.com/fighter-details/f797f0c57a83353e,"Jan 05, 1981",55%,32%,3.29,3.31,51%,1.70,60%,0.7,15,10,0
http://ufcstats.com/fighter-details/31ee470ef5dc8d7f,"Oct 03, 1983",41%,60%,3.73,3.42,62%,0.71,63%,0.3,23,15,0
http://ufcstats.com/fighter-details/1bcaac2d99b90fce,"Jul 23, 1982",42%,38%,2.42,3.73,59%,1.20,75%,0.4,14,6,1
http://ufcstats.com/fighter-details/e0f959f65d0406b4,"Sep 04, 1991",35%,66%,1.00,2.07,50%,2.00,0%,1.0,5,2,0
http://ufcstats.com/fighter-details/2c99576fefe53c7c,"Jan 31, 1987",36%,41%,3.78,3.90,57%,1.49,91%,0.5,34,9,0
http://ufcstats.com/fighter-details/d3fa5c5955397532,"Apr 18, 1984",37%,0%,3.63,4.20,55%,0.00,45%,0.0,13,3,0
http://ufcstats.com/fighter-details/87aa9fb63d6b51a1,"Mar 01, 1991",48%,56%,4.89,3.00,64%,5.22,77%,0.8,18,1,0
http://ufcstats.com/fighter-details/9b7694d064a8a0ad,"Nov 04, 1986",34%,41%,1.98,2.16,65%,3.95,61%,0.1,24,4,0
http://ufcstats.com/fighter-details/1ddb480b601cefb1,"Dec 31, 1986",20%,26%,1.10,3.62,49%,1.35,16%,0.3,14,4,0
http://ufcstats.com/fighter-details/31a13532e724ca2b,"Mar 25, 1990",44%,46%,3.73,2.93,54%,0.75,55%,0.6,23,9,0
http://ufcstats.com/fighter-details/c17041f1bb5768d8,"Oct 22, 1988",42%,28%,3.76,3.07,60%,0.92,71%,0.5,13,6,0
http://ufcstats.com/fighter-details/0b31f87be71ebbb1,"Jul 18, 1984",49%,55%,3.64,5.66,36%,4.33,0%,0.9,19,2,0
http://ufcstats.com/fighter-details/e76d9f656ceb82ab,"Jul 14, 1990",47%,50%,4.83,5.56,38%,2.27,77%,0.4,3,2,0
http://ufcstats.com/fighter-details/c5af5750e8bae4f0,"Feb 05, 1987",31%,15%,2.63,5.11,58%,1.14,62%,0.0,8,5,0
http://ufcstats.com/fighter-details/2dc1bc1a02961656,"Jul 16, 1994",61%,54%,2.92,2.68,46%,3.06,0%,3.1,14,2,0
http://ufcstats.com/fighter-details/98e946879ba20c0f,"Nov 20, 1990",37%,0%,4.13,7.75,59%,0.00,100%,0.0,6,3,0
http://ufcstats.com/fighter-details/3bad7ef643840f67,"May 22, 1984",39%,45%,2.84,5.39,54%,2.39,54%,2.0,28,16,0
http://ufcstats.com/fighter-details/f86cb5f25d545e0e,"Jul 31, 1990",35%,66%,2.60,5.30,46%,0.74,0%,0.0,6,3,0
http://ufcstats.com/fighter-details/e7f51d9f9e9259e7,"Jul 26, 1992",37%,33%,3.97,6.45,37%,0.50,33%,0.0,14,9,0
http://ufcstats.com/fighter-details/c487223b0289bda9,"Aug 17, 1988",38%,100%,3.59,5.08,59%,0.93,0%,0.0,4,3,0
http://ufcstats.com/fighter-details/6256b2b1562cb8e1,"Feb 23, 1987",39%,33%,4.13,3.31,60%,0.26,57%,0.7,13,5,0
http://ufcstats.com/fighter-details/f923e012414c883e,"Nov 15, 1991",41%,50%,4.08,3.77,58%,0.70,71%,0.0,5,3,0
http://ufcstats.com/fighter-details/6e7506127408aa9e,"Nov 15, 1995",41%,33%,3.13,4.48,48%,0.46,40%,2.8,5,2,0
http://ufcstats.com/fighter-details/1fc64507a0cb38cf,"Dec 19, 1991",25%,40%,1.80,3.97,57%,1.00,87%,0.0,6,2,0
http://ufcstats.com/fighter-details/4c288a2b250bb576,"Feb 12, 1988",43%,100%,2.93,3.17,58%,0.25,86%,0.0,13,5,0
http://ufcstats.com/fighter-details/aec185309b4843d0,"Apr 17, 1984",40%,61%,2.91,3.23,49%,1.32,62%,0.3,24,8,1
http://ufcstats.com/fighter-details/f97c5433c77522d3,"Mar 01, 1994",34%,50%,1.32,2.63,52%,0.71,37%,0.0,9,4,0
http://ufcstats.com/fighter-details/c3f6db17cea09ca7,"Jul 21, 1994",61%,100%,1.52,4.79,41%,3.50,50%,0.0,12,5,0
http://ufcstats.com/fighter-details/de75d1c45a39e221,"Aug 18, 1993",37%,40%,3.88,2.91,65%,0.85,67%,0.4,18,5,0
http://ufcstats.com/fighter-details/72e5e5a6edfa8223,"Oct 12, 1986",27%,0%,0.25,2.11,43%,0.00,28%,0.0,6,6,0
http://ufcstats.com/fighter-details/9c44f290f5726d95,"Sep 21, 1993",39%,35%,7.66,5.72,51%,2.60,85%,0.0,11,3,0
http://ufcstats.com/fighter-details/edd02825c29028fe,"Nov 07, 1984",37%,0%,6.00,5.52,59%,0.00,46%,0.0,8,7,0
http://ufcstats.com/fighter-details/225def29ecfe0fc1,"Jun 04, 1996",21%,0%,2.10,4.80,50%,0.00,66%,0.0,10,5,1
http://ufcstats.com/fighter-details/35e1f9984ed64206,"Mar 18, 1993",29%,0%,2.28,6.49,45%,0.00,0%,0.0,10,2,0
http://ufcstats.com/fighter-details/bda04c573563cc2e,"Dec 06, 1985",37%,25%,5.93,2.87,56%,0.72,90%,0.0,9,3,0
http://ufcstats.com/fighter-details/8f5c8850b2484173,"Aug 08, 1988",39%,63%,2.98,3.03,64%,1.34,88%,0.0,27,6,0
http://ufcstats.com/fighter-details/68c7ad953455c73f,"Nov 12, 1990",52%,25%,2.08,0.74,67%,2.22,80%,0.7,9,3,1
http://ufcstats.com/fighter-details/49858bf46dabf6fb,"Jun 10, 1981",51%,76%,3.66,2.62,66%,1.94,73%,0.0,15,7,0
http://ufcstats.com/fighter-details/8f4eeaf7a0df7c1a,"May 22, 1987",54%,25%,2.57,3.91,47%,2.31,100%,1.5,8,3,0
http://ufcstats.com/fighter-details/714e1e0681ddb703,"Jan 13, 1988",37%,50%,2.07,4.03,50%,3.18,0%,0.8,22,12,0
http://ufcstats.com/fighter-details/d0e50a3d1b250708,"Oct 23, 1988",44%,53%,2.77,4.31,49%,1.25,58%,0.2,13,8,0
http://ufcstats.com/fighter-details/411539901068522f,"May 07, 1986",31%,21%,4.10,7.37,52%,0.75,83%,0.0,6,6,0
http://ufcstats.com/fighter-details/d76ad9a08c4408ff,"Jun 01, 1990",39%,66%,3.41,3.15,61%,2.74,66%,1.4,13,5,0
http://ufcstats.com/fighter-details/51a0c09cbe9b8472,"Feb 19, 1984",54%,51%,2.78,2.51,61%,2.57,65%,0.3,13,7,0
http://ufcstats.com/fighter-details/2c2caf2f2bab9df5,"Sep 04, 1994",41%,46%,2.22,4.79,41%,2.90,62%,0.5,14,7,0
http://ufcstats.com/fighter-details/cbf1c7ba5408a66f,"Sep 28, 1989",46%,0%,2.60,2.87,58%,0.00,83%,0.0,10,4,0
http://ufcstats.com/fighter-details/3fa7688bfe48a493,"May 10, 1995",49%,0%,2.76,5.65,48%,0.00,0%,0.0,8,2,0
http://ufcstats.com/fighter-details/634bb0de2eb043b4,"Jul 09, 1985",52%,55%,7.28,2.25,64%,0.66,94%,0.4,21,2,0
http://ufcstats.com/fighter-details/55ee431411ccf07a,"Feb 23, 1989",51%,33%,2.48,2.97,55%,2.36,70%,0.5,11,5,0
http://ufcstats.com/fighter-details/bb61823f76361297,"Jan 31, 1989",35%,20%,1.41,2.42,43%,1.32,60%,0.0,11,3,0
http://ufcstats.com/fighter-details/1641ef250e9de19b,"Apr 14, 1987",52%,0%,4.52,2.57,55%,0.00,53%,0.0,9,2,0
http://ufcstats.com/fighter-details/99bd87a300079ed9,"Oct 04, 1988",42%,42%,2.33,2.82,47%,1.02,81%,1.0,16,6,0
http://ufcstats.com/fighter-details/7c9c6a884be167fe,"Apr 01, 1993",36%,25%,5.10,7.63,52%,1.50,100%,0.0,9,4,0
http://ufcstats.com/fighter-details/1de9ad94de18eeaf,"Dec 16, 1988",41%,54%,5.60,4.43,64%,2.25,69%,0.4,5,3,0
http://ufcstats.com/fighter-details/0d62719b1dcf7c40,"Oct 11, 1990",42%,0%,3.00,3.64,63%,0.00,53%,0.0,11,4,0
http://ufcstats.com/fighter-details/dbc17725b887860a,"Feb 15, 1985",42%,53%,1.90,2.44,53%,2.69,84%,0.5,13,8,0
http://ufcstats.com/fighter-details/aa5b4eff51bdc7d1,"Apr 12, 1982",33%,41%,3.44,2.53,63%,1.64,71%,0.2,22,8,0
http://ufcstats.com/fighter-details/66e98b3bb5fc5250,"Nov 21, 1986",43%,27%,2.67,3.56,43%,1.25,45%,0.4,13,6,0
http://ufcstats.com/fighter-details/c482c8605455a213,"Mar 15, 1991",51%,37%,3.98,6.08,52%,1.54,100%,0.0,14,6,0
http://ufcstats.com/fighter-details/b9664eae2ac75262,"Sep 29, 1986",45%,20%,3.71,5.72,55%,1.31,75%,1.0,12,6,0
http://ufcstats.com/fighter-details/a9d6e047ce48ab63,"Nov 08, 1989",51%,33%,2.95,2.95,56%,1.85,100%,1.2,10,4,0
http://ufcstats.com/fighter-details/a851c35f58199231,"Feb 08, 1989",44%,0%,5.40,7.22,58%,0.00,83%,0.3,6,3,0
http://ufcstats.com/fighter-details/b12a1d19ee383b7c,"Jun 04, 1981",42%,30%,1.16,4.02,38%,0.93,33%,0.9,19,8,0
http://ufcstats.com/fighter-details/d6ead04919a894b1,"Jan 10, 1996",39%,60%,6.01,2.72,73%,6.44,0%,0.0,3,1,0
http://ufcstats.com/fighter-details/6e0e977beb909837,"Jul 17, 1992",33%,33%,1.40,2.67,51%,1.00,83%,1.0,9,1,0
http://ufcstats.com/fighter-details/1e1dbd1cc5a7469e,"Feb 18, 1980",54%,18%,3.43,3.97,49%,0.53,70%,0.4,17,6,0
http://ufcstats.com/fighter-details/2816ced060a21be3,"Apr 24, 1984",35%,33%,2.65,3.61,59%,0.86,83%,0.0,14,5,0
http://ufcstats.com/fighter-details/e51e5cb722bd47a8,"Nov 16, 1980",50%,41%,4.26,3.35,55%,4.49,28%,0.1,10,7,0
http://ufcstats.com/fighter-details/f046d724d2a84ac5,"Oct 11, 1989",46%,50%,3.70,2.51,69%,1.62,75%,0.0,23,8,0
http://ufcstats.com/fighter-details/73c7cfa551289285,"Dec 13, 1978",48%,55%,2.76,3.20,56%,1.19,74%,0.5,16,14,2
http://ufcstats.com/fighter-details/5b2325cd70dbe2ea,"Mar 04, 1987",42%,22%,3.12,4.04,55%,1.62,28%,0.5,6,4,0
http://ufcstats.com/fighter-details/7e511f8d842a109d,"May 13, 1986",56%,75%,2.33,3.25,59%,1.73,100%,0.0,9,1,0
http://ufcstats.com/fighter-details/34f88592c0ab7a54,"May 31, 1988",42%,28%,4.19,2.39,53%,1.27,59%,0.0,16,3,0
http://ufcstats.com/fighter-details/b8592b4a383696cd,"Oct 10, 1984",46%,25%,2.76,2.21,61%,1.16,65%,1.9,12,5,0
http://ufcstats.com/fighter-details/e45cfa47f504033a,"Feb 28, 1990",39%,0%,3.06,3.13,58%,0.00,30%,1.0,11,5,0
http://ufcstats.com/fighter-details/c268b2cfebccf652,"Jun 12, 1990",40%,58%,5.36,4.27,56%,0.56,67%,0.6,31,9,0
http://ufcstats.com/fighter-details/75afb06215a07341,"Aug 05, 1982",42%,0%,1.44,3.81,55%,0.00,75%,0.0,9,3,0
http://ufcstats.com/fighter-details/65ddc8a9ac4e8531,"May 22, 1984",36%,48%,2.23,3.20,58%,1.65,63%,0.3,34,10,2
http://ufcstats.com/fighter-details/ac29d508d78384c9,"Sep 15, 1992",58%,50%,4.27,4.30,45%,0.45,87%,0.5,6,3,0
http://ufcstats.com/fighter-details/e70de1859b7ee78e,"Sep 17, 1984",45%,38%,1.41,2.20,56%,1.76,100%,0.0,15,3,0
http://ufcstats.com/fighter-details/5aedf14771ca82d2,"Jan 06, 1985",29%,42%,1.83,3.04,55%,5.15,47%,0.6,23,10,0
http://ufcstats.com/fighter-details/f1928a52590c5532,"Dec 01, 1987",46%,100%,3.86,2.95,61%,0.43,57%,0.0,17,5,0
http://ufcstats.com/fighter-details/8f382b3baa954d2a,"May 08, 1982",50%,25%,4.93,7.19,53%,0.94,50%,0.2,20,8,0
http://ufcstats.com/fighter-details/d2c55d1d2e67773b,"Sep 26, 1981",39%,32%,1.66,1.91,56%,2.55,43%,0.0,22,6,0
http://ufcstats.com/fighter-details/4f732e58ed907eff,"Sep 26, 1984",40%,35%,3.68,4.09,62%,0.74,75%,0.0,20,16,0
http://ufcstats.com/fighter-details/a0c64f272b65d441,"Feb 02, 1991",42%,51%,2.57,1.88,63%,2.83,46%,0.2,12,6,0
http://ufcstats.com/fighter-details/ce1e867808ef5fce,"Jul 19, 1987",59%,66%,3.37,2.57,57%,0.96,36%,0.0,8,2,0
http://ufcstats.com/fighter-details/25af5e832f17b474,"Jun 22, 1996",38%,100%,3.23,4.37,52%,2.50,100%,0.0,16,5,1
http://ufcstats.com/fighter-details/c07efc18b231f170,"Sep 25, 1987",35%,35%,1.56,2.32,59%,1.45,20%,1.2,14,7,0
http://ufcstats.com/fighter-details/c80095f6092271a7,"Jan 28, 1981",50%,34%,2.93,2.90,57%,1.45,59%,0.8,21,13,0
http://ufcstats.com/fighter-details/47cd337b86b1af92,"Dec 22, 1986",36%,29%,2.63,2.73,58%,0.97,57%,0.4,17,7,0
http://ufcstats.com/fighter-details/198994b47f395af0,"Jun 08, 1993",37%,44%,4.17,4.12,61%,2.91,0%,0.0,11,3,0
http://ufcstats.com/fighter-details/08e908ed6d18d6a0,"Oct 31, 1988",42%,55%,2.94,2.16,66%,2.16,50%,0.3,17,4,0
http://ufcstats.com/fighter-details/0ff11cc094e887bc,"Jul 28, 1982",57%,45%,6.37,2.33,57%,5.13,85%,0.4,14,3,0
http://ufcstats.com/fighter-details/88cd34d836b4ebcd,"Jul 23, 1991",44%,16%,3.26,3.63,53%,0.50,30%,0.0,10,7,2
http://ufcstats.com/fighter-details/bf0e700106d00e55,"Oct 22, 1991",41%,18%,4.52,6.38,62%,0.44,57%,0.2,16,6,0
http://ufcstats.com/fighter-details/2296125b6c362355,"Mar 01, 1989",42%,42%,1.61,3.02,56%,3.28,77%,0.4,20,9,0
http://ufcstats.com/fighter-details/87f19d19f4cb73f8,"Aug 22, 1988",51%,40%,3.60,1.83,52%,2.85,75%,0.0,14,2,0
http://ufcstats.com/fighter-details/2747c60e42d9d75f,"May 01, 1989",43%,33%,4.69,3.53,55%,0.94,77%,0.0,8,2,0
http://ufcstats.com/fighter-details/6f242453c91a5af0,"Dec 13, 1986",46%,40%,4.42,3.07,59%,3.89,82%,1.1,17,9,0
http://ufcstats.com/fighter-details/ef44e4ea9050f2ea,"Sep 11, 1990",41%,100%,1.50,4.15,44%,0.72,44%,0.0,6,3,0
http://ufcstats.com/fighter-details/f53c1f4ceeed8c08,"Dec 25, 1988",44%,36%,2.94,2.17,56%,3.01,52%,0.1,19,8,0
http://ufcstats.com/fighter-details/b5b684eac99ae0a3,"May 01, 1985",49%,55%,2.78,2.35,67%,4.13,100%,0.3,18,5,0
http://ufcstats.com/fighter-details/3ecd936bd8814108,"Jul 01, 1982",61%,65%,2.57,1.63,47%,2.77,42%,0.8,10,4,0
http://ufcstats.com/fighter-details/72ffecf712673af1,"Jul 03, 1987",46%,0%,3.85,4.79,43%,0.00,64%,0.0,8,4,0
http://ufcstats.com/fighter-details/e51ee8ded927fc51,"May 15, 1979",45%,30%,4.08,6.37,43%,2.02,33%,1.0,5,3,0
http://ufcstats.com/fighter-details/2fc7e9701642ca38,"Jan 21, 1987",50%,60%,3.13,3.73,55%,3.32,71%,1.3,10,4,0
http://ufcstats.com/fighter-details/c03a5022f8439f2a,"Jul 23, 1986",42%,54%,4.78,3.59,65%,1.05,78%,0.0,13,4,0
http://ufcstats.com/fighter-details/eef9b891edbd4604,"Mar 23, 1974",43%,55%,2.81,2.90,51%,0.51,64%,0.2,13,14,1
http://ufcstats.com/fighter-details/803bebcfb6d6f506,"Aug 11, 1995",32%,0%,0.67,2.27,38%,0.00,54%,0.0,6,1,0
http://ufcstats.com/fighter-details/acff437707625fc7,"Jul 21, 1981",38%,39%,2.06,2.25,60%,1.98,84%,0.5,34,12,0
http://ufcstats.com/fighter-details/35faad160d346839,"May 05, 1981",40%,50%,3.36,3.50,54%,1.36,58%,0.1,18,10,2
http://ufcstats.com/fighter-details/840d2c82ea68b9aa,"Aug 03, 1988",40%,33%,3.51,3.01,59%,0.25,63%,1.0,16,8,0
http://ufcstats.com/fighter-details/ac5a7400da3a9a41,"Sep 13, 1992",27%,14%,1.59,5.05,50%,0.68,33%,1.4,6,2,0
http://ufcstats.com/fighter-details/78863e4a28204a6b,"Jun 15, 1989",66%,0%,1.11,6.11,4%,0.00,0%,0.0,10,3,0
http://ufcstats.com/fighter-details/34218661c44ed55d,"Apr 20, 1984",0%,50%,0.00,4.03,40%,6.72,0%,0.0,4,1,0
http://ufcstats.com/fighter-details/5ef0088c1b19beeb,"Aug 04, 1984",34%,25%,2.53,3.61,54%,2.57,80%,0.8,21,9,0
http://ufcstats.com/fighter-details/9b1e3fb4f8cbd5b7,"Jun 29, 1983",48%,18%,2.55,2.62,46%,0.95,55%,0.0,12,6,0
http://ufcstats.com/fighter-details/18e8b7070228e728,"Jul 28, 1987",44%,50%,2.05,4.21,39%,0.35,47%,0.7,13,4,0
http://ufcstats.com/fighter-details/d1528ac5675558b1,"Nov 27, 1981",56%,0%,4.82,6.68,50%,0.00,62%,0.0,9,4,0
http://ufcstats.com/fighter-details/7c3c48cf54a2848e,"Oct 07, 1989",41%,43%,2.16,2.50,50%,3.03,41%,1.2,21,6,2
http://ufcstats.com/fighter-details/065eb44700e641a4,"Mar 01, 1988",41%,0%,2.88,3.67,51%,0.00,0%,0.6,9,4,0
http://ufcstats.com/fighter-details/d4a31850a7457f1b,"Oct 22, 1991",44%,38%,3.55,3.20,51%,1.53,28%,1.8,3,5,0
http://ufcstats.com/fighter-details/3956bdc8ab2e54b3,"Nov 24, 1985",37%,42%,1.65,3.72,46%,7.08,0%,0.0,5,1,0
http://ufcstats.com/fighter-details/b12fc8a41e82d3a2,"Jun 24, 1991",36%,71%,3.22,2.82,63%,0.95,51%,0.4,11,4,0
http://ufcstats.com/fighter-details/efa1f6b42c86793c,"Feb 05, 1992",38%,33%,1.68,1.87,48%,0.41,58%,0.4,10,2,0
http://ufcstats.com/fighter-details/bb1a2cdad6ff34db,"Jul 14, 1992",33%,31%,2.95,3.02,51%,1.31,47%,1.7,20,5,0
http://ufcstats.com/fighter-details/02f2a9702ba3d167,"Aug 11, 1986",41%,25%,3.52,4.82,50%,0.39,52%,0.0,13,15,1
http://ufcstats.com/fighter-details/51e86de150ee8be6,"Feb 27, 1987",34%,80%,3.68,5.64,50%,1.23,83%,0.3,12,5,0
http://ufcstats.com/fighter-details/a2b12c3f3d60ff69,"Jul 14, 1987",31%,52%,1.81,3.03,59%,3.72,66%,0.1,15,6,0
http://ufcstats.com/fighter-details/7d96bc577e5178b2,"May 09, 1979",32%,47%,1.92,2.64,66%,2.91,81%,0.7,13,7,1
http://ufcstats.com/fighter-details/4c7781da8c6cae93,"Oct 01, 1983",40%,44%,2.89,1.86,63%,2.13,58%,0.2,14,3,0
http://ufcstats.com/fighter-details/cfb65863d5099327,"Sep 06, 1981",40%,27%,2.13,2.99,52%,2.10,30%,1.1,28,9,0
http://ufcstats.com/fighter-details/e5bda12faabfc850,"Aug 21, 1993",43%,36%,1.81,2.22,47%,3.09,50%,1.0,10,5,0
http://ufcstats.com/fighter-details/db1f2ed63b54b9a7,"Feb 02, 1978",46%,48%,3.02,3.35,53%,1.69,77%,0.5,34,10,1
http://ufcstats.com/fighter-details/26b63bc5c0c1f65d,"Oct 25, 1978",54%,41%,2.97,5.10,50%,2.31,53%,1.0,5,5,0
http://ufcstats.com/fighter-details/0a95c474e61a6c44,"Aug 07, 1988",8%,0%,0.18,6.14,36%,0.00,25%,0.0,9,1,0
http://ufcstats.com/fighter-details/5d7bdab5e03e3216,"Aug 10, 1983",47%,54%,2.65,2.58,54%,3.55,62%,1.2,17,9,0
http://ufcstats.com/fighter-details/633a45d131192ffe,"Apr 21, 1984",42%,37%,2.47,1.59,64%,1.54,62%,0.2,23,13,1
http://ufcstats.com/fighter-details/99bcdf5eac39898f,"Nov 18, 1988",47%,42%,3.45,2.64,53%,3.25,100%,1.2,10,0,0
http://ufcstats.com/fighter-details/ba5e253af86db1a8,"Mar 31, 1986",32%,22%,4.02,6.07,50%,0.50,44%,0.0,17,9,0
http://ufcstats.com/fighter-details/231cae8b77fbbcc1,"Jul 15, 1993",69%,100%,4.80,0.40,78%,7.50,33%,0.0,14,2,0
http://ufcstats.com/fighter-details/3dd949593346dbc3,"Jul 01, 1990",40%,0%,1.23,3.28,39%,0.00,50%,0.8,14,9,0
http://ufcstats.com/fighter-details/81d9df19e255b8b6,"May 02, 1993",46%,57%,2.12,1.66,62%,4.54,69%,0.6,13,2,0
http://ufcstats.com/fighter-details/546f8599a63c29da,"Mar 05, 1986",40%,62%,0.96,1.78,46%,3.61,50%,0.7,8,2,0
http://ufcstats.com/fighter-details/27b164b0d1833df0,"Jul 23, 1986",56%,66%,2.23,1.44,45%,1.31,20%,0.7,18,8,1
http://ufcstats.com/fighter-details/6c7e25571490aa3b,"Mar 13, 1981",39%,20%,3.53,2.42,57%,1.37,38%,0.7,17,7,0
http://ufcstats.com/fighter-details/d81ac739417d7f53,"Mar 28, 1985",39%,47%,2.47,2.83,60%,2.04,86%,0.4,31,15,0
http://ufcstats.com/fighter-details/990bd63726a577f8,"Jul 03, 1986",38%,40%,3.07,3.55,48%,1.81,100%,0.0,15,5,0
http://ufcstats.com/fighter-details/53ec9cb470e1a4ea,"Aug 28, 1984",40%,33%,3.00,3.74,60%,0.42,50%,1.0,10,5,0
http://ufcstats.com/fighter-details/92437c6775b3f7d1,"Mar 20, 1984",43%,23%,2.57,2.55,56%,0.62,44%,1.1,19,7,0
http://ufcstats.com/fighter-details/2f95a3c6d58b2aad,"Aug 04, 1980",45%,62%,2.72,2.79,49%,1.44,60%,0.8,35,10,0
http://ufcstats.com/fighter-details/d2036f31c035e0d1,"Aug 02, 1992",36%,33%,4.37,9.84,50%,1.28,75%,0.0,8,1,0
http://ufcstats.com/fighter-details/b76c6268dc1d3c05,"Oct 25, 1989",29%,20%,2.75,3.31,71%,0.20,70%,0.2,9,4,0
http://ufcstats.com/fighter-details/8a304bfd6bf04a57,"Aug 13, 1986",54%,56%,3.43,1.66,67%,3.35,65%,0.5,27,3,1
http://ufcstats.com/fighter-details/74d35fbc9c6a61bd,"May 14, 1990",38%,0%,1.89,3.40,55%,0.00,33%,1.1,9,6,0
http://ufcstats.com/fighter-details/33a331684283900f,"Jan 11, 1984",41%,36%,4.32,4.39,55%,2.92,92%,0.5,29,6,0
http://ufcstats.com/fighter-details/2aa49b3766a59bcd,"Oct 10, 1989",44%,58%,3.35,2.55,69%,1.56,66%,0.2,31,12,0
http://ufcstats.com/fighter-details/42a7e90605df3c8a,"Feb 20, 1990",36%,35%,1.86,3.10,52%,2.64,43%,0.6,10,6,0
http://ufcstats.com/fighter-details/4bcb6eb12b4ad4aa,"Mar 10, 1979",45%,55%,2.98,2.95,58%,0.95,50%,0.2,12,5,0
http://ufcstats.com/fighter-details/917a5cb9821df261,"Jan 03, 1991",46%,20%,2.81,3.84,49%,1.41,50%,0.0,15,8,0
http://ufcstats.com/fighter-details/9fa568ad2bf2cb0b,"May 02, 1992",51%,63%,3.56,2.16,55%,3.42,82%,0.5,11,5,0
http://ufcstats.com/fighter-details/ed9d8ee3a4239b1c,"Mar 01, 1996",52%,34%,3.58,1.96,58%,1.81,41%,0.6,11,2,0
http://ufcstats.com/fighter-details/882d62561063a927,"Mar 17, 1989",51%,21%,4.51,4.00,65%,1.00,50%,0.0,4,3,0
http://ufcstats.com/fighter-details/4690d47bf725fd98,"Oct 19, 1983",58%,0%,7.09,4.57,53%,0.00,100%,0.0,1,2,0
http://ufcstats.com/fighter-details/f75c5ca0d91b9115,"Aug 17, 1991",77%,66%,1.98,2.26,65%,8.49,0%,0.0,3,1,1
http://ufcstats.com/fighter-details/523af801b3429015,"Apr 04, 1992",52%,0%,3.93,1.80,61%,0.00,57%,1.0,13,1,0
http://ufcstats.com/fighter-details/472f6f6e6d962f40,"Aug 30, 1979",30%,0%,4.04,4.67,66%,0.00,0%,1.3,10,4,0
http://ufcstats.com/fighter-details/f5f6419c5f00abad,"Mar 18, 1991",47%,75%,3.40,2.53,44%,3.00,70%,0.0,9,1,0
http://ufcstats.com/fighter-details/946db8a378903cc3,"Jul 05, 1995",38%,16%,1.93,2.80,40%,1.00,0%,0.0,6,1,0
http://ufcstats.com/fighter-details/683ea28a198936fe,"Jul 23, 1986",21%,0%,0.93,4.73,36%,0.00,71%,0.0,8,1,0
http://ufcstats.com/fighter-details/0b8d512c79b4baf3,"Dec 28, 1984",41%,28%,4.36,4.45,58%,0.64,61%,0.3,22,9,0
http://ufcstats.com/fighter-details/5140122c3eecd307,"Nov 27, 1991",33%,50%,3.80,4.49,56%,0.33,0%,0.0,6,2,0
http://ufcstats.com/fighter-details/4665f9f909cd7214,"Dec 01, 1985",58%,16%,3.23,3.75,45%,1.83,75%,0.0,10,3,0
http://ufcstats.com/fighter-details/71002dbc1743b9a7,"Feb 09, 1988",45%,47%,2.37,2.66,64%,0.93,41%,0.7,18,10,1
http://ufcstats.com/fighter-details/8c020156779f7888,"Jun 25, 1987",41%,0%,4.03,4.00,62%,0.00,100%,0.0,4,4,2
http://ufcstats.com/fighter-details/d50382dc0565a9e1,"Aug 28, 1993",30%,100%,2.70,4.48,58%,0.25,28%,0.2,13,2,0
http://ufcstats.com/fighter-details/ec664422b22d9787,"Aug 01, 1988",42%,66%,1.44,3.53,53%,0.55,51%,0.8,7,5,0
http://ufcstats.com/fighter-details/55ed59d541f8b90c,"Aug 11, 1990",37%,20%,3.04,4.47,52%,0.30,68%,0.0,9,7,1
http://ufcstats.com/fighter-details/199eb7cf6ae90294,"Jun 14, 1997",35%,0%,3.67,3.37,60%,0.00,60%,2.5,11,1,0
http://ufcstats.com/fighter-details/bc656db347f31e19,"Jul 28, 1989",49%,50%,3.44,3.58,36%,2.66,53%,1.1,19,12,0
http://ufcstats.com/fighter-details/ee779c43a8926d52,"Sep 25, 1979",37%,44%,2.14,2.42,63%,2.98,73%,0.0,19,8,1
http://ufcstats.com/fighter-details/a8c9d16fe2a14d72,"Oct 26, 1978",23%,11%,1.10,4.87,40%,0.87,0%,0.0,0,1,0
http://ufcstats.com/fighter-details/75e5fec9f72910ef,"Oct 07, 1983",31%,53%,1.95,2.51,63%,4.08,92%,0.8,33,14,0
http://ufcstats.com/fighter-details/34e552520a934063,"Jun 24, 1989",41%,15%,3.52,4.31,57%,0.32,63%,0.7,11,6,0
http://ufcstats.com/fighter-details/bdcbb976816fd256,"Oct 31, 1977",38%,34%,3.62,4.64,61%,1.86,78%,0.3,13,4,0
http://ufcstats.com/fighter-details/69f01b25dfabaf6b,"Mar 06, 1994",41%,47%,1.28,2.71,51%,3.45,22%,0.4,9,3,0
http://ufcstats.com/fighter-details/01fcef7e3d051722,"Oct 22, 1980",42%,0%,3.47,4.68,53%,0.00,52%,0.6,16,8,1
http://ufcstats.com/fighter-details/1b38a2b897f6209c,"May 08, 1984",50%,100%,5.40,1.80,59%,1.00,71%,0.0,8,2,0
http://ufcstats.com/fighter-details/09f579be4520394a,"Nov 11, 1991",40%,60%,1.37,2.14,52%,1.79,64%,0.9,10,2,0
http://ufcstats.com/fighter-details/4b1d46a1b5c0fd11,"May 02, 1982",38%,20%,3.23,3.70,47%,1.85,50%,0.0,13,1,0
http://ufcstats.com/fighter-details/0ee783aa00e468f0,"Apr 01, 1977",46%,60%,1.59,2.83,50%,1.02,53%,0.6,26,14,0
http://ufcstats.com/fighter-details/984d15d5dc7bfcf9,"Feb 13, 1989",26%,0%,0.65,3.64,21%,0.00,0%,0.0,8,3,0
http://ufcstats.com/fighter-details/f7a7f7118d4b01b6,"May 30, 1978",53%,65%,2.59,1.57,61%,1.21,75%,0.4,24,8,0
http://ufcstats.com/fighter-details/9ccf8371fd80d45d,"Jun 17, 1993",47%,12%,4.16,3.19,62%,0.32,85%,0.3,15,3,1
http://ufcstats.com/fighter-details/39330403ad27c2bb,"Sep 07, 1981",51%,41%,4.12,4.12,52%,2.71,100%,0.5,8,6,0
http://ufcstats.com/fighter-details/907e60fd13407e1e,"Feb 11, 1989",42%,40%,4.48,5.66,57%,0.71,68%,0.4,7,8,0
http://ufcstats.com/fighter-details/ad56b3f00ca38dfd,"Nov 22, 1983",53%,0%,3.97,3.30,54%,0.00,28%,0.0,13,4,0
http://ufcstats.com/fighter-details/e979c76341f19b22,"Jun 21, 1993",45%,25%,3.83,5.30,62%,0.42,46%,0.0,16,2,0
http://ufcstats.com/fighter-details/85ff1b9471d35238,"Jul 06, 1989",70%,66%,2.95,2.53,35%,3.16,100%,3.2,11,0,0
http://ufcstats.com/fighter-details/330bafba312face4,"Aug 10, 1991",36%,16%,2.38,3.55,37%,0.87,0%,0.0,7,2,0
http://ufcstats.com/fighter-details/f5990c11974d8e9c,"Sep 18, 1975",45%,35%,2.74,2.84,60%,1.80,70%,1.5,27,14,1
http://ufcstats.com/fighter-details/f50d95223751e6ca,"Aug 13, 1986",40%,45%,1.75,1.68,53%,2.11,52%,0.8,15,8,0
http://ufcstats.com/fighter-details/544d7460b3e44393,"May 25, 1991",35%,35%,3.81,3.96,56%,0.91,70%,0.2,7,4,1
http://ufcstats.com/fighter-details/1999ffb5cebc314f,"Jun 24, 1991",26%,0%,3.15,6.39,54%,0.00,0%,0.7,7,5,0
http://ufcstats.com/fighter-details/6da99156486ed6c2,"Apr 10, 1980",43%,36%,2.69,3.13,51%,2.53,72%,0.3,28,16,0
http://ufcstats.com/fighter-details/d024ed963e8bf7ea,"Dec 25, 1984",38%,27%,3.66,4.86,50%,0.68,53%,0.7,17,12,0
http://ufcstats.com/fighter-details/9be6020024133293,"Dec 24, 1985",39%,62%,3.35,5.82,35%,4.41,100%,0.9,9,4,0
http://ufcstats.com/fighter-details/826475cc758e60e6,"Feb 22, 1992",50%,25%,2.74,5.66,39%,4.47,0%,0.0,11,2,0
http://ufcstats.com/fighter-details/68f6e96c5fa6e044,"Sep 16, 1992",46%,52%,2.22,2.58,47%,5.73,66%,0.0,11,1,0
http://ufcstats.com/fighter-details/a4e85a58fbce64b2,"Mar 22, 1987",41%,21%,3.36,5.37,67%,0.85,70%,1.9,18,7,0
http://ufcstats.com/fighter-details/2fee10d5cf86bfca,"Mar 19, 1982",54%,100%,1.57,3.13,33%,3.91,50%,0.0,6,5,0
http://ufcstats.com/fighter-details/cc900af167fbedfd,"Mar 13, 1985",45%,24%,3.43,3.08,44%,1.09,69%,0.0,12,4,0
http://ufcstats.com/fighter-details/75a6a390fd5dca46,"Mar 15, 1982",44%,31%,1.94,2.11,55%,1.72,70%,0.0,9,5,0
http://ufcstats.com/fighter-details/fa37628269132d1a,"Jul 02, 1987",38%,7%,2.32,3.23,47%,0.37,35%,1.5,13,6,0
http://ufcstats.com/fighter-details/b69f24c500d783e7,"Feb 28, 1980",52%,24%,2.77,3.07,59%,2.22,83%,0.0,19,7,0
http://ufcstats.com/fighter-details/71f048adbfed5b49,"Oct 19, 1988",48%,50%,4.98,6.91,47%,2.80,66%,0.0,11,8,0
http://ufcstats.com/fighter-details/04b39f4e8eb59d7c,"Aug 04, 1987",48%,33%,2.45,2.70,55%,0.94,37%,0.0,6,4,0
http://ufcstats.com/fighter-details/e14b5aa06eea9653,"Sep 18, 1983",41%,45%,2.65,2.31,59%,2.18,40%,0.4,15,8,0
http://ufcstats.com/fighter-details/5866fc86183a9fb8,"Jun 21, 1984",48%,35%,2.50,4.18,49%,0.85,56%,1.4,19,9,0
http://ufcstats.com/fighter-details/8a56ea383fd26e52,"May 22, 1982",45%,100%,3.63,3.63,54%,2.37,50%,0.0,5,3,0
http://ufcstats.com/fighter-details/fae67903c4fe636b,"Oct 29, 1987",33%,37%,1.36,3.92,45%,3.07,0%,0.5,9,3,0
http://ufcstats.com/fighter-details/2a4200ead401a9ce,"Aug 28, 1996",37%,33%,1.74,3.93,44%,1.37,66%,0.0,6,2,0
http://ufcstats.com/fighter-details/bd878a638e0e3be3,"Aug 02, 1983",28%,25%,1.53,4.92,42%,0.40,28%,0.4,11,9,0
http://ufcstats.com/fighter-details/b59037262c8fe060,"Aug 22, 1981",48%,100%,7.69,5.53,59%,0.35,58%,0.0,10,3,0
http://ufcstats.com/fighter-details/b96939f2b8d88e82,"Sep 16, 1990",34%,0%,4.44,4.31,64%,0.00,0%,0.0,4,5,0
http://ufcstats.com/fighter-details/2db0c114414d4f06,"Mar 09, 1989",20%,0%,1.20,1.80,76%,0.00,0%,0.0,3,3,0
http://ufcstats.com/fighter-details/c7be22a47a58365a,"Nov 08, 1985",58%,100%,5.00,3.00,64%,7.50,0%,0.0,8,9,0
http://ufcstats.com/fighter-details/404ecb2700844072,"Nov 18, 1984",58%,0%,3.13,3.27,58%,0.00,0%,1.0,8,3,1
http://ufcstats.com/fighter-details/2b93ebd9f5417ad2,"Feb 28, 1979",38%,43%,4.33,2.71,65%,1.05,63%,0.3,30,9,0
http://ufcstats.com/fighter-details/efd2b3e9bb7965a4,"Jun 20, 1987",10%,0%,0.70,1.88,72%,0.00,0%,0.0,5,3,0
http://ufcstats.com/fighter-details/dd12382f28296f7b,"Mar 14, 1986",43%,0%,4.73,3.27,60%,0.00,0%,0.0,20,1,1
http://ufcstats.com/fighter-details/05b43e0ead3df345,"Apr 11, 1991",43%,57%,3.89,4.75,53%,2.00,61%,0.6,4,5,0
http://ufcstats.com/fighter-details/7dfb56f24fe5ddea,"Mar 26, 1990",37%,33%,3.42,3.95,51%,2.37,100%,1.6,8,4,0
http://ufcstats.com/fighter-details/c727c7d31c50c4cf,"Apr 14, 1980",65%,42%,3.91,3.02,45%,2.62,78%,0.0,15,9,0
http://ufcstats.com/fighter-details/e9bc5748e6a76bb6,"Sep 15, 1985",43%,16%,1.95,3.66,43%,0.54,33%,0.0,13,3,0
http://ufcstats.com/fighter-details/b6e6c3b1dcaae0a1,"Oct 08, 1986",59%,51%,4.26,2.54,56%,2.08,82%,0.3,18,4,0
http://ufcstats.com/fighter-details/fcce75a25c14a804,"Dec 18, 1988",34%,25%,2.18,2.31,57%,0.67,55%,0.5,15,6,1
http://ufcstats.com/fighter-details/a8e6a69796280f17,"Apr 20, 1979",49%,51%,2.71,2.32,55%,1.87,70%,0.8,35,19,2
http://ufcstats.com/fighter-details/d761b3766e38c5db,"Oct 22, 1985",46%,8%,3.83,4.52,64%,0.45,75%,0.5,9,3,0
http://ufcstats.com/fighter-details/5e84a859c6a82288,"Dec 22, 1984",29%,0%,2.91,5.98,48%,0.00,36%,0.0,8,3,0
http://ufcstats.com/fighter-details/0941df56f6ac954b,"Sep 12, 1983",45%,46%,3.49,3.99,53%,3.83,63%,0.3,18,8,0
http://ufcstats.com/fighter-details/6506c1d34da9c013,"May 19, 1981",53%,74%,3.78,1.40,72%,4.16,83%,1.1,26,2,0
http://ufcstats.com/fighter-details/9123c54d0a2b72dd,"Jul 01, 1980",44%,0%,2.76,4.02,42%,0.00,33%,0.0,8,3,1
http://ufcstats.com/fighter-details/ed209f6618c82e41,"Jun 16, 1984",41%,39%,2.08,3.31,55%,2.50,76%,0.5,23,6,1
http://ufcstats.com/fighter-details/bf43fed8f29e1671,"Jan 18, 1992",34%,46%,1.41,2.02,47%,2.46,37%,1.3,23,7,0
http://ufcstats.com/fighter-details/cd01f0b768a32475,"Jul 17, 1987",48%,100%,2.92,5.65,56%,0.37,80%,0.0,7,3,0
http://ufcstats.com/fighter-details/ec71a892fada28c7,"May 18, 1986",37%,50%,2.07,1.93,63%,0.70,46%,0.2,8,6,0
http://ufcstats.com/fighter-details/1ebdcb7488d0ebee,"Aug 12, 1986",37%,11%,2.23,4.07,57%,1.04,0%,0.5,6,3,0
http://ufcstats.com/fighter-details/24174a3f44ce8e03,"Aug 28, 1997",31%,0%,6.23,7.77,55%,0.00,0%,0.0,5,2,0
http://ufcstats.com/fighter-details/b0bd0c5425668b8f,"Sep 01, 1989",60%,14%,3.89,5.28,40%,0.25,22%,0.2,14,5,0
http://ufcstats.com/fighter-details/3be081c29bf734d9,"Sep 22, 1978",41%,65%,3.81,3.52,60%,1.23,63%,0.8,35,14,0
http://ufcstats.com/fighter-details/203c957eac95dd87,"Jan 16, 1985",41%,100%,4.45,5.07,51%,0.23,73%,0.2,13,7,1
http://ufcstats.com/fighter-details/78d48d3874dacafd,"Aug 05, 1981",42%,100%,2.47,2.47,69%,0.65,0%,0.0,14,5,0
http://ufcstats.com/fighter-details/4ac1ecf8ce59ef23,"Nov 23, 1985",39%,40%,2.50,2.94,52%,2.33,23%,0.0,12,4,0
http://ufcstats.com/fighter-details/7dcf06c1967801c1,"Dec 16, 1982",38%,80%,1.80,2.14,65%,0.83,81%,0.4,28,9,0
http://ufcstats.com/fighter-details/c76ec2bc3a57666a,"Nov 24, 1985",34%,15%,2.35,3.27,47%,0.64,50%,0.4,11,5,0
http://ufcstats.com/fighter-details/d6285cba1d1052e0,"Mar 30, 1980",35%,0%,1.23,5.95,47%,0.00,33%,0.0,10,6,0
http://ufcstats.com/fighter-details/66ab58d0b3783607,"Feb 06, 1986",49%,18%,2.20,3.00,54%,0.85,10%,2.1,12,3,0
http://ufcstats.com/fighter-details/37e03538c960bac6,"Nov 25, 1991",61%,100%,10.22,0.13,92%,3.98,0%,2.0,17,4,0
http://ufcstats.com/fighter-details/449c890bd90f3374,"Jul 19, 1986",52%,25%,3.31,2.33,65%,3.49,71%,1.4,14,4,0
http://ufcstats.com/fighter-details/3f11b5d4bd76a6d9,"May 12, 1980",36%,0%,4.00,7.65,51%,0.00,0%,0.0,20,5,0
http://ufcstats.com/fighter-details/96c336b463e0662c,"May 11, 1989",41%,41%,1.64,2.17,54%,1.75,50%,0.3,10,4,0
http://ufcstats.com/fighter-details/c8097968da5e5f13,"Sep 30, 1987",53%,51%,1.70,1.75,51%,2.60,55%,1.1,12,3,0
http://ufcstats.com/fighter-details/0dba4df5f34d5ff0,"Dec 25, 1982",47%,34%,3.10,2.48,57%,2.55,77%,0.5,21,9,1
http://ufcstats.com/fighter-details/8d5350fa18b79e9a,"Feb 20, 1988",31%,0%,2.40,3.47,42%,0.00,25%,0.0,11,2,0
http://ufcstats.com/fighter-details/76984112f697631f,"Aug 17, 1982",40%,0%,7.56,8.41,51%,0.00,62%,0.0,10,7,1
http://ufcstats.com/fighter-details/e81dd0bb8a64b550,"Dec 17, 1980",19%,0%,1.64,7.21,53%,0.00,0%,0.0,3,3,0
http://ufcstats.com/fighter-details/49a74b9fb2e45fdf,"Aug 30, 1979",41%,27%,3.56,3.79,58%,0.78,53%,1.6,16,13,0
http://ufcstats.com/fighter-details/3236bf606fe9fa5b,"Jul 17, 1982",41%,68%,2.93,4.31,42%,1.21,75%,0.2,18,7,1
http://ufcstats.com/fighter-details/470fedbc8563ac47,"Aug 31, 1982",57%,26%,3.09,3.29,47%,0.56,68%,0.1,19,8,1
http://ufcstats.com/fighter-details/dd992d569aaebee6,"Jan 02, 1983",65%,50%,1.94,0.55,38%,7.28,100%,3.1,31,15,0
http://ufcstats.com/fighter-details/cc81c92fe2254935,"Sep 23, 1986",26%,11%,3.53,7.07,43%,1.00,0%,0.0,19,10,0
http://ufcstats.com/fighter-details/7195e2a932686f82,"Jul 06, 1987",17%,0%,2.31,6.92,44%,0.00,0%,0.0,7,1,0
http://ufcstats.com/fighter-details/1f4b04a926ef1287,"Jun 28, 1989",38%,45%,3.95,2.66,61%,1.70,72%,0.2,22,6,0
http://ufcstats.com/fighter-details/5f87a5c00b3d17ed,"Jan 13, 1979",32%,32%,3.87,2.67,65%,0.87,65%,0.3,23,11,0
http://ufcstats.com/fighter-details/30ea504870f8597b,"Nov 19, 1984",54%,0%,3.22,3.54,54%,0.00,87%,1.0,4,8,0
http://ufcstats.com/fighter-details/2d447cc91bdaa545,"Nov 07, 1978",41%,0%,3.78,3.29,46%,0.00,0%,0.0,14,6,0
http://ufcstats.com/fighter-details/9bcf8603ceb25680,"Nov 17, 1981",49%,43%,2.12,1.89,58%,2.93,71%,0.6,22,4,1
http://ufcstats.com/fighter-details/0749d968e932df53,"Sep 06, 1986",47%,36%,4.05,3.06,62%,0.52,84%,0.1,16,7,0
http://ufcstats.com/fighter-details/c13042265355a290,"Jun 18, 1989",41%,100%,3.29,3.45,47%,0.78,26%,0.0,9,2,0
http://ufcstats.com/fighter-details/71df36d6d8cf0d74,"May 01, 1981",44%,20%,1.87,3.92,41%,1.59,28%,0.3,18,7,2
http://ufcstats.com/fighter-details/68c11c27d4d56572,"Jan 27, 1988",49%,42%,2.32,2.42,50%,2.95,76%,0.0,14,9,0
http://ufcstats.com/fighter-details/0c670b443c3d269f,"Mar 14, 1984",26%,0%,3.19,6.65,49%,0.00,100%,0.0,29,11,0
http://ufcstats.com/fighter-details/6c2030e0a143a94b,"Nov 20, 1986",44%,19%,3.57,2.96,56%,0.27,57%,0.5,24,13,0
http://ufcstats.com/fighter-details/e25bcbcdaf6537a1,"Jun 20, 1978",46%,33%,2.51,3.31,66%,3.17,89%,0.5,14,6,0
http://ufcstats.com/fighter-details/2b6d855c6e280fb1,"May 02, 1990",43%,0%,4.12,4.65,47%,0.00,50%,0.5,7,4,0
http://ufcstats.com/fighter-details/8b5f9ea38184ded3,"Apr 05, 1986",35%,19%,3.56,3.80,57%,1.16,82%,0.2,13,5,0
http://ufcstats.com/fighter-details/a36556bb1565e32d,"Aug 10, 1985",36%,0%,3.39,3.93,59%,0.00,70%,1.8,11,5,0
http://ufcstats.com/fighter-details/9eef6584fab21fbb,"Oct 26, 1984",32%,55%,3.13,3.40,58%,5.00,0%,0.0,8,3,0
http://ufcstats.com/fighter-details/443f60bec7c3c3d5,"Mar 09, 1986",48%,42%,4.08,5.85,40%,1.85,30%,1.2,8,3,0
http://ufcstats.com/fighter-details/15ec018d144710db,"Jul 24, 1978",52%,47%,3.88,2.40,61%,3.17,50%,0.0,15,7,0
http://ufcstats.com/fighter-details/3d5b1ce6097dbb49,"Mar 03, 1983",34%,33%,2.42,3.91,56%,1.75,80%,0.0,6,2,0
http://ufcstats.com/fighter-details/3f7c14c7eca7195d,"Jun 20, 1976",36%,27%,2.18,4.79,46%,1.14,65%,0.1,22,14,0
http://ufcstats.com/fighter-details/7ea1f74cef32f906,"Nov 29, 1984",49%,57%,4.40,3.05,54%,0.67,89%,0.2,20,2,0
http://ufcstats.com/fighter-details/1971869b7e054261,"Sep 22, 1986",39%,16%,3.21,4.75,51%,0.36,83%,0.0,14,7,0
http://ufcstats.com/fighter-details/9fa3bd637edd9aa2,"Feb 29, 1980",48%,20%,2.81,3.21,48%,0.68,43%,0.2,23,11,0
http://ufcstats.com/fighter-details/365fee2da473b177,"Mar 06, 1984",47%,57%,3.25,1.83,60%,2.43,77%,0.6,22,6,0
http://ufcstats.com/fighter-details/232c582f29f8f65e,"Aug 01, 1985",50%,60%,3.75,1.21,68%,1.59,59%,1.1,42,6,2
http://ufcstats.com/fighter-details/06827d70c53ff0d9,"May 20, 1988",46%,18%,3.03,3.52,52%,0.44,65%,0.7,14,4,0
http://ufcstats.com/fighter-details/c945adc22c2bfe8f,"Sep 24, 1978",31%,44%,3.02,4.63,55%,2.47,58%,0.4,25,14,0
http://ufcstats.com/fighter-details/f215cfbd4ba3c270,"Sep 01, 1982",54%,22%,3.56,2.94,45%,1.15,34%,0.9,13,6,0
http://ufcstats.com/fighter-details/b71ce838b01f2cad,"Mar 21, 1984",44%,30%,2.04,3.14,53%,0.59,36%,0.8,14,7,0
http://ufcstats.com/fighter-details/b8aef0faf4ce9b31,"Feb 01, 1986",33%,43%,2.46,3.55,59%,1.45,70%,0.9,15,8,0
http://ufcstats.com/fighter-details/bf9bc96336922271,"Jul 21, 1982",41%,0%,2.48,2.53,64%,0.00,64%,0.0,10,5,0
http://ufcstats.com/fighter-details/f9081770e28ea2e1,"Nov 26, 1982",40%,27%,3.76,2.89,59%,1.97,25%,0.8,13,5,0
http://ufcstats.com/fighter-details/64360e618823a8e4,"Feb 03, 1984",35%,28%,1.79,2.48,56%,0.99,44%,0.7,11,8,1
http://ufcstats.com/fighter-details/1c86754617d9813a,"Jun 02, 1978",46%,42%,1.46,1.82,62%,3.05,83%,1.4,21,11,0
http://ufcstats.com/fighter-details/64788ee44b062ded,"Oct 04, 1990",37%,38%,1.97,1.99,50%,2.40,43%,0.2,11,3,0
http://ufcstats.com/fighter-details/eeabcd4dc6619129,"Sep 03, 1984",46%,33%,1.32,3.39,44%,2.83,50%,0.0,5,3,0
http://ufcstats.com/fighter-details/3ec1e4ba98c9c85a,"Nov 04, 1989",25%,100%,0.79,2.75,45%,0.79,50%,0.0,17,5,0
http://ufcstats.com/fighter-details/1a98c9dbb7fc3959,"Oct 04, 1985",31%,25%,2.96,4.83,56%,0.34,81%,0.0,6,4,0
http://ufcstats.com/fighter-details/202b0467521c9d6f,"Jul 15, 1990",36%,28%,1.58,2.54,56%,3.29,100%,0.0,10,4,0
http://ufcstats.com/fighter-details/638cfec7ec559d6e,"Jul 11, 1985",42%,66%,2.70,3.63,52%,1.36,50%,0.7,11,5,0
http://ufcstats.com/fighter-details/8bdac25ce0bb874d,"Feb 01, 1987",52%,68%,4.17,4.14,44%,6.26,50%,4.8,12,2,0
http://ufcstats.com/fighter-details/282fa667ff9c51ed,"Apr 26, 1984",33%,36%,3.00,3.88,59%,0.60,38%,1.8,21,11,0
http://ufcstats.com/fighter-details/48e093ea1f43a053,"Dec 16, 1983",37%,57%,3.37,3.27,57%,1.46,70%,0.1,21,11,2
http://ufcstats.com/fighter-details/0ccab7c889ede9ea,"Sep 22, 1979",26%,25%,1.58,1.89,61%,2.84,84%,0.0,3,2,0
http://ufcstats.com/fighter-details/c06a9b48d4132c8e,"Apr 10, 1988",48%,0%,2.39,3.86,40%,0.00,79%,0.2,9,5,0
http://ufcstats.com/fighter-details/57ab4d7c0bc09a30,"Apr 19, 1983",43%,30%,1.94,2.24,62%,3.71,56%,0.3,20,8,0
http://ufcstats.com/fighter-details/46a2f24feb258ae0,"Apr 29, 1983",37%,45%,4.51,5.40,58%,0.77,66%,0.3,8,6,0
http://ufcstats.com/fighter-details/3c660c90d48fc80d,"Sep 01, 1979",47%,35%,2.78,1.84,62%,2.58,70%,0.7,18,6,0
http://ufcstats.com/fighter-details/8ce87f7e3a9baed2,"Apr 12, 1987",35%,11%,3.69,4.23,59%,0.63,33%,0.3,20,7,2
http://ufcstats.com/fighter-details/e3779ef06e98f185,"Nov 14, 1985",36%,40%,3.58,4.81,62%,1.76,0%,0.0,5,1,0
http://ufcstats.com/fighter-details/cb52f9490c2dc069,"Sep 02, 1983",48%,0%,5.46,6.77,45%,0.00,30%,0.5,17,9,0
http://ufcstats.com/fighter-details/83825fad27ab3581,"Aug 13, 1993",39%,100%,1.04,2.92,45%,1.56,50%,0.8,7,2,0
http://ufcstats.com/fighter-details/494b0bfdbac74502,"Jun 24, 1987",47%,43%,1.90,2.77,39%,2.22,36%,0.6,6,3,0
http://ufcstats.com/fighter-details/28c55b4087a6f136,"Jul 19, 1986",40%,0%,3.41,4.27,38%,0.00,81%,0.0,15,6,1
http://ufcstats.com/fighter-details/303a05a7aa3ff761,"Dec 01, 1988",46%,40%,3.84,2.72,58%,1.55,66%,0.2,9,5,0
http://ufcstats.com/fighter-details/5ea918ea81b7dee2,"Feb 07, 1991",21%,16%,1.44,2.82,48%,0.66,58%,0.0,2,4,0
http://ufcstats.com/fighter-details/c169545ab0825f44,"May 27, 1990",31%,37%,1.51,5.07,52%,0.83,38%,0.6,9,3,0
http://ufcstats.com/fighter-details/165c244bcca3ed26,"Mar 08, 1987",39%,0%,4.20,5.15,61%,0.00,66%,0.2,17,8,0
http://ufcstats.com/fighter-details/7339d340aa2889cb,"Mar 18, 1980",50%,54%,3.23,2.09,64%,1.53,66%,0.8,22,10,1
http://ufcstats.com/fighter-details/2c1170b825f58e57,"Dec 15, 1981",41%,50%,2.66,1.91,61%,1.09,62%,0.3,5,4,1
http://ufcstats.com/fighter-details/5823ceab56741617,"Aug 04, 1987",50%,33%,3.47,1.43,69%,0.58,58%,0.0,8,1,0
http://ufcstats.com/fighter-details/3058888c33149a53,"Nov 16, 1989",44%,33%,2.17,4.34,48%,1.36,0%,0.0,9,3,0
http://ufcstats.com/fighter-details/c0ab242c40decc55,"Jun 07, 1983",43%,44%,2.82,1.39,71%,3.37,80%,0.4,23,5,0
http://ufcstats.com/fighter-details/072a10e85f7d4bff,"Aug 04, 1989",31%,45%,0.87,3.43,58%,2.34,0%,0.0,11,6,0
http://ufcstats.com/fighter-details/cc6f9d1e89f3449a,"May 08, 1981",41%,34%,2.13,2.83,55%,3.26,69%,0.7,15,10,0
http://ufcstats.com/fighter-details/1536a25e16fc299b,"Oct 06, 1984",49%,0%,3.68,4.64,56%,0.00,33%,0.0,3,2,0
http://ufcstats.com/fighter-details/3dd92ff9fb0412b3,"Jun 10, 1985",42%,36%,2.85,3.09,52%,2.51,65%,0.3,15,6,0
http://ufcstats.com/fighter-details/0e21976afc92e4d1,"Apr 10, 1982",51%,64%,2.38,3.02,40%,2.87,66%,1.0,14,5,0
http://ufcstats.com/fighter-details/af62f99eb7606308,"Nov 19, 1989",40%,55%,3.16,2.09,66%,3.16,69%,0.2,17,6,0
http://ufcstats.com/fighter-details/dd4c16777fb2ccf9,"Sep 19, 1980",49%,4%,3.69,5.62,50%,0.33,80%,0.3,7,6,0
http://ufcstats.com/fighter-details/459e4dc69ec669b2,"Jun 08, 1979",24%,33%,1.73,3.55,66%,0.70,100%,0.0,11,3,1
http://ufcstats.com/fighter-details/8163cd7de0342652,"Nov 19, 1985",44%,36%,2.79,2.06,64%,2.29,66%,0.0,7,5,0
http://ufcstats.com/fighter-details/4665cbf36b08193b,"Jan 16, 1993",30%,0%,2.37,4.17,48%,0.00,46%,0.0,5,4,0
http://ufcstats.com/fighter-details/1ccf4e7caff270df,"Aug 24, 1970",47%,52%,2.44,2.70,51%,1.52,57%,0.3,32,15,0
http://ufcstats.com/fighter-details/fb41432b622992a9,"Nov 27, 1990",35%,25%,2.06,3.88,57%,1.01,66%,0.0,13,3,0
http://ufcstats.com/fighter-details/ff6a1f63c254127e,"Dec 26, 1991",42%,20%,3.76,3.34,58%,0.20,75%,0.0,18,4,0
http://ufcstats.com/fighter-details/5713c1d2fac539ac,"Jun 29, 1988",43%,100%,4.15,7.32,40%,3.97,16%,0.0,12,3,0
http://ufcstats.com/fighter-details/9c42a0de8e012870,"Apr 09, 1985",48%,0%,4.01,3.61,52%,0.00,44%,0.0,4,2,0
http://ufcstats.com/fighter-details/eff47295daf721a6,"Nov 05, 1986",49%,50%,2.07,1.60,46%,2.28,33%,2.5,14,5,0
http://ufcstats.com/fighter-details/8349d55cdecd393a,"Sep 14, 1979",45%,29%,2.89,3.09,50%,0.82,66%,0.8,19,12,1
http://ufcstats.com/fighter-details/00a3ff40c4b2cf21,"Feb 28, 1991",42%,42%,2.35,3.46,47%,2.68,76%,0.3,15,5,0
http://ufcstats.com/fighter-details/4b8fb0453a596b8e,"Sep 17, 1987",38%,0%,0.97,2.44,39%,0.00,38%,3.8,17,10,1
http://ufcstats.com/fighter-details/3a28e1e641366308,"Aug 29, 1989",49%,28%,3.73,3.33,50%,2.00,0%,0.0,7,1,0
http://ufcstats.com/fighter-details/4a1329cc8eb0928a,"Oct 16, 1983",44%,36%,4.11,3.19,66%,1.85,63%,0.3,12,8,1
http://ufcstats.com/fighter-details/0778f94eb5d588a5,"Jul 21, 1986",28%,100%,2.44,4.46,55%,0.62,50%,0.0,6,2,0
http://ufcstats.com/fighter-details/6e0273f9478be71e,"Feb 14, 1984",47%,26%,3.72,3.02,52%,1.37,57%,0.8,15,5,0
http://ufcstats.com/fighter-details/cc98d857b148e33a,"Apr 15, 1982",56%,0%,2.35,2.99,44%,0.00,52%,1.0,11,5,0
http://ufcstats.com/fighter-details/94508d80e1f885fc,"Oct 25, 1984",46%,0%,3.46,2.66,56%,0.00,66%,0.0,15,3,0
http://ufcstats.com/fighter-details/0c5c66ddd1886b83,"Dec 14, 1987",40%,15%,2.27,2.78,56%,1.05,58%,1.6,10,3,0
http://ufcstats.com/fighter-details/ab850a77a0fa487d,"Jun 25, 1987",32%,33%,4.24,4.02,60%,0.14,68%,0.0,12,6,0
http://ufcstats.com/fighter-details/159da492e000afbf,"Nov 11, 1985",48%,37%,2.39,2.08,63%,1.76,65%,0.4,20,6,1
http://ufcstats.com/fighter-details/ad3f53c454cbbead,"Nov 10, 1977",50%,55%,3.20,2.11,57%,1.26,55%,1.4,35,8,0
http://ufcstats.com/fighter-details/d1e1fdcea7c8a90a,"Sep 19, 1983",37%,22%,2.08,3.17,58%,2.38,50%,1.2,13,6,0
http://ufcstats.com/fighter-details/9a2d3567abc02e34,"Apr 15, 1983",38%,33%,2.72,2.07,66%,0.49,57%,0.5,18,10,0
http://ufcstats.com/fighter-details/784285b7ae7dd85f,"Jan 21, 1987",59%,28%,3.99,3.19,55%,1.36,82%,0.0,14,6,0
http://ufcstats.com/fighter-details/8d9586726252dbf7,"Jun 15, 1981",53%,22%,2.27,3.76,46%,0.79,27%,0.4,9,5,2
http://ufcstats.com/fighter-details/5b5307450405abf0,"Aug 28, 1984",41%,48%,3.80,2.17,62%,2.53,63%,0.9,19,9,0
http://ufcstats.com/fighter-details/9450848a71d53776,"Sep 03, 1986",46%,42%,3.53,2.74,63%,0.27,79%,0.1,18,6,0
http://ufcstats.com/fighter-details/8f2deefe8c5dfb5d,"Aug 08, 1984",52%,50%,1.79,3.49,45%,2.83,66%,0.0,12,2,0
http://ufcstats.com/fighter-details/dcbf01d605681ad1,"Aug 20, 1986",33%,25%,2.60,3.07,58%,0.75,53%,0.2,6,6,0
http://ufcstats.com/fighter-details/80d918336163b80c,"May 08, 1978",44%,48%,2.04,2.01,50%,3.63,63%,1.1,36,11,2
http://ufcstats.com/fighter-details/cd85b48dc880fabd,"Sep 15, 1990",26%,0%,0.86,2.91,46%,0.00,50%,0.0,4,3,0
http://ufcstats.com/fighter-details/7ea4a9f07df33a45,"Oct 08, 1981",41%,63%,4.07,3.16,68%,1.01,68%,0.6,11,7,0
http://ufcstats.com/fighter-details/49f78022126bf4a4,"Jan 31, 1991",45%,75%,5.37,5.20,56%,7.32,0%,2.4,8,3,0
http://ufcstats.com/fighter-details/3f1d23b01c552a13,"Jan 08, 1991",54%,52%,1.25,1.47,58%,4.80,66%,0.4,6,0,1
http://ufcstats.com/fighter-details/fe5a9547479396ab,"Oct 14, 1986",40%,41%,2.90,4.38,56%,2.26,80%,0.3,13,3,0
http://ufcstats.com/fighter-details/d52ef694108f8235,"Feb 06, 1965",0%,0%,0.00,0.40,50%,0.00,0%,0.0,1,1,0
http://ufcstats.com/fighter-details/d0314416a7f26527,"Jan 15, 1991",42%,66%,2.69,2.76,57%,1.09,52%,1.4,17,4,0
http://ufcstats.com/fighter-details/5904b0b38dc6718d,"Jul 12, 1990",25%,30%,1.41,2.80,51%,2.82,0%,0.0,13,6,1
http://ufcstats.com/fighter-details/175852708cb55776,"Mar 29, 1994",50%,100%,2.50,3.07,52%,0.85,40%,1.7,5,2,0
http://ufcstats.com/fighter-details/9deff9e3e8d94d47,"Mar 14, 1988",52%,33%,2.08,2.47,34%,1.09,33%,0.4,13,4,0
http://ufcstats.com/fighter-details/513c6f1715e547a8,"Jul 12, 1977",72%,55%,3.53,2.11,50%,3.90,60%,0.5,5,3,0
http://ufcstats.com/fighter-details/23a6e307077c6ccc,"Sep 02, 1986",33%,38%,1.43,3.00,50%,2.50,60%,1.0,10,4,0
http://ufcstats.com/fighter-details/8a59d346dc976a10,"Nov 08, 1984",40%,42%,2.00,2.31,62%,3.83,62%,1.5,21,7,1
http://ufcstats.com/fighter-details/8c822811eedc11ad,"May 10, 1987",64%,60%,2.99,2.31,52%,6.11,0%,0.0,7,3,0
http://ufcstats.com/fighter-details/9ab9912e0f8fa6d6,"May 10, 1988",39%,0%,3.13,4.07,42%,0.00,100%,0.0,3,1,0
http://ufcstats.com/fighter-details/b8c0f30ee9a98b69,"Feb 24, 1982",39%,22%,1.75,1.78,48%,2.02,56%,0.5,15,4,0
http://ufcstats.com/fighter-details/8270c00fae24c922,"Sep 26, 1984",36%,31%,2.37,3.33,53%,2.50,100%,1.5,19,3,0
http://ufcstats.com/fighter-details/e4d2564ea0e34e2b,"Apr 13, 1985",30%,0%,3.13,4.56,46%,0.00,33%,0.0,11,5,0
http://ufcstats.com/fighter-details/12f1b140e248bdb9,"Oct 01, 1979",64%,33%,0.88,1.14,46%,2.20,50%,1.6,16,3,0
http://ufcstats.com/fighter-details/e023fa2e648ea0f1,"Jul 29, 1981",52%,33%,5.99,5.38,50%,0.92,100%,0.0,12,2,0
http://ufcstats.com/fighter-details/cbd5d3cdd862e90e,"Jul 22, 1989",42%,47%,3.75,2.80,62%,1.77,88%,0.4,19,4,0
http://ufcstats.com/fighter-details/55f446032177b119,"Aug 06, 1985",35%,58%,3.45,3.18,61%,1.60,78%,0.2,10,5,0
http://ufcstats.com/fighter-details/7cdd3e5d3aa9cb39,"May 13, 1983",47%,35%,2.02,1.98,62%,2.89,37%,1.2,13,3,0
http://ufcstats.com/fighter-details/6ded9184b2284645,"Jan 21, 1987",38%,0%,1.80,4.28,38%,0.00,67%,0.4,12,7,0
http://ufcstats.com/fighter-details/2de91c2244ad7e89,"Apr 11, 1989",23%,52%,0.48,2.53,39%,4.07,28%,0.0,9,5,0
http://ufcstats.com/fighter-details/83fd97284f4bb4a4,"Jan 15, 1986",44%,40%,2.92,2.30,63%,1.31,66%,0.8,28,12,0
http://ufcstats.com/fighter-details/92b62174c175ce19,"Nov 21, 1986",42%,35%,3.36,3.44,56%,1.02,60%,0.0,11,6,0
http://ufcstats.com/fighter-details/56c9acc4e86046a2,"Feb 21, 1981",43%,18%,2.40,2.64,48%,1.04,53%,0.3,9,3,0
http://ufcstats.com/fighter-details/7413b80dbb0f8f9f,"Nov 11, 1988",35%,0%,2.87,4.14,60%,0.00,76%,0.5,19,3,0
http://ufcstats.com/fighter-details/38ed5a2299230227,"Jul 21, 1992",0%,0%,0.00,0.88,33%,0.00,0%,0.0,12,2,2
http://ufcstats.com/fighter-details/53278852bcd91e11,"Jan 02, 1979",45%,29%,2.25,4.26,40%,0.87,51%,0.2,28,13,0
http://ufcstats.com/fighter-details/270b89c00ef0c55c,"May 18, 1979",45%,39%,2.12,2.94,57%,2.80,66%,1.1,17,11,0
http://ufcstats.com/fighter-details/1dafccb62a0f98ec,"Apr 12, 1983",46%,30%,2.33,1.99,62%,1.90,45%,0.0,14,4,0
http://ufcstats.com/fighter-details/d7adfcfdf7c6c1f8,"Nov 19, 1986",7%,0%,0.11,7.36,31%,0.00,0%,12.1,9,3,0
http://ufcstats.com/fighter-details/f9ae6914f604aa9f,"Oct 22, 1986",33%,18%,1.57,3.90,60%,3.00,75%,0.5,19,2,1
http://ufcstats.com/fighter-details/d221ee27afc7a60e,"Mar 08, 1984",42%,50%,3.26,2.77,63%,1.93,66%,0.3,19,6,0
http://ufcstats.com/fighter-details/f5431394fb284bb9,"Sep 29, 1981",51%,37%,4.04,2.99,62%,2.75,58%,0.2,16,9,0
http://ufcstats.com/fighter-details/40ff198adda94b9f,"Feb 16, 1986",45%,22%,3.37,2.98,54%,1.45,63%,0.0,6,3,0
http://ufcstats.com/fighter-details/1ff9589f9065a9ed,"May 24, 1979",47%,40%,2.18,3.84,38%,2.02,54%,2.0,18,11,0
http://ufcstats.com/fighter-details/0c9c0a43d3f3f49d,"Jun 25, 1983",51%,13%,4.67,4.41,62%,1.99,0%,0.0,9,2,1
http://ufcstats.com/fighter-details/9b198c73e3d0d289,"Mar 13, 1982",43%,20%,3.42,2.96,68%,2.43,0%,0.0,12,7,0
http://ufcstats.com/fighter-details/4d44f37107f01b9b,"May 15, 1983",42%,32%,2.50,2.41,60%,2.46,57%,1.4,10,6,0
http://ufcstats.com/fighter-details/3623bd267a2eef2e,"Feb 04, 1981",41%,20%,1.43,1.62,64%,1.06,18%,1.4,21,11,0
http://ufcstats.com/fighter-details/bcad7223af3c19da,"Apr 25, 1985",38%,0%,2.02,5.91,38%,0.00,0%,0.0,15,6,0
http://ufcstats.com/fighter-details/14ff46596ad80609,"Dec 22, 1986",35%,26%,3.06,2.88,64%,1.98,77%,0.0,23,6,1
http://ufcstats.com/fighter-details/dfae5da5676e4194,"Sep 08, 1987",32%,23%,2.25,2.82,65%,2.64,16%,0.0,11,5,0
http://ufcstats.com/fighter-details/cfaf010d5b389c09,"Sep 15, 1987",38%,14%,2.35,3.70,35%,0.92,55%,0.9,9,4,0
http://ufcstats.com/fighter-details/d512d9f204059f57,"Sep 23, 1982",51%,55%,2.41,1.69,57%,2.45,62%,0.6,44,17,0
http://ufcstats.com/fighter-details/7e47047d0971d566,"Aug 21, 1982",46%,7%,2.23,3.10,58%,0.36,53%,0.7,10,6,0
http://ufcstats.com/fighter-details/f40ec51dd4de47c3,"Apr 28, 1989",30%,31%,1.47,2.27,64%,2.50,40%,1.0,9,2,0
http://ufcstats.com/fighter-details/5c1ca0c72b599a3c,"Apr 14, 1980",53%,40%,2.71,3.62,49%,0.60,63%,0.1,12,7,0
http://ufcstats.com/fighter-details/91ea901c458e95dd,"Aug 04, 1986",46%,41%,2.08,1.52,59%,1.83,66%,0.1,14,4,0
http://ufcstats.com/fighter-details/9f755fb04cc21499,"Jun 08, 1984",46%,26%,2.79,1.47,63%,2.37,16%,2.4,11,2,0
http://ufcstats.com/fighter-details/b7ffa72aa148599a,"Dec 07, 1982",35%,20%,3.68,3.78,65%,0.08,68%,0.0,13,9,0
http://ufcstats.com/fighter-details/8f0d576beba1cfcd,"Dec 17, 1989",34%,10%,2.57,3.24,54%,0.44,60%,0.0,9,4,0
http://ufcstats.com/fighter-details/938ad489fb7a1f31,"Jan 07, 1989",54%,42%,2.87,2.07,61%,3.67,85%,0.0,15,2,1
http://ufcstats.com/fighter-details/4638cc6479cc0afe,"Oct 06, 1986",32%,33%,2.46,3.50,54%,0.47,69%,0.0,11,7,0
http://ufcstats.com/fighter-details/948880beac71f028,"Apr 12, 1985",58%,0%,6.68,4.60,57%,0.00,71%,0.0,14,5,0
http://ufcstats.com/fighter-details/5f99b2bafb10305f,"Jun 11, 1985",38%,41%,2.88,2.98,57%,2.04,60%,0.2,18,10,0
http://ufcstats.com/fighter-details/ba280572acfba13f,"Jul 15, 1978",50%,0%,3.55,2.79,64%,0.00,55%,0.7,12,5,0
http://ufcstats.com/fighter-details/8d49545dadf9b919,"Feb 22, 1984",29%,57%,3.16,4.23,60%,2.21,50%,0.6,14,5,0
http://ufcstats.com/fighter-details/f3a078277b3b8ff4,"Nov 19, 1982",49%,50%,1.88,1.63,62%,1.44,63%,0.9,26,12,5
http://ufcstats.com/fighter-details/57bad6a84230f0c9,"Oct 14, 1985",63%,50%,1.81,0.76,65%,0.71,50%,0.7,12,4,0
http://ufcstats.com/fighter-details/c2e3e67b5911bfb7,"May 27, 1987",47%,68%,2.94,3.38,62%,3.21,80%,0.6,22,11,0
http://ufcstats.com/fighter-details/ec2d13a87d3d9541,"Aug 20, 1984",40%,37%,2.26,3.73,37%,3.23,14%,0.0,10,3,1
http://ufcstats.com/fighter-details/36df8e119aec6175,"Sep 20, 1985",46%,57%,6.65,4.00,62%,0.38,81%,0.0,18,4,0
http://ufcstats.com/fighter-details/cf615eb4b7862c76,"Oct 20, 1982",46%,0%,2.11,3.16,48%,0.00,25%,0.0,6,3,0
http://ufcstats.com/fighter-details/d1e7fc58d4225cdf,"Aug 25, 1979",42%,38%,2.57,1.96,62%,2.95,63%,0.2,17,10,0
http://ufcstats.com/fighter-details/d53482bef23235ba,"May 05, 1989",45%,20%,1.61,2.89,42%,0.35,66%,0.7,17,4,0
http://ufcstats.com/fighter-details/236a37d96d476164,"Sep 01, 1980",42%,42%,2.62,2.36,62%,3.08,71%,0.2,17,7,0
http://ufcstats.com/fighter-details/6448e57a9533b7e4,"Sep 04, 1982",49%,20%,6.27,6.87,43%,2.00,0%,0.0,20,9,1
http://ufcstats.com/fighter-details/aac6edb0d5e0b7e9,"Oct 14, 1987",43%,25%,3.47,4.07,43%,3.00,33%,0.0,12,4,0
http://ufcstats.com/fighter-details/22061ff217907c78,"Jan 31, 1983",36%,0%,1.07,1.83,47%,0.00,70%,0.0,9,3,0
http://ufcstats.com/fighter-details/69a400af4420cd6a,"May 20, 1988",37%,66%,2.83,4.74,57%,1.55,80%,0.0,10,4,0
http://ufcstats.com/fighter-details/c1ea9d56cd953586,"Jul 14, 1981",36%,14%,2.60,5.29,38%,1.86,50%,0.0,3,3,0
http://ufcstats.com/fighter-details/fc31f896cde2bc2e,"Mar 01, 1983",50%,49%,2.15,3.08,51%,2.70,53%,0.4,24,13,0
http://ufcstats.com/fighter-details/6905d45bd71b50a9,"Oct 03, 1983",32%,25%,1.68,3.80,45%,1.99,33%,0.7,18,4,1
http://ufcstats.com/fighter-details/b0550072e5f0afa7,"Jul 29, 1975",41%,67%,3.10,3.62,57%,2.29,92%,1.0,14,6,0
http://ufcstats.com/fighter-details/2676b28836a5a836,"Nov 16, 1983",45%,45%,2.93,1.79,63%,2.40,63%,0.8,24,7,0
http://ufcstats.com/fighter-details/aed06011bf62237b,"Dec 07, 1984",51%,41%,3.55,3.21,63%,1.70,61%,0.5,13,3,0
http://ufcstats.com/fighter-details/a00ec21cfbba17b6,"Jul 16, 1981",51%,16%,3.53,2.00,48%,1.33,57%,0.3,18,8,1
http://ufcstats.com/fighter-details/30b577b112bef42d,"Jun 03, 1992",25%,0%,4.00,8.00,55%,0.00,0%,0.0,3,1,0
http://ufcstats.com/fighter-details/777dea713da2441d,"Aug 15, 1985",37%,40%,4.87,4.09,61%,1.33,96%,0.0,15,5,0
http://ufcstats.com/fighter-details/0b64d0fed453ef7f,"Sep 17, 1982",40%,45%,3.37,3.41,65%,2.61,59%,0.7,15,12,0
http://ufcstats.com/fighter-details/8a9c6c4301f6d088,"Jun 14, 1985",28%,45%,2.73,3.77,63%,3.00,36%,0.0,21,8,0
http://ufcstats.com/fighter-details/185fb0200a4605e6,"Mar 07, 1983",35%,33%,2.28,5.52,45%,2.51,0%,0.0,24,8,0
http://ufcstats.com/fighter-details/4b4753d19489297f,"Oct 05, 1972",43%,22%,2.27,3.77,53%,2.03,33%,1.1,15,10,0
http://ufcstats.com/fighter-details/54578e5927adea53,"Jun 19, 1983",46%,45%,3.69,4.09,57%,3.00,31%,1.0,10,4,0
http://ufcstats.com/fighter-details/6e92eb1242b46636,"Dec 19, 1990",39%,0%,4.85,4.12,47%,0.00,64%,0.0,9,5,0
http://ufcstats.com/fighter-details/c136b2a8852da5bd,"Jan 14, 1983",45%,100%,2.32,4.01,56%,1.07,33%,0.4,23,11,1
http://ufcstats.com/fighter-details/7a39bbac8cc0fa70,"Sep 11, 1982",39%,17%,2.23,4.10,59%,0.75,90%,0.0,17,4,2
http://ufcstats.com/fighter-details/6c011be66326ad97,"Jun 28, 1991",34%,0%,2.12,3.96,42%,0.00,25%,0.0,7,3,0
http://ufcstats.com/fighter-details/6c7020b859c7a3ce,"Oct 17, 1984",44%,0%,4.65,2.91,58%,0.00,50%,0.0,15,5,0
http://ufcstats.com/fighter-details/1fb80f46d3c105d9,"Mar 17, 1980",58%,57%,5.29,4.31,53%,0.44,61%,0.6,23,11,0
http://ufcstats.com/fighter-details/a3be148af5c7b088,"Aug 25, 1987",45%,44%,3.98,3.17,58%,2.55,70%,0.4,18,6,0
http://ufcstats.com/fighter-details/6e7c758f5cdec01a,"May 03, 1988",46%,47%,2.13,2.81,46%,2.88,71%,1.3,12,2,1
http://ufcstats.com/fighter-details/c575ab451e3c5b1d,"Aug 16, 1987",34%,0%,2.60,2.98,54%,0.00,60%,0.0,16,7,1
http://ufcstats.com/fighter-details/99c7610aa74995d3,"Sep 02, 1987",44%,23%,2.49,3.01,55%,2.46,83%,0.4,17,4,1
http://ufcstats.com/fighter-details/e50cd77732d39967,"Dec 24, 1987",52%,41%,2.92,1.40,55%,2.15,33%,0.9,16,6,0
http://ufcstats.com/fighter-details/67a992d4cff22466,"Mar 05, 1989",39%,33%,1.07,3.33,43%,0.50,37%,0.0,7,3,0
http://ufcstats.com/fighter-details/0d0351c20169a499,"Aug 19, 1987",38%,83%,2.99,4.14,51%,3.20,55%,1.9,8,5,0
http://ufcstats.com/fighter-details/132505067f08c54d,"Jul 24, 1985",55%,50%,0.63,7.01,25%,2.82,60%,0.0,8,3,0
http://ufcstats.com/fighter-details/ca2efc9d7d523c43,"Oct 21, 1984",50%,38%,2.87,3.30,47%,1.97,76%,0.1,19,8,0
http://ufcstats.com/fighter-details/369e1ce458ef50a6,"Nov 26, 1986",47%,100%,4.02,1.47,66%,0.33,88%,0.0,14,1,0
http://ufcstats.com/fighter-details/b2e3aca4cd363477,"May 27, 1981",43%,39%,3.35,2.23,61%,1.11,57%,0.8,17,8,0
http://ufcstats.com/fighter-details/97a6bbe6e6566a94,"Dec 17, 1981",42%,22%,2.65,2.42,64%,0.97,41%,0.0,13,3,0
http://ufcstats.com/fighter-details/44470bfd9483c7ad,"Oct 31, 1981",40%,75%,2.64,2.47,61%,1.88,76%,0.8,24,8,2
http://ufcstats.com/fighter-details/fe5ca7ef93c3f6a7,"May 09, 1986",51%,0%,2.60,2.13,36%,0.00,81%,1.4,4,2,0
http://ufcstats.com/fighter-details/32be4b7f7de1c905,"Jan 26, 1985",41%,40%,2.58,2.46,64%,0.77,72%,0.4,17,7,0
http://ufcstats.com/fighter-details/3c0437fbeda06962,"Nov 10, 1981",34%,57%,3.43,2.47,60%,1.05,59%,0.1,15,13,1
http://ufcstats.com/fighter-details/bc8f6b42767e28df,"Dec 08, 1981",31%,16%,1.02,2.89,50%,0.83,46%,0.8,34,14,7
http://ufcstats.com/fighter-details/6dd758d34da8d254,"Jan 25, 1983",60%,0%,3.22,3.26,51%,0.00,71%,0.0,14,8,0
http://ufcstats.com/fighter-details/cc900c6a71ed23f3,"Mar 10, 1993",32%,39%,4.22,5.00,50%,2.81,71%,0.5,14,7,0
http://ufcstats.com/fighter-details/d38e8c6ae2dfc051,"May 16, 1986",34%,33%,3.87,3.27,69%,1.00,0%,0.0,28,4,0
http://ufcstats.com/fighter-details/501b07aec9b8fc2d,"Apr 23, 1984",28%,38%,4.17,4.08,57%,0.63,77%,0.1,20,12,1
http://ufcstats.com/fighter-details/b4eeac608fc82f88,"May 30, 1979",41%,60%,3.06,2.93,62%,1.94,82%,0.1,20,11,0
http://ufcstats.com/fighter-details/52ba464d9068d871,"Sep 22, 1986",49%,38%,3.67,2.97,51%,1.62,85%,0.2,13,3,0
http://ufcstats.com/fighter-details/6809c31286b08d97,"Jul 13, 1982",44%,7%,4.01,4.41,50%,0.15,43%,0.0,17,9,0
http://ufcstats.com/fighter-details/4f11e9ce318ffbcb,"Jul 30, 1987",26%,0%,2.19,5.90,45%,0.00,40%,0.0,12,7,0
http://ufcstats.com/fighter-details/72c4b253d2f5ebf2,"Feb 21, 1988",39%,18%,1.95,2.89,57%,1.77,50%,0.0,10,6,0
http://ufcstats.com/fighter-details/2525a853486ee670,"Oct 03, 1989",41%,42%,3.57,4.63,62%,4.00,83%,0.0,12,5,0
http://ufcstats.com/fighter-details/60029bcf496bd707,"Jul 12, 1977",57%,47%,2.47,2.68,48%,2.20,66%,0.0,22,5,0
http://ufcstats.com/fighter-details/f95381efb3051d81,"Sep 26, 1982",38%,6%,3.05,3.20,57%,0.22,50%,0.0,8,4,0
http://ufcstats.com/fighter-details/ee9d73f4fee9cbdd,"Jun 02, 1976",42%,29%,1.95,2.40,55%,1.30,36%,2.4,34,10,1
http://ufcstats.com/fighter-details/22aa91e402d0fe1f,"Apr 01, 1988",44%,62%,3.05,1.62,62%,5.32,55%,1.1,9,6,0
http://ufcstats.com/fighter-details/a7ddae0be8b78147,"Jun 24, 1986",53%,36%,4.83,4.43,57%,1.27,50%,1.9,3,5,0
http://ufcstats.com/fighter-details/3f56b99447f00607,"Oct 20, 1986",34%,0%,0.72,2.99,41%,0.00,50%,0.0,12,7,0
http://ufcstats.com/fighter-details/8bbc0cfc01bc1ba1,"Apr 25, 1989",48%,83%,4.55,4.38,43%,2.12,69%,0.4,13,4,0
http://ufcstats.com/fighter-details/8bb6f4479685bbcc,"Oct 15, 1982",47%,33%,3.47,2.07,70%,0.81,72%,1.0,14,13,1
http://ufcstats.com/fighter-details/81801f57bd0a7c41,"Apr 06, 1985",35%,100%,3.97,3.64,56%,0.56,80%,0.0,7,7,0
http://ufcstats.com/fighter-details/19db7ac26308178f,"Nov 07, 1980",49%,16%,3.41,2.91,59%,1.56,75%,0.6,27,7,0
http://ufcstats.com/fighter-details/9310418684bc896f,"Feb 08, 1989",33%,37%,1.67,2.22,53%,1.00,70%,0.0,12,3,0
http://ufcstats.com/fighter-details/523f6ad11dbe9b53,"Jul 06, 1987",61%,36%,3.16,2.84,41%,2.40,62%,0.0,22,8,3
http://ufcstats.com/fighter-details/8a70ceb3edbe757b,"Jan 15, 1986",40%,37%,2.39,3.01,50%,0.53,72%,0.0,9,4,0
http://ufcstats.com/fighter-details/a566371ba2ad7152,"Sep 21, 1978",47%,39%,2.59,2.12,64%,1.92,54%,1.3,22,9,0
http://ufcstats.com/fighter-details/dbea8c1cb327ab3d,"Dec 06, 1980",42%,15%,1.52,2.86,49%,0.86,22%,0.6,25,9,0
http://ufcstats.com/fighter-details/7c6e87729e824ef4,"Nov 18, 1982",38%,68%,1.93,2.63,50%,2.00,81%,0.9,21,11,0
http://ufcstats.com/fighter-details/d0c29452d3272603,"Jun 30, 1981",36%,54%,2.03,3.06,49%,1.67,47%,1.8,14,8,0
http://ufcstats.com/fighter-details/bffeb123b21c9aad,"Nov 03, 1987",25%,25%,1.92,5.38,52%,0.72,33%,1.4,13,5,0
http://ufcstats.com/fighter-details/3e61082025db8137,"Feb 12, 1985",29%,0%,1.64,1.60,67%,0.00,31%,0.3,10,6,1
http://ufcstats.com/fighter-details/9fe85152f351e737,"Jun 19, 1979",37%,50%,2.36,2.29,54%,1.06,61%,0.6,15,6,0
http://ufcstats.com/fighter-details/2ff2e6e5abea3e53,"Sep 19, 1987",37%,33%,1.40,1.87,41%,2.00,62%,0.0,11,3,0
http://ufcstats.com/fighter-details/8cad40a75e5c97f5,"Jul 22, 1983",32%,83%,2.03,2.57,60%,1.93,63%,0.0,8,4,0
http://ufcstats.com/fighter-details/e82d5f54daa85a7e,"Mar 07, 1984",58%,0%,1.53,0.73,66%,0.00,68%,0.0,7,2,0
http://ufcstats.com/fighter-details/39cc64bf0a269db9,"Aug 22, 1989",41%,80%,1.12,3.65,40%,2.92,72%,2.2,11,3,0
http://ufcstats.com/fighter-details/81b8b3fb019dc69d,"Jul 21, 1988",51%,0%,5.40,3.94,43%,0.00,100%,0.0,6,4,0
http://ufcstats.com/fighter-details/f2ad06f1007c481a,"Sep 14, 1988",55%,42%,3.49,2.21,64%,1.69,66%,0.0,20,5,0
http://ufcstats.com/fighter-details/aa6e591c2a2cdecd,"Apr 27, 1984",31%,42%,3.79,3.98,68%,2.13,100%,0.7,5,1,0
http://ufcstats.com/fighter-details/45230be0641f3f53,"Dec 22, 1992",47%,0%,2.05,2.05,58%,0.00,62%,0.0,6,2,0
http://ufcstats.com/fighter-details/32ba186f4b0e3267,"Nov 27, 1980",49%,23%,2.32,2.14,56%,1.70,61%,0.1,51,18,1
http://ufcstats.com/fighter-details/e56daf7725a0b5ab,"Jan 26, 1983",42%,26%,2.68,3.32,51%,2.14,27%,1.0,9,5,0
http://ufcstats.com/fighter-details/2153a7f8396a46cc,"May 06, 1982",50%,0%,3.92,4.80,41%,0.00,100%,0.0,13,6,1
http://ufcstats.com/fighter-details/bc3ec52ef70fc155,"Nov 27, 1981",66%,28%,3.12,2.77,46%,0.45,87%,0.0,19,5,0
http://ufcstats.com/fighter-details/32c03df3c9760069,"Jun 01, 1983",47%,0%,3.77,4.40,47%,0.00,100%,0.0,29,10,0
http://ufcstats.com/fighter-details/f65dcb22dada2223,"Jul 24, 1984",36%,33%,1.99,2.96,55%,1.06,40%,2.1,11,5,0
http://ufcstats.com/fighter-details/9eb069062a0cfc13,"May 17, 1988",47%,0%,2.57,2.53,67%,0.00,60%,0.0,4,3,0
http://ufcstats.com/fighter-details/172c2135e70f87b7,"Apr 13, 1988",36%,42%,4.43,3.87,59%,0.63,63%,0.4,13,4,0
http://ufcstats.com/fighter-details/7b310409440c9102,"Mar 10, 1990",48%,30%,1.28,1.88,53%,1.75,69%,0.8,23,9,1
http://ufcstats.com/fighter-details/179f1948dc234f1f,"Feb 09, 1978",51%,29%,3.12,2.26,57%,3.17,57%,0.6,14,6,0
http://ufcstats.com/fighter-details/57887765f831e228,"Dec 04, 1990",46%,60%,2.71,2.15,51%,1.94,68%,0.0,4,2,0
http://ufcstats.com/fighter-details/b9c03e7a4557e542,"Nov 15, 1986",60%,81%,1.10,2.45,49%,3.38,0%,0.0,4,1,0
http://ufcstats.com/fighter-details/05560764359161e4,"Nov 29, 1979",35%,42%,2.19,2.73,54%,0.40,65%,0.3,13,5,0
http://ufcstats.com/fighter-details/77350fd0e6d1dba8,"Nov 15, 1982",48%,63%,1.68,2.32,57%,4.19,50%,0.6,15,11,0
http://ufcstats.com/fighter-details/1e7483dbff40b84b,"Feb 06, 1977",48%,33%,2.24,3.39,41%,1.18,26%,0.4,6,6,0
http://ufcstats.com/fighter-details/e18a19001a3f7c7d,"Mar 27, 1986",32%,58%,3.81,5.72,59%,4.21,75%,0.0,9,5,0
http://ufcstats.com/fighter-details/00debc804e2b1cd4,"Nov 15, 1979",50%,50%,2.21,2.72,46%,2.83,57%,0.4,18,7,0
http://ufcstats.com/fighter-details/ef7fa30364cbe7f2,"Jul 18, 1983",42%,56%,2.42,2.12,65%,2.55,54%,0.6,29,10,2
http://ufcstats.com/fighter-details/49f4b511932f71e9,"Nov 10, 1988",43%,58%,3.25,4.45,54%,2.53,77%,0.7,11,3,0
http://ufcstats.com/fighter-details/e5ecaf884b6da2bc,"Feb 09, 1976",49%,0%,3.20,2.37,44%,0.00,32%,0.3,12,6,0
http://ufcstats.com/fighter-details/ffc088e64fab57e9,"Jun 20, 1978",54%,56%,3.25,2.51,55%,1.52,73%,0.1,37,12,0
http://ufcstats.com/fighter-details/ffdeb4fbea09ce75,"Apr 14, 1977",44%,20%,2.50,3.55,64%,0.75,0%,0.8,1,5,0
http://ufcstats.com/fighter-details/893d51aaf024eddd,"Jun 09, 1987",57%,44%,3.47,3.50,57%,5.20,61%,1.4,11,3,0
http://ufcstats.com/fighter-details/fd5b6598a3b70c0a,"Oct 26, 1981",31%,16%,3.08,3.14,51%,0.89,48%,0.8,20,14,0
http://ufcstats.com/fighter-details/5c2ce761399dc9c5,"Oct 10, 1989",50%,0%,0.79,5.26,23%,0.00,0%,0.0,15,7,0
http://ufcstats.com/fighter-details/0d1c163b206e8c5f,"Apr 08, 1987",51%,10%,2.47,5.33,44%,1.00,33%,0.0,3,2,0
http://ufcstats.com/fighter-details/c32fb8c0f6471a4d,"Sep 10, 1974",50%,40%,2.11,1.89,63%,0.19,78%,0.3,35,11,2
http://ufcstats.com/fighter-details/4fcf6e0c4e0e6664,"Jul 11, 1991",71%,12%,3.74,4.90,32%,1.75,100%,0.0,6,3,0
http://ufcstats.com/fighter-details/9b75954db8db2a08,"Sep 06, 1987",36%,15%,1.70,3.17,45%,1.00,46%,0.5,9,2,0
http://ufcstats.com/fighter-details/960d6cae8879ba2b,"Mar 14, 1986",44%,66%,3.76,2.97,53%,0.59,65%,0.0,18,8,0
http://ufcstats.com/fighter-details/dd37fd509af89f15,"Nov 30, 1977",36%,48%,1.79,2.27,63%,2.46,64%,0.4,17,11,0
http://ufcstats.com/fighter-details/8ef4a91ac694b7ce,"Aug 08, 1980",30%,18%,2.49,6.36,51%,0.67,44%,1.3,15,11,0
http://ufcstats.com/fighter-details/064b7dc68d786254,"Jul 22, 1986",42%,0%,2.72,5.80,51%,0.00,14%,0.0,10,3,0
http://ufcstats.com/fighter-details/abd2109bc4cb0291,"Dec 22, 1982",18%,0%,1.30,1.73,79%,0.00,75%,0.0,5,1,0
http://ufcstats.com/fighter-details/ddf3e0ea10ea6d8c,"Jan 22, 1980",31%,0%,1.26,4.84,48%,0.00,22%,0.0,9,2,0
http://ufcstats.com/fighter-details/3aa794cbe1e3484b,"Oct 20, 1982",31%,0%,1.03,3.01,55%,0.00,57%,0.0,12,4,0
http://ufcstats.com/fighter-details/3a12a2f096a6d975,"Sep 09, 1983",37%,0%,2.12,3.32,64%,0.00,50%,0.9,8,3,0
http://ufcstats.com/fighter-details/16b89be2f5c16fba,"Sep 07, 1994",19%,0%,1.21,4.14,55%,0.00,0%,0.0,10,2,0
http://ufcstats.com/fighter-details/33e00249ef08d3a4,"Jun 21, 1986",52%,33%,3.44,4.01,46%,0.65,50%,0.0,12,7,0
http://ufcstats.com/fighter-details/7e208569469c8bc8,"Feb 23, 1978",37%,16%,0.85,5.92,22%,0.75,33%,2.3,11,6,0
http://ufcstats.com/fighter-details/4834ff149dc9542a,"Mar 15, 1977",45%,22%,2.09,2.01,57%,0.41,45%,0.0,18,6,0
http://ufcstats.com/fighter-details/e4e0f310b3cf23a8,"May 29, 1988",37%,22%,2.47,2.73,69%,2.00,50%,0.0,5,4,0
http://ufcstats.com/fighter-details/ed74afc8b5b47a61,"Jul 01, 1991",54%,45%,4.92,3.96,65%,1.85,78%,0.0,9,3,0
http://ufcstats.com/fighter-details/1d36f1ac66cf689d,"Nov 15, 1989",33%,0%,1.40,1.75,60%,0.00,61%,0.8,11,4,0
http://ufcstats.com/fighter-details/a4dc47001f202bcd,"Mar 12, 1991",33%,36%,1.29,5.50,32%,2.66,0%,1.3,8,3,1
http://ufcstats.com/fighter-details/b4c96c3d9139bf0e,"Nov 28, 1988",19%,54%,2.03,2.83,64%,3.00,100%,1.5,10,3,0
http://ufcstats.com/fighter-details/993d385f5a475375,"Aug 15, 1991",23%,0%,3.51,5.32,57%,0.00,58%,0.0,10,4,0
http://ufcstats.com/fighter-details/701e057d63c124d9,"May 07, 1984",39%,30%,3.59,3.25,67%,2.08,88%,0.0,13,5,1
http://ufcstats.com/fighter-details/9147679e1a4ad4a3,"Mar 31, 1984",28%,0%,1.17,1.83,67%,0.00,100%,0.0,7,4,0
http://ufcstats.com/fighter-details/1d4bbaabd8b60173,"Dec 09, 1981",43%,41%,3.33,5.39,43%,2.77,0%,0.0,12,2,0
http://ufcstats.com/fighter-details/b6c4451cb13c9303,"Feb 16, 1989",44%,26%,2.24,2.23,50%,1.44,58%,0.0,9,6,0
http://ufcstats.com/fighter-details/902ab9197b83d0db,"Sep 25, 1984",34%,38%,2.85,1.33,72%,2.99,72%,0.6,17,4,0
http://ufcstats.com/fighter-details/3f52ce18fb98008f,"Aug 27, 1982",45%,28%,3.25,4.91,50%,0.70,86%,0.0,12,6,0
http://ufcstats.com/fighter-details/3a524c6700addc24,"Feb 27, 1986",34%,0%,3.20,3.43,69%,0.00,16%,0.0,13,8,0
http://ufcstats.com/fighter-details/7b39035fae7268b8,"Jun 12, 1986",45%,0%,7.73,6.82,49%,0.00,50%,0.0,7,6,0
http://ufcstats.com/fighter-details/a7de976620f2ed13,"Nov 28, 1983",32%,0%,1.27,2.55,42%,0.00,20%,0.0,13,10,0
http://ufcstats.com/fighter-details/b72a60a0cadff408,"Aug 28, 1984",37%,40%,2.34,6.42,48%,0.57,31%,1.1,8,4,0
http://ufcstats.com/fighter-details/4ae4049426e0161d,"Aug 31, 1990",27%,50%,1.33,3.33,60%,1.50,50%,0.0,6,3,0
http://ufcstats.com/fighter-details/a20d7dfaba74c067,"Feb 03, 1980",36%,16%,3.50,5.61,57%,0.44,80%,0.3,13,9,0
http://ufcstats.com/fighter-details/a9bcf8717dd12532,"Dec 05, 1983",39%,83%,2.99,5.62,63%,3.87,44%,2.3,11,4,1
http://ufcstats.com/fighter-details/b7ad576b8ae115e6,"Dec 04, 1989",39%,33%,3.20,4.13,64%,0.96,75%,0.5,10,5,0
http://ufcstats.com/fighter-details/5fceb45939fc0c8a,"Jul 25, 1982",54%,46%,1.91,2.31,58%,2.97,33%,0.5,22,8,1
http://ufcstats.com/fighter-details/a54fc2d6fc224dc3,"Oct 12, 1984",34%,53%,2.92,2.55,58%,3.49,66%,0.8,21,11,1
http://ufcstats.com/fighter-details/fe91d254db77a7fc,"May 21, 1989",21%,37%,1.33,3.82,51%,0.93,50%,2.2,11,3,0
http://ufcstats.com/fighter-details/8e8e4487c621aa1c,"Mar 28, 1985",47%,40%,1.62,3.45,48%,3.17,0%,1.1,15,2,0
http://ufcstats.com/fighter-details/129537073431e52e,"Dec 13, 1980",48%,0%,3.72,4.04,46%,0.00,27%,0.9,7,3,0
http://ufcstats.com/fighter-details/89a407032911e27e,"Mar 18, 1983",37%,46%,2.92,2.22,57%,2.32,72%,0.4,10,5,0
http://ufcstats.com/fighter-details/b57edace7b647f07,"Jan 07, 1987",42%,44%,3.23,4.27,52%,3.66,50%,0.0,9,3,0
http://ufcstats.com/fighter-details/c295de4e10acd4c9,"Apr 08, 1978",47%,12%,5.56,5.60,45%,0.20,58%,0.0,16,7,1
http://ufcstats.com/fighter-details/5f04e3d58d9ce982,"Sep 30, 1976",42%,53%,2.91,2.34,66%,0.76,69%,0.7,42,22,1
http://ufcstats.com/fighter-details/85d0fafb8b75d634,"Apr 23, 1989",23%,0%,4.91,7.17,51%,0.00,0%,0.0,11,4,0
http://ufcstats.com/fighter-details/bad8be5827ea1bf1,"Nov 24, 1987",45%,50%,1.08,2.67,52%,3.39,100%,0.7,9,4,0
http://ufcstats.com/fighter-details/e9e7e1c8ff289e1b,"Nov 03, 1984",50%,25%,1.71,2.19,62%,1.43,0%,0.0,4,6,0
http://ufcstats.com/fighter-details/c10eb2f12c489f6d,"Apr 29, 1983",31%,9%,2.73,5.57,46%,1.00,33%,0.0,9,4,0
http://ufcstats.com/fighter-details/c4731f43693b96b8,"Jan 29, 1987",36%,33%,1.13,1.00,62%,2.00,33%,0.0,10,16,1
http://ufcstats.com/fighter-details/98f6da59d765ec94,"Feb 09, 1981",56%,42%,1.52,1.55,46%,4.23,72%,0.0,19,8,0
http://ufcstats.com/fighter-details/fb79582c410d049e,"Feb 07, 1987",29%,0%,1.69,2.87,65%,0.00,58%,0.0,6,3,0
http://ufcstats.com/fighter-details/d403b1a6f278c95e,"Jun 06, 1982",42%,33%,2.64,4.50,48%,1.40,50%,1.9,14,4,0
http://ufcstats.com/fighter-details/1ed32eaaba9ffe10,"Apr 17, 1986",28%,11%,1.60,3.08,59%,0.47,66%,0.9,19,4,1
http://ufcstats.com/fighter-details/e7fe5315b1efeb92,"May 29, 1986",66%,33%,4.13,2.92,54%,0.67,66%,0.7,7,4,0
http://ufcstats.com/fighter-details/2284092f8b63273b,"Dec 19, 1981",32%,33%,4.56,4.46,62%,0.74,80%,0.0,14,4,0
http://ufcstats.com/fighter-details/7abe471b61725980,"Dec 23, 1978",33%,32%,1.29,1.85,61%,2.34,20%,1.5,14,9,1
http://ufcstats.com/fighter-details/da1d8d76404bb6b5,"Jul 17, 1987",46%,37%,1.18,2.27,56%,3.00,66%,0.3,15,2,0
http://ufcstats.com/fighter-details/8abf70f79e9e27c2,"Jan 25, 1983",46%,7%,1.16,3.26,32%,0.62,66%,0.3,16,7,1
http://ufcstats.com/fighter-details/b406da701c479076,"Jun 27, 1983",40%,33%,2.79,3.89,59%,0.89,50%,0.0,10,2,0
http://ufcstats.com/fighter-details/6bf5a7d3e081ade2,"Mar 01, 1980",46%,45%,3.94,2.41,65%,0.50,53%,0.2,16,12,0
http://ufcstats.com/fighter-details/2650e2f846a30f64,"Aug 27, 1980",46%,27%,4.71,3.55,60%,0.57,60%,0.3,6,5,0
http://ufcstats.com/fighter-details/c4af2feb4b58bc3b,"Mar 04, 1987",41%,38%,2.26,3.63,53%,2.00,78%,0.0,18,7,1
http://ufcstats.com/fighter-details/276c60b14b571dd4,"Jun 08, 1985",33%,0%,0.46,12.92,9%,0.00,0%,0.0,19,11,7
http://ufcstats.com/fighter-details/36207c58e854cae5,"Jan 25, 1988",69%,33%,1.01,3.83,35%,0.85,63%,0.8,9,2,0
http://ufcstats.com/fighter-details/ffc3e6daaa6da0b7,"Jan 06, 1983",50%,62%,4.53,1.75,63%,1.83,62%,0.0,21,13,1
http://ufcstats.com/fighter-details/30a09e43f15f1d75,"Jan 25, 1981",39%,31%,1.71,1.99,63%,1.42,63%,1.2,18,9,0
http://ufcstats.com/fighter-details/d4f364dd076bb0e2,"May 25, 1972",48%,71%,4.36,2.98,66%,1.37,88%,0.3,9,3,0
http://ufcstats.com/fighter-details/3591d0d5d382a381,"Oct 11, 1981",42%,36%,2.22,1.64,59%,1.79,73%,0.6,25,12,0
http://ufcstats.com/fighter-details/efb9a43415a56d34,"Jan 14, 1986",46%,0%,3.17,2.27,53%,0.00,77%,0.0,20,6,1
http://ufcstats.com/fighter-details/173acb3f920082b8,"Dec 18, 1983",44%,34%,2.28,4.32,40%,2.51,42%,1.6,9,5,0
http://ufcstats.com/fighter-details/c06d554ce1713fd3,"Aug 08, 1986",49%,0%,2.53,2.53,52%,0.00,100%,3.0,19,9,1
http://ufcstats.com/fighter-details/d3c554d6e11fc9d6,"Nov 27, 1988",26%,25%,1.40,2.07,65%,1.00,33%,0.0,11,4,1
http://ufcstats.com/fighter-details/69e8c632135af48b,"Apr 04, 1991",26%,0%,1.32,1.63,44%,0.00,33%,0.0,2,1,0
http://ufcstats.com/fighter-details/2c6e81426dd7573c,"Apr 14, 1981",38%,33%,1.52,3.29,33%,0.91,20%,0.0,9,3,0
http://ufcstats.com/fighter-details/575360be653ad6a6,"May 24, 1985",29%,0%,2.73,4.37,55%,0.00,37%,0.5,18,5,0
http://ufcstats.com/fighter-details/d188a3b817860ec6,"Feb 15, 1987",41%,21%,3.21,2.96,54%,0.47,55%,1.6,29,16,0
http://ufcstats.com/fighter-details/b959e8c7fd8390d2,"Mar 22, 1982",40%,41%,2.97,3.81,51%,2.64,52%,0.0,11,6,0
http://ufcstats.com/fighter-details/7bc96507e4b38d3b,"Feb 20, 1981",59%,28%,5.61,5.44,45%,1.67,0%,1.7,8,5,0
http://ufcstats.com/fighter-details/ba043b03eb799063,"Sep 04, 1983",26%,21%,2.34,3.16,68%,1.76,60%,0.0,22,12,0
http://ufcstats.com/fighter-details/564c2f5f9eb45d67,"Aug 04, 1983",58%,25%,4.44,1.29,72%,1.75,40%,3.5,5,1,0
http://ufcstats.com/fighter-details/50d2f0018bcf9eef,"Jul 20, 1983",36%,37%,2.57,2.57,50%,3.08,55%,1.1,34,23,0
http://ufcstats.com/fighter-details/e5ca2bc2451a5956,"May 28, 1988",20%,0%,1.93,4.67,57%,0.00,16%,0.0,5,1,0
http://ufcstats.com/fighter-details/d2a9be6bf2de624c,"Oct 05, 1981",0%,100%,0.00,0.00,0%,7.32,0%,21.9,7,0,0
http://ufcstats.com/fighter-details/87f3bbf52e6c9dc9,"Oct 12, 1984",49%,0%,2.42,1.60,53%,0.00,28%,2.5,15,6,0
http://ufcstats.com/fighter-details/d6d5da3c209884bc,"Mar 23, 1986",29%,0%,3.27,4.40,70%,0.00,0%,0.0,9,4,0
http://ufcstats.com/fighter-details/d5b7fac960e58920,"Apr 22, 1987",30%,50%,1.31,4.32,43%,0.75,50%,1.5,6,4,0
http://ufcstats.com/fighter-details/2e25c1d983c26311,"Aug 14, 1987",41%,36%,1.64,2.30,51%,4.09,25%,1.4,7,4,0
http://ufcstats.com/fighter-details/bc7230f231701d66,"Jan 25, 1984",37%,22%,3.51,4.28,61%,0.75,66%,0.0,13,6,0
http://ufcstats.com/fighter-details/5431dccc09118234,"Aug 26, 1988",51%,33%,3.68,2.70,56%,1.50,61%,0.0,7,2,0
http://ufcstats.com/fighter-details/e5d03e4d966126bd,"Oct 12, 1981",42%,63%,1.28,1.56,48%,2.36,37%,2.8,21,6,0
http://ufcstats.com/fighter-details/fb8a3025ae722e64,"Apr 26, 1979",35%,50%,4.01,5.84,42%,1.04,66%,0.0,19,13,0
http://ufcstats.com/fighter-details/fc60ecf0671b9489,"Oct 24, 1987",29%,62%,1.85,1.94,58%,3.38,100%,2.0,6,0,0
http://ufcstats.com/fighter-details/1ad381c8994c4e5b,"Mar 25, 1989",29%,0%,1.47,8.53,29%,0.00,100%,0.0,8,7,1
http://ufcstats.com/fighter-details/f3a853544e4413c4,"Feb 13, 1980",34%,0%,0.53,0.58,66%,0.00,20%,0.0,23,7,0
http://ufcstats.com/fighter-details/d0a5ef38a7778ac2,"Mar 14, 1982",42%,100%,4.25,3.58,57%,0.36,60%,0.4,16,12,0
http://ufcstats.com/fighter-details/cf9d24e4bd0cf2ce,"Oct 24, 1981",43%,36%,2.34,2.32,60%,3.65,31%,1.3,12,5,0
http://ufcstats.com/fighter-details/bd21a1e3d41c97ee,"Apr 21, 1988",53%,40%,2.17,2.43,45%,3.13,100%,0.5,17,5,0
http://ufcstats.com/fighter-details/c1a5d3843596df92,"Dec 14, 1987",69%,50%,5.39,3.51,51%,2.82,66%,0.0,9,4,1
http://ufcstats.com/fighter-details/5cafbc97dba2e797,"May 03, 1983",44%,50%,1.64,1.98,56%,0.93,50%,1.4,28,10,0
http://ufcstats.com/fighter-details/44bc27bfa76dcd9e,"Mar 27, 1987",32%,58%,2.08,2.12,63%,2.32,66%,0.0,8,4,0
http://ufcstats.com/fighter-details/901cddcbfa079097,"May 27, 1986",31%,45%,2.43,3.82,57%,0.88,48%,0.2,14,6,0
http://ufcstats.com/fighter-details/fe435e440b5de0ff,"Jan 09, 1979",36%,29%,2.45,1.80,56%,2.83,35%,1.2,31,9,1
http://ufcstats.com/fighter-details/ccd1299e0345e0ce,"Mar 30, 1983",40%,63%,2.96,1.85,66%,1.30,61%,0.2,32,18,2
http://ufcstats.com/fighter-details/43563a32c3f10e95,"Oct 06, 1973",71%,83%,4.06,1.78,60%,1.17,53%,0.2,19,10,1
http://ufcstats.com/fighter-details/5755960ebd0b16f6,"May 30, 1982",37%,28%,2.78,2.76,65%,0.56,38%,1.0,25,12,0
http://ufcstats.com/fighter-details/80dbeb1dd5b53e64,"Mar 13, 1983",37%,18%,4.52,6.55,59%,0.18,60%,0.2,21,17,0
http://ufcstats.com/fighter-details/d8d7b24d276c8cb0,"Feb 07, 1985",41%,0%,1.00,2.60,71%,0.00,0%,0.0,7,4,0
http://ufcstats.com/fighter-details/28f3c2258a1d8874,"Jul 23, 1987",40%,43%,3.40,1.80,62%,2.61,60%,0.9,17,2,0
http://ufcstats.com/fighter-details/15b1b21cd743d652,"Jan 26, 1982",33%,36%,2.19,3.38,59%,2.49,11%,1.6,17,8,0
http://ufcstats.com/fighter-details/8f2939f5fd9cca1e,"Apr 25, 1988",51%,46%,2.02,2.39,40%,3.03,40%,4.8,16,9,0
http://ufcstats.com/fighter-details/ff4c3ab594c7fac3,"Dec 03, 1977",33%,11%,2.56,3.61,58%,0.44,20%,0.9,13,6,0
http://ufcstats.com/fighter-details/f8fe2053d73d7bcf,"Sep 01, 1981",44%,44%,2.11,2.32,63%,3.71,83%,0.5,10,4,0
http://ufcstats.com/fighter-details/915c8d39d4a0e7d1,"Jul 22, 1986",28%,0%,2.72,5.51,64%,0.00,0%,0.0,19,9,0
http://ufcstats.com/fighter-details/af90b10c785ced3e,"Jul 06, 1981",39%,27%,1.68,2.99,53%,2.58,0%,1.0,10,5,0
http://ufcstats.com/fighter-details/36fbaa49a09ff997,"Apr 26, 1981",35%,100%,1.90,3.67,53%,0.95,87%,0.0,4,6,0
http://ufcstats.com/fighter-details/10657c60ce349e0f,"Jan 31, 1985",33%,0%,0.14,4.68,30%,0.00,0%,0.0,30,18,11
http://ufcstats.com/fighter-details/16af2d5a6f28bee2,"Sep 20, 1984",28%,20%,1.48,2.09,51%,1.36,33%,0.0,18,4,0
http://ufcstats.com/fighter-details/db5dc7cb80d7d418,"Sep 08, 1990",27%,0%,4.43,9.93,46%,0.00,0%,0.0,34,13,0
http://ufcstats.com/fighter-details/0876d21328cf4a45,"Jan 12, 1978",69%,0%,1.67,0.53,33%,0.00,14%,2.0,5,1,0
http://ufcstats.com/fighter-details/d43a048a880efdff,"Jul 21, 1980",42%,41%,2.87,2.87,52%,1.14,53%,0.8,22,11,0
http://ufcstats.com/fighter-details/7be63795363029e8,"Dec 16, 1987",34%,25%,1.74,2.50,67%,2.50,14%,2.5,16,10,0
http://ufcstats.com/fighter-details/86f582852a5b240a,"Jan 02, 1980",48%,37%,3.39,3.44,57%,1.20,46%,0.6,21,12,1
http://ufcstats.com/fighter-details/6546af7ab545b90c,"Oct 15, 1979",39%,33%,1.34,2.21,66%,1.42,35%,0.7,10,6,0
http://ufcstats.com/fighter-details/3b9f723e2720a238,"Dec 05, 1982",47%,43%,3.90,3.86,51%,3.09,27%,0.9,12,6,0
http://ufcstats.com/fighter-details/658c3465581ae46b,"Jul 07, 1979",52%,0%,2.72,3.54,59%,0.00,76%,0.2,8,7,0
http://ufcstats.com/fighter-details/b13da0b1a3aed3e7,"Feb 10, 1979",42%,36%,3.52,3.48,62%,1.36,52%,0.3,14,4,0
http://ufcstats.com/fighter-details/981ab7a0576f76a0,"Mar 18, 1981",36%,23%,2.90,3.18,46%,1.14,78%,0.0,16,13,0
http://ufcstats.com/fighter-details/92b36014314b028b,"Dec 16, 1979",23%,0%,2.27,8.20,33%,0.00,50%,0.0,4,4,0
http://ufcstats.com/fighter-details/48d1f690b763934c,"Apr 03, 1977",43%,59%,3.08,1.10,62%,3.81,66%,0.4,29,15,1
http://ufcstats.com/fighter-details/bbfca6d5c27d9cd8,"Jul 31, 1984",39%,100%,2.57,3.06,51%,0.20,37%,0.6,9,5,0
http://ufcstats.com/fighter-details/b35ba64b6a2bbcb3,"Jan 04, 1982",53%,27%,3.20,3.98,52%,2.32,33%,2.3,37,7,0
http://ufcstats.com/fighter-details/5dfe71ade71f3a4b,"Jul 16, 1977",39%,10%,3.31,7.42,41%,0.75,80%,0.0,13,5,0
http://ufcstats.com/fighter-details/b7f38813485745da,"Jun 07, 1989",54%,55%,3.28,3.62,54%,2.30,79%,0.0,15,5,0
http://ufcstats.com/fighter-details/7f955f71fa2ce7ac,"Sep 02, 1981",47%,78%,3.96,2.80,59%,2.18,62%,0.0,19,11,0
http://ufcstats.com/fighter-details/896c322f56b8be5a,"Jul 09, 1977",27%,31%,2.61,2.52,67%,2.32,53%,1.6,14,7,0
http://ufcstats.com/fighter-details/55f80a8aeffcdb33,"Aug 05, 1987",53%,44%,1.65,2.96,41%,1.03,55%,2.6,12,11,0
http://ufcstats.com/fighter-details/c3bd649a9194e50c,"May 18, 1984",48%,33%,4.87,5.75,57%,2.49,0%,0.0,8,5,0
http://ufcstats.com/fighter-details/1e327b281ef6a745,"Oct 30, 1986",47%,56%,3.29,0.82,78%,5.84,100%,0.0,14,2,1
http://ufcstats.com/fighter-details/98b80a717b9bda17,"Oct 05, 1976",42%,34%,3.69,3.80,61%,3.00,91%,0.0,12,8,0
http://ufcstats.com/fighter-details/8f3df4c579cfbb69,"Oct 24, 1979",32%,50%,1.74,2.06,55%,0.66,29%,2.0,22,7,0
http://ufcstats.com/fighter-details/8ddf9c51c5fdea75,"Feb 26, 1980",51%,45%,1.75,2.04,59%,3.93,0%,4.1,19,8,0
http://ufcstats.com/fighter-details/2924886ee9c4c527,"Nov 12, 1982",50%,47%,3.92,2.55,67%,1.03,70%,0.7,19,6,0
http://ufcstats.com/fighter-details/14aa21bc82cac57d,"Sep 25, 1980",30%,23%,3.00,6.10,57%,1.66,83%,0.0,30,13,1
http://ufcstats.com/fighter-details/46baf0f57edfa4df,"Dec 08, 1981",36%,18%,4.92,5.27,54%,0.48,75%,0.0,17,14,0
http://ufcstats.com/fighter-details/1abfb658cd4f8533,"Dec 20, 1975",56%,0%,3.62,3.16,33%,0.00,42%,0.0,11,5,1
http://ufcstats.com/fighter-details/3c921b1a30fdcbdd,"Mar 18, 1986",32%,100%,1.80,1.64,65%,0.67,54%,0.0,11,5,0
http://ufcstats.com/fighter-details/cd12227edd3f134b,"Oct 25, 1981",52%,40%,2.32,4.86,42%,1.57,78%,0.3,28,15,1
http://ufcstats.com/fighter-details/be4076c9e8d791e3,"Jan 15, 1986",36%,5%,0.83,2.60,48%,0.50,50%,1.0,21,9,0
http://ufcstats.com/fighter-details/e363b21261814830,"Dec 05, 1979",49%,0%,1.93,2.91,47%,0.00,25%,0.5,23,11,1
http://ufcstats.com/fighter-details/0fb1e2694a39a02f,"Mar 23, 1991",43%,35%,3.18,5.42,55%,2.00,40%,0.3,10,5,0
http://ufcstats.com/fighter-details/a01e84abefd85ec0,"Apr 19, 1987",47%,50%,5.45,3.88,59%,1.53,60%,0.9,11,2,0
http://ufcstats.com/fighter-details/23459ee7e373b98f,"Mar 07, 1982",42%,46%,5.15,3.93,55%,1.57,30%,0.0,14,6,0
http://ufcstats.com/fighter-details/fa315e6c77eee106,"Oct 10, 1977",56%,53%,3.03,2.81,52%,0.70,59%,0.2,15,7,0
http://ufcstats.com/fighter-details/46fd223e3ced39b3,"Aug 27, 1982",45%,29%,3.54,2.87,54%,1.55,46%,1.3,11,5,0
http://ufcstats.com/fighter-details/eee7dafac7d672b5,"May 28, 1982",49%,100%,4.18,3.64,64%,2.02,66%,0.0,7,3,0
http://ufcstats.com/fighter-details/19a8cce18a1cef9e,"Feb 09, 1984",48%,100%,2.75,3.11,49%,0.41,66%,0.8,9,4,0
http://ufcstats.com/fighter-details/c4fe2e9a06ea5bcb,"Feb 19, 1981",49%,50%,1.28,1.90,59%,0.62,26%,0.0,18,8,0
http://ufcstats.com/fighter-details/c9f6385af6df66d7,"Jun 30, 1978",55%,57%,2.80,3.15,48%,3.47,50%,1.3,10,4,0
http://ufcstats.com/fighter-details/8b69839f3555a67b,"Apr 17, 1982",42%,41%,3.22,3.28,62%,1.86,78%,2.0,20,7,0
http://ufcstats.com/fighter-details/e0b74df14f52cd15,"Sep 08, 1975",44%,40%,2.98,2.45,60%,3.23,66%,0.6,26,9,0
http://ufcstats.com/fighter-details/48e96d9cea6d4ab0,"Jul 11, 1981",64%,66%,1.60,2.87,50%,2.00,75%,0.0,6,2,1
http://ufcstats.com/fighter-details/88a9bc81271ccd89,"Jul 02, 1984",24%,44%,2.14,3.97,68%,1.55,66%,0.8,14,9,0
http://ufcstats.com/fighter-details/acd9513399a8b09b,"Feb 19, 1984",22%,0%,1.03,1.80,52%,0.00,42%,0.0,17,3,1
http://ufcstats.com/fighter-details/a17322f99ddfd8e9,"Apr 20, 1982",21%,33%,1.42,4.40,47%,1.60,14%,0.0,16,10,0
http://ufcstats.com/fighter-details/837d30395faca41e,"Dec 29, 1989",50%,0%,1.60,2.89,28%,0.00,20%,0.0,9,7,0
http://ufcstats.com/fighter-details/7bd94b60d7521e4a,"Oct 13, 1986",49%,0%,3.05,2.82,35%,0.00,50%,6.1,6,5,0
http://ufcstats.com/fighter-details/f2c8ebbeafd45f2b,"Dec 09, 1980",34%,34%,3.45,3.78,61%,1.18,60%,0.1,30,14,1
http://ufcstats.com/fighter-details/cbd6f1abf955e628,"Oct 03, 1984",60%,100%,4.98,3.78,48%,1.49,58%,0.0,22,6,0
http://ufcstats.com/fighter-details/a6bbd3df469c6bea,"Sep 26, 1981",35%,53%,1.78,1.79,61%,1.87,60%,1.9,8,2,0
http://ufcstats.com/fighter-details/0d506315895efffc,"Mar 10, 1976",39%,18%,3.84,3.73,64%,0.39,66%,0.4,14,6,0
http://ufcstats.com/fighter-details/1a7745388839e52b,"May 19, 1983",41%,46%,1.41,2.44,65%,2.80,77%,1.1,24,9,0
http://ufcstats.com/fighter-details/49e49b54e5901d0d,"Jan 16, 1984",33%,0%,1.71,3.43,11%,0.00,0%,0.0,8,3,1
http://ufcstats.com/fighter-details/d23ccf4a6c221284,"Jul 03, 1985",44%,25%,1.67,2.13,37%,1.93,31%,1.7,17,5,0
http://ufcstats.com/fighter-details/b26d3e3746fb4024,"Jun 22, 1980",26%,70%,2.36,2.98,64%,1.39,54%,1.4,10,3,0
http://ufcstats.com/fighter-details/a26198ba5093147e,"Feb 26, 1984",54%,43%,3.95,3.21,56%,1.63,36%,0.6,21,5,0
http://ufcstats.com/fighter-details/2c64c035485906aa,"Feb 05, 1990",47%,0%,4.83,3.45,56%,0.00,52%,0.3,15,7,0
http://ufcstats.com/fighter-details/a1b0715c4fd2dbd3,"Apr 07, 1990",21%,25%,1.24,4.75,53%,1.69,0%,0.0,8,3,0
http://ufcstats.com/fighter-details/27d65e9d0fba61ea,"Oct 08, 1978",47%,28%,1.83,6.47,34%,1.00,30%,0.0,13,5,0
http://ufcstats.com/fighter-details/03c9994c5b8958ec,"Dec 17, 1983",49%,31%,2.65,2.29,73%,1.82,78%,0.4,8,3,0
http://ufcstats.com/fighter-details/1eacf73d6a0055dc,"May 17, 1975",56%,56%,3.33,1.28,54%,2.30,52%,0.2,27,10,2
http://ufcstats.com/fighter-details/917e53fa0adea0d3,"Jul 14, 1979",24%,26%,2.77,4.79,52%,0.30,42%,0.5,18,13,1
http://ufcstats.com/fighter-details/4130a743d9d22163,"Apr 24, 1984",41%,26%,2.70,3.10,59%,0.44,55%,0.9,18,8,0
http://ufcstats.com/fighter-details/5abf827d62f98fee,"Apr 25, 1981",33%,100%,1.94,2.49,58%,1.94,60%,0.0,13,3,0
http://ufcstats.com/fighter-details/16bf6a73bdd302cd,"Oct 12, 1989",44%,16%,6.33,7.53,51%,2.00,50%,0.0,6,3,1
http://ufcstats.com/fighter-details/54ed8dc6f8c31207,"Oct 19, 1981",41%,60%,1.09,2.73,35%,3.51,0%,1.2,12,6,0
http://ufcstats.com/fighter-details/ddbe4fa2ea573393,"May 25, 1986",70%,25%,2.08,5.94,16%,4.46,0%,0.0,3,1,1
http://ufcstats.com/fighter-details/4304992c2acc187b,"May 30, 1983",32%,31%,2.67,3.97,57%,0.65,53%,0.5,36,17,0
http://ufcstats.com/fighter-details/879f6cae48d25baa,"May 15, 1990",35%,28%,3.84,2.83,67%,0.72,73%,0.0,10,4,0
http://ufcstats.com/fighter-details/98ec9f385cca47fc,"Mar 25, 1985",53%,66%,3.14,3.98,38%,1.33,50%,0.0,7,4,0
http://ufcstats.com/fighter-details/6ef65b6a152e49d5,"Apr 21, 1986",47%,42%,2.30,3.00,37%,3.29,100%,0.6,12,6,0
http://ufcstats.com/fighter-details/b27b8881d7444114,"Jun 26, 1985",42%,75%,1.91,2.61,51%,3.92,50%,1.3,6,8,0
http://ufcstats.com/fighter-details/8e5bfd4e82352340,"Sep 16, 1983",44%,25%,3.37,2.70,50%,0.94,15%,1.3,12,4,0
http://ufcstats.com/fighter-details/411d012af19ecb59,"Nov 26, 1987",36%,0%,1.83,1.95,60%,0.00,50%,0.9,6,3,0
http://ufcstats.com/fighter-details/fef3d17e27e916e7,"May 30, 1979",29%,0%,3.03,3.62,64%,0.00,100%,0.0,15,6,0
http://ufcstats.com/fighter-details/7d09200f6a77b20e,"Jan 08, 1983",34%,0%,3.10,2.97,62%,0.00,27%,0.0,14,8,0
http://ufcstats.com/fighter-details/57bf89d42364d39e,"Mar 12, 1984",53%,25%,1.89,4.58,44%,0.92,33%,0.0,10,8,0
http://ufcstats.com/fighter-details/4417980b3e798abf,"Jul 02, 1983",49%,23%,3.19,2.61,50%,0.98,25%,0.7,11,7,1
http://ufcstats.com/fighter-details/a1f6999fe57236e0,"Jul 03, 1976",40%,53%,2.79,2.19,60%,0.97,62%,0.6,35,13,1
http://ufcstats.com/fighter-details/7c35f869033901ae,"Jan 06, 1981",43%,43%,4.24,3.71,64%,2.17,70%,0.0,24,9,0
http://ufcstats.com/fighter-details/579fcdfcabd23a7b,"Sep 24, 1980",42%,12%,3.28,2.65,59%,0.12,60%,0.3,12,6,0
http://ufcstats.com/fighter-details/64959f90b6dd9759,"Jul 10, 1985",30%,0%,1.06,3.34,56%,0.00,14%,0.8,12,6,0
http://ufcstats.com/fighter-details/d1a1314976c50bef,"Mar 24, 1983",46%,34%,3.29,3.63,58%,1.09,46%,1.3,36,16,1
http://ufcstats.com/fighter-details/706f8e2b34e8e18b,"May 01, 1984",38%,100%,2.27,1.63,67%,1.20,71%,0.4,24,10,0
http://ufcstats.com/fighter-details/e6c5908910cc26e4,"Jun 11, 1977",55%,66%,5.39,2.54,55%,0.61,54%,0.6,18,10,0
http://ufcstats.com/fighter-details/bfc2fc38a0e20211,"Jul 29, 1981",53%,37%,4.09,2.69,56%,2.19,82%,0.5,15,5,0
http://ufcstats.com/fighter-details/a0602dd050bebefc,"Jul 07, 1986",20%,7%,1.13,4.33,45%,1.00,20%,0.0,9,4,0
http://ufcstats.com/fighter-details/01d2ed8c502e3828,"Jan 07, 1984",54%,25%,2.76,2.83,54%,2.10,50%,0.0,11,6,0
http://ufcstats.com/fighter-details/6cadfd8f1d9e7685,"Sep 29, 1982",52%,66%,2.08,2.87,43%,1.18,58%,0.0,16,10,0
http://ufcstats.com/fighter-details/d34636a85f0f4c90,"Aug 29, 1987",23%,11%,0.87,2.80,51%,1.50,0%,0.5,28,12,7
http://ufcstats.com/fighter-details/60ba33c3f555a7a3,"Oct 14, 1988",41%,36%,1.44,3.71,50%,1.97,16%,2.2,14,5,0
http://ufcstats.com/fighter-details/1e35aa8955794580,"May 25, 1983",25%,0%,2.72,3.57,68%,0.00,0%,0.0,9,5,0
http://ufcstats.com/fighter-details/d023ae89a2a4a41e,"Jan 14, 1986",42%,50%,3.01,2.74,54%,3.51,89%,0.5,8,3,0
http://ufcstats.com/fighter-details/f8dc544e7077d014,"Oct 09, 1980",35%,30%,1.69,2.62,56%,0.58,52%,0.8,25,12,0
http://ufcstats.com/fighter-details/7b143a54451263d9,"Aug 04, 1988",26%,16%,0.53,1.90,51%,0.53,33%,7.4,14,2,0
http://ufcstats.com/fighter-details/33011768c3c4dc9a,"Jan 11, 1986",35%,30%,2.16,2.53,67%,0.43,39%,1.4,16,5,0
http://ufcstats.com/fighter-details/6f018c039b4d5d80,"Feb 24, 1978",50%,51%,2.61,1.65,54%,3.60,56%,0.8,30,7,1
http://ufcstats.com/fighter-details/6f81b6de2557739a,"Sep 05, 1980",34%,48%,1.19,1.78,52%,3.19,52%,2.0,19,7,0
http://ufcstats.com/fighter-details/5bb0a618ad03ac64,"Jul 29, 1976",32%,60%,1.66,1.89,61%,4.05,66%,1.0,23,7,0
http://ufcstats.com/fighter-details/ccdd90bd1fc7dab6,"Jan 04, 1971",44%,46%,1.90,1.62,59%,3.25,70%,0.1,27,8,0
http://ufcstats.com/fighter-details/353de740bb6c7e75,"Sep 11, 1976",47%,43%,1.55,2.90,59%,4.66,0%,0.7,15,3,0
http://ufcstats.com/fighter-details/c0c36a5b3d5bbdd5,"Aug 01, 1986",43%,25%,3.34,8.85,47%,1.59,33%,0.8,11,4,0
http://ufcstats.com/fighter-details/fea8acf9bfcf09ec,"Mar 14, 1984",43%,40%,3.85,3.85,64%,1.12,50%,1.7,17,6,1
http://ufcstats.com/fighter-details/7f6ef4e1227600bc,"Dec 30, 1986",40%,0%,1.72,3.06,50%,0.00,22%,0.0,12,3,0
http://ufcstats.com/fighter-details/3a24769a4855040a,"Nov 30, 1982",43%,44%,2.72,2.59,58%,1.18,65%,0.6,19,7,0
http://ufcstats.com/fighter-details/e983c62faf677ab2,"Feb 13, 1986",30%,0%,1.37,9.16,35%,0.00,0%,0.0,18,4,2
http://ufcstats.com/fighter-details/c0eecd851dbf3146,"Aug 09, 1986",50%,0%,0.86,1.82,50%,0.00,62%,0.0,8,4,0
http://ufcstats.com/fighter-details/7cf20446453f852b,"Oct 04, 1978",35%,53%,1.13,2.36,48%,2.67,12%,0.7,13,8,2
http://ufcstats.com/fighter-details/ecdf14f4f8643d39,"Aug 16, 1983",28%,0%,1.82,5.18,50%,0.00,0%,0.0,6,3,0
http://ufcstats.com/fighter-details/edad57b3dddf2168,"Feb 01, 1988",39%,0%,3.33,3.81,44%,0.00,50%,0.0,20,13,0
http://ufcstats.com/fighter-details/8b260672a21d1fd6,"Apr 29, 1984",41%,50%,2.73,3.43,62%,1.22,64%,0.0,8,4,0
http://ufcstats.com/fighter-details/b0a6124751a56bc4,"Aug 13, 1985",39%,17%,2.69,3.63,56%,1.94,80%,0.3,16,10,0
http://ufcstats.com/fighter-details/85980f5da429c0a6,"Sep 23, 1983",60%,40%,3.93,2.97,54%,1.20,16%,2.4,11,2,0
http://ufcstats.com/fighter-details/b788862dd1c11eac,"Dec 05, 1989",63%,30%,6.23,6.70,53%,1.50,92%,0.0,17,3,0
http://ufcstats.com/fighter-details/5a6e4d2f0c76a242,"Apr 25, 1985",33%,75%,0.81,3.23,38%,9.09,0%,0.0,11,5,0
http://ufcstats.com/fighter-details/879b8df81523d91b,"Mar 26, 1980",30%,0%,1.25,4.60,38%,0.00,40%,0.0,11,3,0
http://ufcstats.com/fighter-details/182f2b78582de3d8,"Jul 17, 1982",64%,36%,2.55,3.70,37%,3.89,83%,0.6,22,7,0
http://ufcstats.com/fighter-details/76729a829623e266,"Aug 07, 1983",25%,0%,2.79,4.01,60%,0.00,80%,0.0,9,4,0
http://ufcstats.com/fighter-details/0a97691039c4bbfb,"Jul 22, 1982",42%,66%,4.08,4.18,69%,0.25,71%,0.9,20,12,0
http://ufcstats.com/fighter-details/fdf18227faa596dd,"May 15, 1978",50%,66%,2.67,2.22,46%,1.51,41%,0.0,11,3,0
http://ufcstats.com/fighter-details/c34e5849184b08c3,"Sep 08, 1976",39%,0%,3.47,4.71,65%,0.00,80%,0.0,21,8,6
http://ufcstats.com/fighter-details/0bcfe2513cb3bc39,"May 14, 1982",35%,50%,1.50,4.43,37%,1.00,28%,0.5,9,2,0
http://ufcstats.com/fighter-details/c23e3d4875340d8d,"Jul 25, 1978",36%,58%,1.23,2.14,51%,1.95,75%,3.4,15,4,0
http://ufcstats.com/fighter-details/97a8f39186f489db,"Aug 02, 1978",48%,18%,1.86,3.46,47%,0.86,0%,1.1,10,6,0
http://ufcstats.com/fighter-details/d897897060f10a3a,"Oct 05, 1974",44%,66%,4.10,2.07,62%,1.31,63%,0.7,29,7,0
http://ufcstats.com/fighter-details/24b033b3daf1c9df,"Apr 24, 1981",41%,28%,4.79,5.00,60%,0.56,100%,0.3,17,7,0
http://ufcstats.com/fighter-details/10559c53de0b950e,"Oct 26, 1988",35%,0%,2.47,2.53,51%,0.00,42%,0.8,9,2,0
http://ufcstats.com/fighter-details/c6a33ff198aaaeeb,"Apr 04, 1977",38%,40%,2.76,3.01,52%,1.32,60%,1.0,15,9,0
http://ufcstats.com/fighter-details/75e0d3cc2262b732,"Jul 14, 1979",34%,33%,2.04,2.65,60%,2.46,42%,1.9,11,7,0
http://ufcstats.com/fighter-details/4f853e98886283cf,"Jun 25, 1981",47%,9%,2.03,4.07,35%,0.43,57%,1.7,31,18,1
http://ufcstats.com/fighter-details/d5f820c11a121050,"Jul 20, 1974",52%,34%,3.60,2.53,56%,3.78,83%,0.5,12,5,0
http://ufcstats.com/fighter-details/84ac950d4c1722dd,"Aug 04, 1978",44%,25%,4.62,3.05,57%,0.43,59%,0.1,21,14,0
http://ufcstats.com/fighter-details/473ce3aa581251a2,"May 17, 1982",35%,35%,2.46,3.44,51%,0.73,35%,0.4,25,10,0
http://ufcstats.com/fighter-details/322a56923b396b4d,"Jun 28, 1982",37%,55%,2.11,3.75,51%,1.18,19%,0.7,15,15,0
http://ufcstats.com/fighter-details/f59e9e49ef85b469,"Jun 28, 1986",37%,66%,2.97,3.20,50%,1.98,55%,0.0,9,6,0
http://ufcstats.com/fighter-details/92aafa8f4b26269b,"Jul 16, 1984",29%,0%,2.10,3.79,43%,0.00,61%,1.4,14,10,0
http://ufcstats.com/fighter-details/0871254cd790c250,"Mar 11, 1986",27%,33%,1.48,2.05,55%,3.42,66%,0.0,11,3,0
http://ufcstats.com/fighter-details/b2a2da86546ddb19,"Oct 17, 1982",34%,0%,2.17,2.08,70%,0.00,76%,0.7,12,3,0
http://ufcstats.com/fighter-details/2b4faacc16d66898,"Jan 01, 1976",49%,36%,1.49,2.26,45%,2.30,20%,1.6,18,9,2
http://ufcstats.com/fighter-details/fbf0947399d14323,"Oct 08, 1982",49%,33%,3.85,2.90,48%,1.24,60%,0.6,11,4,0
http://ufcstats.com/fighter-details/dcdd511ff757f15c,"Jan 02, 1980",46%,0%,1.66,5.31,46%,0.00,50%,0.5,17,10,0
http://ufcstats.com/fighter-details/9f842be1a5337be6,"Dec 19, 1975",39%,36%,2.01,3.06,64%,1.19,49%,1.5,17,14,1
http://ufcstats.com/fighter-details/c96e2ae6021144a1,"Sep 30, 1982",38%,64%,2.05,2.47,51%,2.63,23%,0.9,19,10,0
http://ufcstats.com/fighter-details/b0f316c60f8d3b47,"May 13, 1988",43%,11%,2.13,4.18,32%,0.59,54%,0.0,10,5,0
http://ufcstats.com/fighter-details/cc3147b49c7d7d92,"Nov 17, 1980",46%,100%,2.97,4.42,37%,0.78,100%,0.0,12,5,0
http://ufcstats.com/fighter-details/7a15f3694c5cbc02,"Jul 05, 1979",39%,38%,2.10,2.91,54%,1.85,70%,1.2,35,17,0
http://ufcstats.com/fighter-details/fcffee71cff5530e,"Mar 16, 1979",36%,48%,4.38,2.81,61%,1.05,57%,0.7,19,7,0
http://ufcstats.com/fighter-details/afc2a7ce0c763bd5,"Jan 09, 1984",52%,0%,2.93,1.40,26%,0.00,50%,0.0,10,4,0
http://ufcstats.com/fighter-details/2f732dd9210d301f,"Jan 23, 1975",46%,35%,2.59,2.88,60%,2.47,54%,0.6,19,12,1
http://ufcstats.com/fighter-details/2937cb502dda0808,"May 01, 1988",44%,0%,3.64,5.00,47%,0.00,0%,0.0,19,10,0
http://ufcstats.com/fighter-details/db6d5f691aea3fd3,"Jul 31, 1981",41%,100%,1.54,2.53,51%,2.71,0%,0.0,12,10,0
http://ufcstats.com/fighter-details/970beed85bc46b63,"Nov 16, 1977",75%,0%,0.69,4.83,19%,0.00,0%,0.0,29,10,0
http://ufcstats.com/fighter-details/86061eaba822bfea,"Nov 18, 1986",35%,27%,3.36,3.20,63%,1.00,71%,0.7,21,2,2
http://ufcstats.com/fighter-details/e9e1acc96536bb4f,"Aug 14, 1980",65%,18%,2.61,3.57,40%,1.24,60%,0.0,9,6,0
http://ufcstats.com/fighter-details/7bc475b0fc2020ab,"Jan 18, 1981",35%,20%,2.40,5.60,42%,1.50,100%,0.0,20,10,2
http://ufcstats.com/fighter-details/f34312c2ccfa0e00,"May 09, 1976",43%,30%,3.17,3.03,64%,0.67,60%,0.8,24,9,0
http://ufcstats.com/fighter-details/e57fdbea1b828202,"Feb 09, 1984",47%,37%,3.26,2.76,56%,2.04,40%,0.0,11,4,0
http://ufcstats.com/fighter-details/7a613f78dd7ee8f8,"Apr 08, 1981",27%,0%,1.80,3.37,68%,0.00,0%,0.5,13,4,0
http://ufcstats.com/fighter-details/4f736494fc733095,"Jul 12, 1981",34%,0%,1.24,1.85,55%,0.00,52%,1.4,9,4,0
http://ufcstats.com/fighter-details/de12bd65e2f46478,"Aug 28, 1988",26%,0%,1.87,8.24,52%,0.00,0%,0.0,5,2,0
http://ufcstats.com/fighter-details/b35a159f525764eb,"Mar 11, 1986",22%,100%,1.48,2.96,75%,3.70,0%,0.0,16,8,0
http://ufcstats.com/fighter-details/1d1b85389a05df69,"Feb 01, 1982",40%,25%,1.07,1.13,43%,1.00,20%,2.0,9,9,0
http://ufcstats.com/fighter-details/b2f88c04c4dd43ce,"Dec 24, 1980",43%,28%,1.83,2.30,49%,1.31,43%,1.3,23,10,0
http://ufcstats.com/fighter-details/2be6596a9db33bf5,"Jun 03, 1975",52%,16%,1.55,2.70,46%,1.43,35%,2.0,25,16,0
http://ufcstats.com/fighter-details/a8ea84cbe1655f0a,"Sep 02, 1977",31%,12%,1.54,2.48,60%,0.35,35%,1.2,36,18,1
http://ufcstats.com/fighter-details/ece280745f8727b8,"Aug 27, 1972",32%,50%,3.06,2.99,70%,2.07,80%,0.0,9,5,2
http://ufcstats.com/fighter-details/d18dbcb0f8e2b55d,"Feb 15, 1984",25%,30%,2.95,5.02,59%,2.82,0%,0.0,8,3,1
http://ufcstats.com/fighter-details/ee624ee2a18f2a43,"Nov 21, 1988",59%,41%,2.47,2.57,50%,3.50,81%,0.0,11,5,0
http://ufcstats.com/fighter-details/e4aaaa34535e32b6,"Oct 11, 1983",53%,100%,6.54,5.42,36%,2.80,80%,0.0,11,3,0
http://ufcstats.com/fighter-details/5b2d7906aa894274,"Nov 01, 1982",45%,24%,2.08,3.59,54%,2.74,50%,1.4,13,9,0
http://ufcstats.com/fighter-details/cc84b68f862b466f,"Mar 23, 1979",30%,0%,3.13,5.77,42%,0.00,62%,1.0,16,7,1
http://ufcstats.com/fighter-details/33b2f68ef95252e0,"Jan 18, 1981",43%,0%,3.98,1.86,74%,0.00,17%,1.6,44,9,0
http://ufcstats.com/fighter-details/53f84637dfffab7a,"Jul 25, 1984",47%,0%,1.42,2.08,56%,0.00,27%,0.9,26,9,1
http://ufcstats.com/fighter-details/51b1e2fd9872005b,"Nov 03, 1980",45%,50%,2.91,3.48,46%,2.14,50%,2.1,8,4,0
http://ufcstats.com/fighter-details/11f8860028b68fcf,"May 28, 1983",47%,33%,4.03,4.41,45%,0.36,85%,0.4,18,6,0
http://ufcstats.com/fighter-details/f1f9e48a0d150757,"Dec 08, 1986",34%,30%,3.63,5.76,55%,0.65,80%,0.7,7,6,0
http://ufcstats.com/fighter-details/8c8c92a12621d7e0,"Mar 05, 1983",26%,0%,3.96,4.82,50%,0.00,80%,0.0,8,4,0
http://ufcstats.com/fighter-details/0577808d22dfe79c,"Dec 10, 1975",52%,55%,2.15,3.05,52%,1.73,43%,0.0,6,3,0
http://ufcstats.com/fighter-details/cb46dface0e28a2c,"Feb 28, 1972",48%,50%,3.16,2.64,54%,0.84,63%,0.1,20,9,0
http://ufcstats.com/fighter-details/696002b59f09d73b,"May 11, 1986",42%,0%,1.82,12.12,60%,0.00,0%,0.0,7,7,0
http://ufcstats.com/fighter-details/f59f1d3a2ff13edd,"Sep 20, 1977",34%,36%,1.89,3.38,56%,1.81,50%,1.8,14,8,2
http://ufcstats.com/fighter-details/80779d7441af1b52,"Sep 08, 1986",34%,66%,2.82,2.46,46%,3.26,50%,2.2,8,3,0
http://ufcstats.com/fighter-details/22edaf53ad59a967,"Aug 05, 1980",20%,44%,0.73,2.27,46%,2.46,40%,2.5,15,7,0
http://ufcstats.com/fighter-details/d0d7160824278840,"Jun 24, 1981",62%,24%,3.31,2.06,44%,2.43,66%,0.7,16,6,0
http://ufcstats.com/fighter-details/59583ff832fe9d68,"Aug 02, 1977",39%,25%,3.37,3.13,58%,0.52,71%,1.0,26,12,1
http://ufcstats.com/fighter-details/56116a79e4deed06,"Jun 14, 1980",55%,53%,1.80,0.89,69%,2.32,84%,1.7,14,2,0
http://ufcstats.com/fighter-details/210935fd21670f6d,"Jun 16, 1977",47%,37%,2.28,2.13,59%,0.74,75%,0.0,10,5,0
http://ufcstats.com/fighter-details/8a8a84b743ae7699,"Dec 02, 1975",44%,30%,1.12,1.96,43%,1.79,25%,2.1,53,20,2
http://ufcstats.com/fighter-details/1cecc8fe6748a532,"Nov 14, 1982",52%,0%,4.87,5.87,55%,0.00,0%,0.0,11,2,0
http://ufcstats.com/fighter-details/e503aa5c252a1b4d,"Sep 12, 1986",32%,0%,2.08,2.66,56%,0.00,0%,1.7,25,21,1
http://ufcstats.com/fighter-details/497ba5b12a4bfc47,"Jul 07, 1975",40%,25%,2.66,1.78,65%,2.37,25%,1.3,22,6,1
http://ufcstats.com/fighter-details/8cb76103cd8a1562,"Apr 17, 1987",34%,43%,1.48,3.14,57%,2.52,54%,0.5,8,3,0
http://ufcstats.com/fighter-details/e2b8186b618b00c4,"Sep 22, 1982",20%,33%,1.56,3.91,69%,1.50,37%,0.0,16,11,0
http://ufcstats.com/fighter-details/5df17b3620145578,"Aug 30, 1981",43%,33%,1.77,4.32,49%,0.43,13%,0.0,17,9,0
http://ufcstats.com/fighter-details/c7011de4765d2497,"Jun 13, 1983",32%,16%,2.26,4.13,56%,1.12,100%,0.0,23,8,0
http://ufcstats.com/fighter-details/668222c99c5c311d,"Dec 27, 1973",48%,10%,1.27,3.93,40%,1.00,0%,0.0,15,3,0
http://ufcstats.com/fighter-details/83a477a7dba1ca58,"Sep 25, 1980",48%,100%,3.29,3.91,58%,0.66,68%,1.3,13,6,0
http://ufcstats.com/fighter-details/a7d687e6ecb30981,"Mar 03, 1983",60%,0%,2.83,2.54,51%,0.00,26%,3.2,16,7,1
http://ufcstats.com/fighter-details/6224e8d0a34264eb,"Jul 15, 1984",32%,25%,2.28,6.25,44%,1.01,33%,0.0,2,5,0
http://ufcstats.com/fighter-details/20205040232ed0f3,"Apr 20, 1984",41%,46%,3.71,2.30,65%,1.87,59%,0.9,16,8,0
http://ufcstats.com/fighter-details/a08d909a5be6f410,"Jul 07, 1980",27%,33%,1.93,2.39,67%,0.47,79%,0.9,10,4,0
http://ufcstats.com/fighter-details/a66395395b5f1394,"Apr 08, 1986",34%,0%,1.66,3.53,37%,0.00,37%,0.5,8,3,0
http://ufcstats.com/fighter-details/cb139171ed1b69fe,"May 26, 1976",40%,33%,2.41,1.85,63%,2.22,60%,1.3,14,6,0
http://ufcstats.com/fighter-details/621a6c59f88a44fe,"Oct 13, 1973",53%,50%,2.14,1.36,53%,2.95,35%,1.2,45,9,0
http://ufcstats.com/fighter-details/744e098e065cfdbe,"Apr 15, 1978",55%,10%,2.17,4.77,46%,1.63,100%,3.3,11,3,0
http://ufcstats.com/fighter-details/e26882820f9e8df5,"Jul 24, 1979",36%,11%,2.48,4.84,40%,1.18,0%,0.6,8,3,0
http://ufcstats.com/fighter-details/e6147d5ab3685899,"Jan 04, 1980",37%,0%,1.81,3.85,46%,0.00,57%,1.7,15,10,0
http://ufcstats.com/fighter-details/eea0274e153256a0,"Sep 07, 1983",40%,37%,2.71,2.36,64%,1.00,69%,0.3,18,10,0
http://ufcstats.com/fighter-details/02500fb9fd79a974,"Oct 31, 1969",40%,12%,0.51,4.07,43%,1.91,50%,0.0,20,3,0
http://ufcstats.com/fighter-details/91acd6910b802a9e,"Aug 18, 1974",45%,55%,3.76,3.03,58%,0.70,55%,2.4,31,18,5
http://ufcstats.com/fighter-details/d25b93992f285953,"Jan 01, 1987",46%,100%,3.77,4.78,57%,0.94,0%,0.0,20,8,0
http://ufcstats.com/fighter-details/b45d6b73f4ca4467,"Nov 09, 1981",33%,0%,2.52,4.57,51%,0.00,74%,0.0,21,11,2
http://ufcstats.com/fighter-details/79899ecf62020f6d,"Jun 15, 1982",44%,44%,2.05,2.44,60%,2.75,39%,2.2,33,16,0
http://ufcstats.com/fighter-details/be5cfd73617a5b1a,"Jul 16, 1977",36%,52%,2.43,1.99,72%,2.56,57%,1.5,16,5,0
http://ufcstats.com/fighter-details/2721bb808bb2523c,--,42%,50%,2.13,3.44,43%,2.35,83%,0.9,13,6,0
http://ufcstats.com/fighter-details/934de214814b8ff4,"Aug 28, 1980",62%,33%,2.91,1.01,50%,1.51,33%,0.0,16,5,1
http://ufcstats.com/fighter-details/68dd7b3783c19f9c,"Jan 04, 1975",47%,33%,4.38,3.53,53%,1.42,42%,0.0,12,2,0
http://ufcstats.com/fighter-details/56bc9ccb609df534,"Sep 22, 1985",37%,0%,3.13,4.40,72%,0.00,0%,0.0,17,9,0
http://ufcstats.com/fighter-details/1f9c371c93dfd3a9,"Sep 27, 1986",20%,0%,1.27,2.20,52%,0.00,44%,0.0,12,0,1
http://ufcstats.com/fighter-details/89b8d1bf1ff09d1d,"Jul 09, 1977",30%,100%,3.59,3.13,57%,0.41,50%,3.3,12,4,0
http://ufcstats.com/fighter-details/234f3767ff0e5701,"Nov 12, 1982",41%,45%,2.31,2.40,54%,0.49,56%,1.7,23,17,0
http://ufcstats.com/fighter-details/d7b2c0b53883ee80,"Aug 09, 1979",35%,0%,3.67,3.25,62%,0.00,100%,0.0,13,8,1
http://ufcstats.com/fighter-details/8a0be41c0380188d,"Oct 31, 1974",37%,53%,2.58,2.61,77%,1.40,75%,0.5,12,7,0
http://ufcstats.com/fighter-details/0aa92558424ced9e,"Jun 22, 1963",57%,46%,2.85,1.53,59%,2.78,58%,0.5,19,11,0
http://ufcstats.com/fighter-details/aae99701b21554e4,"Sep 20, 1977",39%,50%,2.84,2.99,59%,1.55,31%,1.9,21,8,0
http://ufcstats.com/fighter-details/baed16f18348908e,"Sep 24, 1981",45%,55%,2.69,2.57,54%,2.88,38%,0.0,8,5,0
http://ufcstats.com/fighter-details/008dc37cca279def,"Jul 17, 1976",44%,40%,0.85,2.48,52%,2.12,33%,4.2,17,7,0
http://ufcstats.com/fighter-details/28f62d866c59c709,"Oct 31, 1980",55%,55%,1.88,2.40,53%,4.47,83%,0.3,16,7,0
http://ufcstats.com/fighter-details/7691a80e6ca3e55b,"Feb 12, 1980",41%,71%,2.46,1.18,81%,1.32,70%,0.0,8,2,0
http://ufcstats.com/fighter-details/df2bf09c99594848,"Jul 12, 1979",54%,60%,1.96,2.46,36%,1.02,54%,0.0,14,7,0
http://ufcstats.com/fighter-details/aa1952ec0b3dd8e1,"May 07, 1979",43%,54%,2.45,1.94,63%,2.90,69%,0.8,16,7,0
http://ufcstats.com/fighter-details/91186547a7f3f758,"Nov 29, 1976",49%,38%,2.02,1.20,61%,3.74,31%,1.2,13,5,0
http://ufcstats.com/fighter-details/054defd5420a551f,"Jan 30, 1981",48%,46%,1.86,4.79,38%,2.08,25%,2.4,25,9,0
http://ufcstats.com/fighter-details/9b68bf67c5695185,"Dec 13, 1976",45%,0%,2.15,3.85,48%,0.00,50%,0.0,16,4,0
http://ufcstats.com/fighter-details/df05aa15b2d66f57,"Sep 08, 1975",31%,18%,1.35,3.17,47%,1.19,0%,0.6,21,4,0
http://ufcstats.com/fighter-details/2adb11835acd815b,--,61%,0%,2.91,2.55,46%,0.00,75%,0.0,10,7,0
http://ufcstats.com/fighter-details/6b5b9be990774f0e,"Jan 31, 1981",45%,0%,2.29,1.39,66%,0.00,42%,0.9,12,3,0
http://ufcstats.com/fighter-details/aac5ac38148f0528,"Sep 12, 1984",37%,60%,3.22,2.61,59%,1.34,30%,1.5,14,5,0
http://ufcstats.com/fighter-details/9b74de674c355425,"Dec 15, 1979",47%,25%,4.44,4.47,55%,0.27,56%,0.5,11,6,1
http://ufcstats.com/fighter-details/ccba80d4820ef557,"Aug 29, 1977",31%,11%,1.70,5.16,41%,2.04,28%,0.0,18,8,0
http://ufcstats.com/fighter-details/9ddfb3369a3b0394,"Sep 23, 1979",33%,62%,2.69,3.15,58%,1.62,86%,0.4,20,11,1
http://ufcstats.com/fighter-details/219a254e15d60135,"May 09, 1983",47%,33%,2.79,4.14,46%,1.72,85%,0.9,21,13,0
http://ufcstats.com/fighter-details/f1f37d667bcd0d27,"Jul 28, 1987",37%,100%,1.53,0.93,62%,0.50,73%,0.0,26,6,0
http://ufcstats.com/fighter-details/dc5a6b2fdb27e7dc,"Aug 08, 1988",46%,0%,0.50,2.02,30%,0.00,53%,0.0,15,12,0
http://ufcstats.com/fighter-details/eaea0fc7b76525a8,"Sep 17, 1974",65%,37%,2.75,0.79,66%,1.87,54%,1.2,15,6,1
http://ufcstats.com/fighter-details/1652f3213655b935,"Apr 16, 1976",45%,47%,2.77,3.93,40%,1.46,60%,0.5,15,18,0
http://ufcstats.com/fighter-details/9c669abd35b2522f,"Jun 03, 1986",63%,27%,3.21,2.61,52%,1.49,44%,1.0,9,4,0
http://ufcstats.com/fighter-details/b7d524c77c27389b,"Aug 24, 1973",39%,48%,2.72,2.79,65%,1.60,47%,1.4,22,11,0
http://ufcstats.com/fighter-details/3414b50b08a10600,"Mar 12, 1970",45%,33%,1.37,0.74,74%,1.47,57%,0.0,29,6,2
http://ufcstats.com/fighter-details/dbaaf42313af90fa,"Oct 09, 1977",42%,33%,1.43,2.79,50%,2.02,33%,2.3,51,16,0
http://ufcstats.com/fighter-details/196ed28337adc630,"Apr 16, 1986",12%,50%,1.17,4.31,41%,0.80,0%,0.0,11,2,1
http://ufcstats.com/fighter-details/a149d6bc670cdb60,"Apr 29, 1986",40%,50%,2.24,3.51,46%,0.55,25%,4.1,12,7,0
http://ufcstats.com/fighter-details/8e893f269d5696b2,"Mar 31, 1983",52%,0%,2.95,2.13,62%,0.00,54%,0.4,15,7,0
http://ufcstats.com/fighter-details/320edfb0332b7073,"May 13, 1979",54%,11%,1.71,2.31,62%,0.62,10%,2.2,10,5,0
http://ufcstats.com/fighter-details/9f7787e56a6bc0f4,"Mar 11, 1984",27%,0%,2.40,4.80,46%,0.00,100%,0.0,8,1,0
http://ufcstats.com/fighter-details/338a11d3674eb2d4,"Jan 31, 1987",0%,100%,0.00,0.00,100%,7.32,0%,0.0,11,7,0
http://ufcstats.com/fighter-details/d58478ded5534695,"Mar 08, 1981",55%,100%,1.67,0.53,86%,1.00,71%,3.0,37,10,0
http://ufcstats.com/fighter-details/349aaa3da11eb587,"Aug 28, 1982",41%,59%,2.49,2.19,58%,5.27,59%,1.0,24,11,0
http://ufcstats.com/fighter-details/c4b81cdecd5d6abe,"Nov 19, 1979",29%,54%,1.41,1.58,62%,2.96,72%,0.0,23,5,0
http://ufcstats.com/fighter-details/3dc3022232b79c7a,"Apr 03, 1984",39%,60%,3.30,1.63,65%,3.67,37%,1.8,27,10,0
http://ufcstats.com/fighter-details/771b60ff889661c8,--,35%,75%,2.20,3.33,48%,3.00,25%,2.0,9,2,0
http://ufcstats.com/fighter-details/28ba5f27e473420c,"Apr 25, 1979",60%,0%,2.57,8.14,42%,0.00,0%,0.0,18,6,0
http://ufcstats.com/fighter-details/5b407acfe0ef9b76,"Dec 30, 1984",50%,45%,2.83,3.77,50%,1.20,71%,1.0,6,3,0
http://ufcstats.com/fighter-details/93b9496275bbbf80,"Dec 03, 1979",41%,50%,2.17,2.08,55%,0.46,47%,2.3,14,8,0
http://ufcstats.com/fighter-details/132f860d02953f4c,"Mar 20, 1984",37%,50%,1.69,2.69,59%,1.69,33%,1.1,15,8,0
http://ufcstats.com/fighter-details/d29b5c4f22c6357d,"Jun 30, 1976",47%,0%,1.05,1.78,50%,0.00,25%,1.0,39,16,1
http://ufcstats.com/fighter-details/2a8502954f49e682,"Aug 29, 1983",51%,70%,3.67,4.10,41%,5.07,100%,0.7,8,4,0
http://ufcstats.com/fighter-details/852454c572675334,"May 04, 1978",45%,22%,1.82,2.03,50%,1.27,66%,3.8,7,4,0
http://ufcstats.com/fighter-details/cac08b8685387ca5,"Oct 24, 1980",55%,33%,3.94,4.33,42%,0.52,100%,1.1,15,15,0
http://ufcstats.com/fighter-details/c11f50e9c1513ce9,"Aug 14, 1985",19%,100%,0.25,1.67,47%,0.76,60%,2.3,12,6,0
http://ufcstats.com/fighter-details/6085ceb59087514b,"Jul 30, 1984",24%,0%,1.39,2.69,62%,0.00,37%,0.0,13,6,1
http://ufcstats.com/fighter-details/86dfed7cc24a9fa7,"Jun 02, 1974",39%,20%,1.98,2.64,46%,2.05,38%,0.9,11,7,0
http://ufcstats.com/fighter-details/60c72f7459827881,"Dec 04, 1975",27%,0%,0.97,1.87,48%,0.00,37%,0.5,23,5,0
http://ufcstats.com/fighter-details/029880cdbf5ca089,"Aug 05, 1973",35%,46%,2.17,2.71,55%,4.09,56%,0.4,36,4,1
http://ufcstats.com/fighter-details/e86bc32f5997a8f7,"Sep 22, 1975",29%,100%,2.27,2.20,57%,1.30,66%,0.0,26,10,0
http://ufcstats.com/fighter-details/a0c139b34f11421a,"Jan 05, 1979",27%,33%,1.04,1.71,58%,1.67,11%,2.0,35,16,2
http://ufcstats.com/fighter-details/679a9054e2815943,"Jan 22, 1982",38%,60%,3.29,2.26,57%,3.55,82%,0.4,21,5,1
http://ufcstats.com/fighter-details/010986ee359fb863,"Mar 21, 1985",32%,46%,1.68,1.68,68%,2.85,66%,0.5,14,3,0
http://ufcstats.com/fighter-details/d10b35152277cf98,"Aug 24, 1968",0%,0%,0.00,2.41,27%,0.00,0%,0.0,0,1,0
http://ufcstats.com/fighter-details/b9415726dc3ec526,"Nov 21, 1981",46%,54%,1.13,3.44,45%,6.00,28%,1.0,26,15,1
http://ufcstats.com/fighter-details/0b5b6876c2a4723f,"May 05, 1981",55%,50%,3.92,1.86,49%,0.44,58%,0.0,9,4,0
http://ufcstats.com/fighter-details/a7f4d0902bb64092,"Sep 12, 1978",48%,0%,2.03,3.86,35%,0.00,36%,0.5,17,10,0
http://ufcstats.com/fighter-details/1f77fce698e80488,"Nov 29, 1983",30%,50%,1.93,4.13,44%,2.00,100%,1.0,6,3,0
http://ufcstats.com/fighter-details/01f022fa494188e2,"Apr 23, 1980",20%,0%,1.10,6.10,43%,0.00,0%,0.0,15,4,0
http://ufcstats.com/fighter-details/b9d0fd83bb8a147a,"Oct 31, 1975",36%,45%,3.25,2.98,59%,1.18,62%,0.7,17,11,2
http://ufcstats.com/fighter-details/85248da6e9e2f7e7,"Nov 29, 1983",39%,0%,3.08,2.55,63%,0.00,66%,0.0,8,4,0
http://ufcstats.com/fighter-details/a390eb8a9b2df298,"Dec 17, 1969",35%,75%,2.97,2.71,56%,0.44,81%,0.0,21,8,0
http://ufcstats.com/fighter-details/3ae10ac4df3df05c,"Mar 10, 1982",32%,66%,2.69,3.20,64%,1.22,63%,0.3,14,4,0
http://ufcstats.com/fighter-details/22e47b53e4ceb27c,"Dec 17, 1979",44%,42%,1.59,3.64,43%,0.43,36%,0.1,23,11,0
http://ufcstats.com/fighter-details/013da757877044a2,"Aug 23, 1983",31%,50%,2.15,2.80,56%,0.81,50%,0.0,7,3,1
http://ufcstats.com/fighter-details/947eccadb72f4f6f,"Oct 24, 1984",24%,75%,2.11,4.06,53%,1.79,66%,1.2,15,5,0
http://ufcstats.com/fighter-details/4c8d6fde2dde07c4,"Mar 30, 1988",25%,33%,1.34,4.09,61%,1.63,80%,2.7,17,6,0
http://ufcstats.com/fighter-details/fb1538b46877a695,"Jul 13, 1979",41%,70%,1.61,2.01,46%,4.17,45%,0.6,23,12,0
http://ufcstats.com/fighter-details/27541033b97c076d,"Feb 08, 1974",50%,72%,2.30,3.41,38%,3.10,36%,1.2,5,2,0
http://ufcstats.com/fighter-details/ab8900ae1f1dfd4c,"May 10, 1974",36%,28%,0.85,3.67,36%,1.41,25%,2.8,18,9,0
http://ufcstats.com/fighter-details/23725c826c481e7f,"Feb 21, 1983",47%,40%,3.14,2.37,60%,0.91,64%,0.0,39,15,2
http://ufcstats.com/fighter-details/1cf1310684a841f5,"Jul 14, 1973",19%,0%,1.36,3.61,53%,0.00,0%,0.0,6,6,0
http://ufcstats.com/fighter-details/aae0897825336b1a,"Mar 11, 1967",41%,20%,1.71,1.67,55%,1.13,40%,0.8,13,7,1
http://ufcstats.com/fighter-details/5731cc327790b731,"May 31, 1981",28%,38%,1.12,4.91,44%,3.64,100%,1.5,17,5,0
http://ufcstats.com/fighter-details/7e69a4b0961aa555,"May 25, 1977",35%,50%,4.55,3.59,65%,0.93,76%,0.7,18,13,1
http://ufcstats.com/fighter-details/cce79e827569f26e,"Aug 13, 1975",26%,47%,0.87,1.93,57%,4.00,16%,0.5,35,5,0
http://ufcstats.com/fighter-details/dc0f07928009a127,"Jul 30, 1981",30%,52%,2.50,2.83,64%,2.02,65%,0.4,18,12,0
http://ufcstats.com/fighter-details/52cae54377b433b7,"Mar 18, 1972",44%,33%,4.96,2.80,66%,0.25,60%,0.0,12,4,0
http://ufcstats.com/fighter-details/eb1723480fa2f96c,"May 08, 1975",49%,31%,1.91,1.90,50%,1.95,37%,0.5,33,19,5
http://ufcstats.com/fighter-details/a780d16cf7eed44d,"Dec 08, 1973",22%,50%,0.99,3.47,34%,1.86,50%,1.9,19,8,0
http://ufcstats.com/fighter-details/23a16ebe733e3041,"Mar 25, 1982",21%,0%,1.98,10.27,45%,0.00,0%,0.0,17,6,0
http://ufcstats.com/fighter-details/052ceb8976695342,"Aug 11, 1983",42%,42%,3.60,6.03,44%,3.12,0%,1.0,14,6,0
http://ufcstats.com/fighter-details/9f1641c08cf8fbe2,"Dec 30, 1981",39%,27%,1.25,1.88,58%,2.13,50%,3.4,15,7,0
http://ufcstats.com/fighter-details/f0abbb6f3444dae7,"Jan 16, 1974",45%,33%,3.29,3.83,52%,0.19,39%,0.4,35,17,0
http://ufcstats.com/fighter-details/e4a9dbade7c7e1a7,"Jul 14, 1978",32%,10%,2.30,3.38,55%,2.30,0%,0.0,8,4,0
http://ufcstats.com/fighter-details/21b8a0f5c231096f,"Dec 20, 1964",52%,40%,1.88,2.62,40%,3.89,50%,0.8,16,10,0
http://ufcstats.com/fighter-details/d2d37e8eeb3abc8d,"May 07, 1972",46%,47%,2.79,1.90,56%,2.35,75%,0.8,21,9,0
http://ufcstats.com/fighter-details/231926533134ec1f,"Aug 22, 1983",26%,0%,2.35,4.14,51%,0.00,33%,0.8,15,10,0
http://ufcstats.com/fighter-details/a6959da32f0e6b5d,"Aug 19, 1982",40%,50%,1.99,3.45,58%,0.65,40%,0.0,19,12,0
http://ufcstats.com/fighter-details/53bb0d40905b87c0,"May 25, 1981",34%,0%,1.13,3.07,40%,0.00,38%,1.0,10,11,1
http://ufcstats.com/fighter-details/af5b208e97f5d382,"Oct 03, 1978",39%,66%,3.02,4.06,56%,0.90,57%,2.2,14,8,0
http://ufcstats.com/fighter-details/a6d8bfe9e0c8153b,"Mar 03, 1980",38%,50%,2.74,4.30,52%,0.28,47%,0.8,12,7,0
http://ufcstats.com/fighter-details/2db7fa8db6bc9632,"Nov 29, 1984",31%,18%,1.38,2.84,61%,1.31,54%,1.6,16,7,0
http://ufcstats.com/fighter-details/0541480fbf719d86,"Mar 22, 1972",54%,57%,3.06,3.20,52%,1.19,33%,0.0,17,15,1
http://ufcstats.com/fighter-details/8fa2b06572365321,"Aug 15, 1973",52%,75%,1.94,2.71,58%,8.71,0%,2.9,4,2,0
http://ufcstats.com/fighter-details/e78f601035d677f2,"Apr 27, 1987",35%,0%,3.43,2.07,64%,0.00,100%,0.0,13,2,0
http://ufcstats.com/fighter-details/5a558ba1ff5e9121,"Jul 18, 1985",33%,0%,1.20,4.35,38%,0.00,50%,1.1,14,8,0
http://ufcstats.com/fighter-details/fa8b9e6b0c2269f8,"Jun 12, 1980",39%,0%,2.01,3.70,62%,0.00,26%,1.4,22,13,0
http://ufcstats.com/fighter-details/5eedbf1e9601be35,"Aug 23, 1977",46%,34%,1.39,1.50,55%,2.67,43%,2.0,42,10,0
http://ufcstats.com/fighter-details/4f2fcbefb668689d,"Feb 09, 1982",53%,68%,2.68,2.33,49%,6.51,0%,1.8,12,5,0
http://ufcstats.com/fighter-details/37b1696e6d115957,"Nov 22, 1981",40%,22%,1.56,1.83,62%,1.17,0%,3.5,11,6,1
http://ufcstats.com/fighter-details/3c241737a6069b9f,"Sep 17, 1977",35%,65%,2.27,1.65,67%,2.51,38%,1.2,35,16,2
http://ufcstats.com/fighter-details/38b50fd1e1b5b656,"May 14, 1982",39%,14%,3.27,3.14,60%,0.65,57%,0.0,13,5,0
http://ufcstats.com/fighter-details/69b69c0178c4004d,"Feb 05, 1976",61%,0%,3.40,3.07,46%,0.00,40%,0.9,8,6,0
http://ufcstats.com/fighter-details/1fd4fbdcc67de844,"Jul 27, 1978",51%,100%,5.13,4.56,52%,1.42,56%,0.7,12,7,0
http://ufcstats.com/fighter-details/e0ec3c3b6b611f7e,"Aug 26, 1974",39%,36%,1.78,2.85,55%,1.53,37%,2.4,24,17,0
http://ufcstats.com/fighter-details/daf1b84aebd6602b,"May 20, 1983",36%,46%,3.64,2.33,56%,2.13,52%,0.5,23,9,1
http://ufcstats.com/fighter-details/a56607a451e4c70d,"Jun 07, 1977",50%,50%,2.32,1.36,55%,1.31,60%,1.6,18,10,0
http://ufcstats.com/fighter-details/75f871836d41f90f,"Feb 18, 1976",37%,44%,1.58,2.02,46%,1.28,43%,0.0,11,5,2
http://ufcstats.com/fighter-details/04643fd03d9159cc,"Aug 18, 1973",33%,27%,1.42,2.27,59%,1.69,27%,1.3,22,10,0
http://ufcstats.com/fighter-details/fd87b1bbfcde9d5e,"May 08, 1983",37%,66%,2.86,2.40,68%,1.71,33%,1.7,15,5,0
http://ufcstats.com/fighter-details/480b702debcb5433,"Oct 31, 1985",30%,0%,0.97,2.10,31%,0.00,66%,0.5,11,4,0
http://ufcstats.com/fighter-details/20bcc9966affb19c,"Sep 25, 1984",31%,54%,1.31,1.92,69%,6.39,25%,0.2,15,4,0
http://ufcstats.com/fighter-details/edd8d5d8089a35f8,"Jun 10, 1984",36%,0%,2.18,3.82,53%,0.00,0%,0.0,11,6,0
http://ufcstats.com/fighter-details/51b0bb73a1da34bc,"Oct 28, 1979",50%,0%,0.51,4.62,57%,0.00,20%,5.1,19,4,0
http://ufcstats.com/fighter-details/3bbcd63a016d9715,"May 12, 1987",38%,0%,5.04,2.94,61%,0.00,0%,0.0,11,5,0
http://ufcstats.com/fighter-details/a421465acbe59c77,"Feb 02, 1980",23%,0%,1.51,6.06,36%,0.00,80%,1.0,13,3,0
http://ufcstats.com/fighter-details/058e4e08a1ad8aba,"Apr 04, 1979",35%,100%,1.14,1.55,66%,1.22,25%,2.5,6,3,0
http://ufcstats.com/fighter-details/5669b828e7e11329,"Nov 16, 1979",46%,43%,2.88,4.32,67%,4.88,0%,0.7,3,4,0
http://ufcstats.com/fighter-details/cc300e9aa3063431,"May 19, 1977",43%,0%,2.79,3.28,60%,0.00,60%,0.0,6,3,0
http://ufcstats.com/fighter-details/ec33146e43e58933,"Jul 03, 1982",43%,0%,1.47,2.50,49%,0.00,16%,0.0,32,22,0
http://ufcstats.com/fighter-details/aa79d5399571068e,"Oct 18, 1975",33%,0%,0.47,10.91,19%,0.00,0%,0.0,7,5,0
http://ufcstats.com/fighter-details/1efa064872f089d0,"Jun 06, 1979",57%,63%,1.11,1.64,54%,2.65,14%,0.0,24,12,0
http://ufcstats.com/fighter-details/55a7b2d4e54ffac9,"Oct 08, 1976",43%,41%,2.57,2.25,60%,0.61,39%,0.3,22,13,0
http://ufcstats.com/fighter-details/9ca265dfe8323db3,"Jul 21, 1982",54%,0%,1.37,2.96,44%,0.00,28%,2.1,14,9,0
http://ufcstats.com/fighter-details/d74cba8566291bfa,"May 12, 1984",48%,66%,3.76,1.76,66%,3.53,0%,3.5,5,6,0
http://ufcstats.com/fighter-details/d35c3ed553b71fa2,"Jan 01, 1983",42%,20%,1.43,5.71,38%,1.07,0%,0.0,18,9,0
http://ufcstats.com/fighter-details/d632d156c0549e07,"May 01, 1981",58%,12%,3.15,2.90,41%,0.63,42%,1.3,12,4,0
http://ufcstats.com/fighter-details/049d698d773eb3e1,"Oct 02, 1978",62%,9%,1.11,2.16,38%,0.33,28%,2.7,30,25,1
http://ufcstats.com/fighter-details/aa03a3ca00ac6827,"Jan 26, 1981",34%,36%,0.84,2.04,54%,3.21,36%,0.9,16,6,0
http://ufcstats.com/fighter-details/59aaf2730b84698a,--,0%,0%,0.00,6.45,35%,0.00,50%,0.0,23,7,0
http://ufcstats.com/fighter-details/a8d521d913df4e31,--,0%,0%,0.00,3.35,47%,0.00,0%,0.0,5,3,0
http://ufcstats.com/fighter-details/0359313549d230a1,"Aug 05, 1982",42%,21%,2.60,3.65,51%,0.91,47%,0.9,10,7,0
http://ufcstats.com/fighter-details/83d0de122f2f9664,--,28%,0%,1.65,5.53,55%,0.00,0%,0.0,12,4,0
http://ufcstats.com/fighter-details/a6fd2173d5e2d7f0,"May 19, 1981",54%,100%,3.61,3.46,47%,1.13,0%,0.0,19,12,0
http://ufcstats.com/fighter-details/725a834930c2b5bf,"Feb 01, 1980",56%,66%,3.52,4.71,63%,3.10,57%,0.0,3,2,0
http://ufcstats.com/fighter-details/58bc81376286b3d3,"Nov 12, 1980",61%,11%,2.07,2.38,67%,2.07,50%,3.6,14,5,1
http://ufcstats.com/fighter-details/36a432f22144843e,"Jan 18, 1971",0%,0%,0.00,0.00,0%,0.00,100%,14.3,12,8,1
http://ufcstats.com/fighter-details/3138fab619faf4d1,"Sep 03, 1980",0%,50%,0.00,3.68,55%,5.81,0%,0.0,20,9,0
http://ufcstats.com/fighter-details/7d21de9c6d7c98b2,"Mar 31, 1976",37%,42%,1.43,2.29,60%,1.72,25%,1.1,45,23,1
http://ufcstats.com/fighter-details/2f3f12002564bb55,"Nov 03, 1981",52%,25%,0.96,3.38,36%,1.94,46%,0.4,15,6,0
http://ufcstats.com/fighter-details/9583662df31d943f,"Jan 22, 1981",42%,63%,2.23,2.21,69%,3.76,67%,0.9,26,15,0
http://ufcstats.com/fighter-details/b05086131c6f5dc5,"Apr 27, 1980",100%,16%,0.32,3.36,12%,2.40,0%,0.0,11,4,0
http://ufcstats.com/fighter-details/de62052b2ede65ba,"Sep 01, 1982",47%,36%,1.62,2.01,58%,2.12,100%,5.3,3,3,0
http://ufcstats.com/fighter-details/f1b2a4365799c48b,"Sep 13, 1975",27%,42%,3.12,3.04,56%,1.22,45%,1.2,8,5,0
http://ufcstats.com/fighter-details/b2acebbef8da14ea,"Oct 07, 1974",48%,84%,2.18,2.67,63%,1.01,46%,0.5,35,21,8
http://ufcstats.com/fighter-details/04c15b52c3cc1cab,"Mar 03, 1983",41%,50%,3.79,2.50,74%,0.45,71%,0.0,9,7,0
http://ufcstats.com/fighter-details/8d26912cd2aeb366,"Aug 25, 1975",39%,38%,1.19,1.99,55%,1.83,29%,1.1,91,22,5
http://ufcstats.com/fighter-details/3795fca327cbcf23,"Apr 19, 1981",47%,50%,1.34,6.85,22%,2.51,100%,0.0,18,13,0
http://ufcstats.com/fighter-details/8fd1f27e86661ede,"Nov 19, 1976",40%,50%,0.98,4.05,36%,1.84,100%,0.0,22,11,0
http://ufcstats.com/fighter-details/b23fca14c7b79935,--,26%,0%,0.86,5.33,29%,0.00,0%,0.0,12,4,0
http://ufcstats.com/fighter-details/eae4aec1a5a8ff01,--,0%,0%,0.00,3.91,50%,0.00,28%,0.0,7,5,0
http://ufcstats.com/fighter-details/46e2ca71fd5089cb,"Mar 31, 1973",50%,20%,2.87,3.50,58%,0.67,40%,0.0,7,3,0
http://ufcstats.com/fighter-details/dd8aec6de7035943,"Jun 01, 1974",10%,0%,0.27,3.86,38%,0.00,0%,4.0,11,4,0
http://ufcstats.com/fighter-details/b51841e7c594090d,"Dec 02, 1977",56%,50%,1.82,6.43,22%,6.29,0%,0.0,15,8,0
http://ufcstats.com/fighter-details/68c6cd5287b473a7,"Feb 13, 1976",35%,15%,1.26,1.89,61%,1.58,50%,1.1,13,7,0
http://ufcstats.com/fighter-details/b18fb36a4aa00093,"Jun 21, 1981",26%,0%,2.60,2.83,50%,0.00,87%,0.7,2,2,0
http://ufcstats.com/fighter-details/d1dcd4e96464a53d,"Aug 16, 1977",50%,0%,0.69,5.52,46%,0.00,0%,0.0,1,2,0
http://ufcstats.com/fighter-details/5114f1b5ad4cdf72,"Jul 30, 1984",26%,20%,0.83,2.25,62%,1.78,0%,0.0,5,5,0
http://ufcstats.com/fighter-details/abbc737317f66b81,"Oct 03, 1978",46%,80%,3.57,1.61,70%,3.02,100%,0.0,6,9,0
http://ufcstats.com/fighter-details/91d73ee59347ac16,"Jul 05, 1980",45%,50%,1.69,2.17,53%,0.90,20%,0.9,16,7,0
http://ufcstats.com/fighter-details/3ba3b5cc94498437,"Oct 21, 1982",64%,25%,3.29,0.84,47%,1.15,50%,0.0,13,5,0
http://ufcstats.com/fighter-details/cbf94e4c4af4ff6d,"Jul 28, 1980",40%,0%,1.81,4.11,59%,0.00,0%,2.1,11,2,0
http://ufcstats.com/fighter-details/7f0b4a75ef3039a3,"Nov 04, 1982",43%,26%,3.45,3.30,43%,1.13,42%,0.0,15,8,0
http://ufcstats.com/fighter-details/04d5718ed2661e8c,"Jan 25, 1977",32%,23%,3.37,3.62,62%,0.81,60%,0.5,14,10,0
http://ufcstats.com/fighter-details/cbe79765d44bd172,"Jul 16, 1982",50%,50%,1.57,1.29,51%,1.24,25%,1.2,15,9,0
http://ufcstats.com/fighter-details/b732b326c362fb62,"Nov 05, 1984",36%,33%,2.01,4.17,30%,5.59,0%,2.2,20,8,0
http://ufcstats.com/fighter-details/7649c4c95b824488,"Aug 28, 1976",20%,0%,0.98,11.80,29%,0.00,0%,0.0,19,11,0
http://ufcstats.com/fighter-details/6b7bc7eaf2465387,--,50%,0%,2.64,8.57,43%,0.00,50%,0.0,13,4,0
http://ufcstats.com/fighter-details/a8aba6fd8a463043,--,51%,53%,2.46,2.76,41%,3.28,30%,1.6,20,11,0
http://ufcstats.com/fighter-details/d1152823307d7e7c,"Apr 18, 1984",45%,47%,2.26,2.61,56%,1.93,78%,0.9,18,18,0
http://ufcstats.com/fighter-details/80c0bed43da0e27b,"Feb 15, 1973",30%,0%,1.17,2.10,56%,0.00,14%,0.7,17,4,1
http://ufcstats.com/fighter-details/1208ffc5be6e31ad,"Dec 24, 1975",34%,50%,1.68,2.62,38%,0.94,66%,0.9,10,6,0
http://ufcstats.com/fighter-details/6803d4d6908354ac,"Nov 01, 1979",62%,0%,0.50,6.95,27%,0.00,0%,0.0,10,6,0
http://ufcstats.com/fighter-details/5be86bb2f78fef2f,"Jun 03, 1975",58%,36%,3.21,1.84,50%,1.35,28%,2.4,26,13,0
http://ufcstats.com/fighter-details/7450525c7ba032a0,"Mar 02, 1978",50%,50%,2.37,1.77,54%,1.22,32%,0.7,28,16,0
http://ufcstats.com/fighter-details/93ce4ac89e3d7652,"Apr 27, 1980",43%,55%,1.74,1.50,59%,0.89,42%,1.4,6,6,0
http://ufcstats.com/fighter-details/f74e037b97917027,"Jan 06, 1978",27%,0%,1.20,7.08,39%,0.00,0%,0.0,13,5,0
http://ufcstats.com/fighter-details/a0b91014e9d16a76,"Dec 27, 1986",27%,0%,3.16,10.00,72%,0.00,0%,0.0,8,3,0
http://ufcstats.com/fighter-details/05866d8c3a321856,"Jun 08, 1971",35%,33%,2.21,3.92,42%,1.38,81%,0.0,18,15,1
http://ufcstats.com/fighter-details/8f2d9ee27f206f1f,"Feb 11, 1971",59%,43%,3.05,2.64,56%,2.55,25%,1.3,32,8,0
http://ufcstats.com/fighter-details/288aaa8f82040e02,"Dec 08, 1974",53%,0%,2.27,4.00,25%,0.00,16%,0.0,16,7,0
http://ufcstats.com/fighter-details/42078a86d3dd037b,"May 05, 1980",41%,100%,1.37,2.55,31%,2.94,0%,0.0,9,5,0
http://ufcstats.com/fighter-details/cd7bafbeee1f29a0,"Nov 30, 1981",60%,50%,2.32,3.17,43%,1.16,40%,0.0,14,5,0
http://ufcstats.com/fighter-details/b034747dc1d15491,"Jul 16, 1979",37%,36%,1.56,1.83,59%,1.73,42%,0.6,21,13,0
http://ufcstats.com/fighter-details/ad3041e61896b975,"Dec 17, 1981",29%,0%,0.69,7.37,18%,0.00,0%,0.0,5,3,0
http://ufcstats.com/fighter-details/394f55ebca199124,"Jan 11, 1971",47%,18%,3.01,1.19,76%,0.49,36%,2.5,14,9,0
http://ufcstats.com/fighter-details/9d4522df6fc49a47,"Jun 17, 1976",40%,30%,1.98,3.01,54%,1.91,25%,0.6,23,9,0
http://ufcstats.com/fighter-details/da97d6c97d09c030,"Aug 06, 1980",12%,60%,0.18,4.03,56%,2.67,0%,2.7,10,5,0
http://ufcstats.com/fighter-details/622f015c81a9b13a,"May 12, 1973",32%,24%,0.41,2.42,42%,1.95,30%,0.7,10,6,0
http://ufcstats.com/fighter-details/c8136ab8aa32c974,"Jan 06, 1975",48%,33%,2.71,4.43,53%,1.46,25%,0.6,17,11,1
http://ufcstats.com/fighter-details/c9bbf1a0285a8076,"Aug 02, 1968",25%,50%,0.56,1.69,33%,4.23,80%,0.0,10,7,0
http://ufcstats.com/fighter-details/35dc6220b113b7ec,"Jul 16, 1978",0%,0%,0.00,22.50,45%,0.00,0%,0.0,21,12,1
http://ufcstats.com/fighter-details/1411c630ba711b64,"Aug 20, 1984",51%,33%,2.56,5.12,35%,2.02,33%,0.0,21,7,0
http://ufcstats.com/fighter-details/40a604761ca7d64d,"Sep 28, 1976",37%,52%,1.85,2.60,59%,1.38,76%,1.2,26,9,0
http://ufcstats.com/fighter-details/2961be02cfb0d2c1,"Sep 04, 1978",16%,100%,0.26,2.70,43%,1.93,25%,1.9,8,3,0
http://ufcstats.com/fighter-details/88c8f47241d90040,"Sep 08, 1972",43%,0%,2.94,5.29,47%,0.00,66%,2.0,16,8,0
http://ufcstats.com/fighter-details/4f95f74620a6b7a4,"Feb 10, 1976",30%,50%,1.48,5.16,49%,0.33,57%,1.0,18,7,0
http://ufcstats.com/fighter-details/2a542ee8a8b83559,"Mar 05, 1976",41%,100%,4.23,2.61,61%,0.11,75%,0.1,31,10,0
http://ufcstats.com/fighter-details/6a92caba39b64752,"Oct 10, 1980",43%,42%,2.82,3.13,54%,3.10,92%,0.0,23,11,0
http://ufcstats.com/fighter-details/25433871e4eee0f4,"Jul 14, 1976",25%,0%,0.43,2.61,57%,0.00,50%,4.0,15,5,0
http://ufcstats.com/fighter-details/c6d8ae3b016d5ad5,"Nov 09, 1977",0%,0%,0.00,5.55,27%,0.00,0%,0.0,4,3,0
http://ufcstats.com/fighter-details/863d06a7ef8bc98c,"Sep 22, 1973",42%,50%,1.40,3.72,27%,13.95,0%,7.0,15,3,0
http://ufcstats.com/fighter-details/1a1a4d7a29041d77,"Nov 27, 1968",69%,100%,6.19,7.91,37%,2.58,50%,5.2,10,12,0
http://ufcstats.com/fighter-details/d3de4a24f7eefac8,"Oct 10, 1980",35%,83%,1.79,2.55,55%,3.19,69%,0.6,13,10,0
http://ufcstats.com/fighter-details/45bc8f98d62bd096,"Sep 28, 1976",23%,0%,1.35,2.38,66%,0.00,80%,0.0,23,5,0
http://ufcstats.com/fighter-details/6ad9058b7c7898b0,"Jul 26, 1974",52%,42%,1.12,1.57,41%,2.25,40%,1.5,11,4,0
http://ufcstats.com/fighter-details/c4b6099f0d25f75e,"Jan 26, 1977",57%,50%,3.33,2.41,39%,2.50,50%,1.2,8,4,0
http://ufcstats.com/fighter-details/2f1700b3a4a09bc7,"Sep 22, 1982",40%,0%,2.55,2.34,35%,0.00,0%,0.0,6,2,0
http://ufcstats.com/fighter-details/3c48019bc387b80c,"Apr 28, 1978",0%,0%,0.00,1.25,33%,0.00,0%,0.0,2,2,0
http://ufcstats.com/fighter-details/5f6038bcdb95e3e4,"Nov 26, 1974",20%,0%,0.21,0.85,50%,0.00,0%,0.0,15,9,0
http://ufcstats.com/fighter-details/f12f979b657ab876,"Dec 23, 1980",70%,8%,0.80,1.20,28%,1.00,0%,0.0,3,1,0
http://ufcstats.com/fighter-details/318e629d1eb7aa49,"Nov 26, 1974",35%,100%,4.62,6.92,21%,3.46,100%,0.0,8,4,0
http://ufcstats.com/fighter-details/ee4b670e159f4a33,"Aug 20, 1977",0%,0%,0.00,0.00,0%,0.00,0%,0.0,8,5,0
http://ufcstats.com/fighter-details/68d76fd9ecf7431d,"Nov 30, 1980",28%,20%,1.97,5.07,55%,0.44,85%,0.0,17,17,0
http://ufcstats.com/fighter-details/b2f743746e8dcfa2,"Jul 15, 1972",47%,33%,1.06,2.60,45%,0.48,28%,6.2,23,4,1
http://ufcstats.com/fighter-details/4f4dac51adc1af4f,"Apr 23, 1982",32%,40%,1.64,3.58,62%,1.33,0%,0.7,22,20,1
http://ufcstats.com/fighter-details/ac70a4f1db1b8c40,"Dec 17, 1978",60%,0%,5.13,1.81,45%,0.00,0%,0.0,8,3,1
http://ufcstats.com/fighter-details/afdb76fbd86f6d11,"Nov 22, 1982",32%,0%,4.12,6.79,61%,0.00,0%,0.0,29,15,2
http://ufcstats.com/fighter-details/918d9d89d4d52acc,"Jul 31, 1978",48%,0%,3.54,7.52,45%,0.00,100%,2.2,5,3,0
http://ufcstats.com/fighter-details/d468288756ae3982,"Sep 07, 1975",45%,42%,2.23,1.53,57%,2.48,65%,2.6,37,11,0
http://ufcstats.com/fighter-details/91720876db0ee468,"Oct 31, 1972",33%,0%,0.79,3.14,42%,0.00,0%,0.0,14,9,0
http://ufcstats.com/fighter-details/330ec26453c44a59,"Dec 13, 1971",52%,80%,4.44,1.11,64%,11.11,0%,2.8,9,5,0
http://ufcstats.com/fighter-details/2b06b6ad5db63348,"Mar 24, 1983",26%,0%,0.84,0.56,63%,0.00,25%,0.0,25,25,0
http://ufcstats.com/fighter-details/476414d2f18cd059,"May 28, 1977",36%,0%,3.43,10.29,62%,0.00,0%,0.0,7,8,1
http://ufcstats.com/fighter-details/44260175069b6276,"Dec 06, 1974",37%,33%,2.12,3.13,56%,0.22,63%,0.3,27,19,1
http://ufcstats.com/fighter-details/5330fe7e4c3af81c,"Aug 24, 1976",42%,0%,0.78,1.57,40%,0.00,33%,0.0,12,3,0
http://ufcstats.com/fighter-details/15edcf67ccf5be84,"Nov 04, 1980",25%,0%,0.47,9.77,36%,0.00,50%,0.0,26,18,1
http://ufcstats.com/fighter-details/aebfb84d1f6d2d8c,"Aug 25, 1974",80%,100%,0.92,0.92,33%,6.87,0%,3.4,4,3,0
http://ufcstats.com/fighter-details/3410cf010558dc8b,"May 21, 1979",27%,6%,1.90,5.87,50%,0.12,58%,0.5,18,11,0
http://ufcstats.com/fighter-details/546015aa2ad945fd,"May 28, 1976",39%,25%,2.55,2.42,63%,0.39,64%,0.8,11,9,0
http://ufcstats.com/fighter-details/d1759b2b7be9be56,"Mar 28, 1976",41%,55%,2.27,4.60,56%,2.30,66%,0.5,10,6,1
http://ufcstats.com/fighter-details/710d93f1508f7104,--,25%,0%,2.47,7.06,41%,0.00,0%,0.0,5,2,0
http://ufcstats.com/fighter-details/d8022d5526b1d937,"Jun 29, 1981",20%,33%,0.53,1.97,46%,0.99,25%,2.0,33,18,0
http://ufcstats.com/fighter-details/c3ea8deeba00462b,"Jan 09, 1971",48%,100%,1.63,1.33,55%,0.30,46%,0.3,25,23,0
http://ufcstats.com/fighter-details/7c0847d3854a95f2,"Sep 11, 1977",33%,50%,1.49,2.03,65%,4.06,0%,0.0,18,21,0
http://ufcstats.com/fighter-details/663b76da637402c3,"Dec 17, 1981",30%,14%,3.94,2.99,67%,0.90,0%,0.0,18,10,0
http://ufcstats.com/fighter-details/817e0bdf08efce2e,"Feb 13, 1971",37%,0%,1.13,4.60,53%,0.00,0%,1.2,7,11,2
http://ufcstats.com/fighter-details/e091482fa6648261,"Jun 18, 1974",46%,34%,1.42,4.20,54%,2.66,25%,1.8,16,8,0
http://ufcstats.com/fighter-details/8caca5857ce0e30b,"Apr 12, 1978",50%,0%,1.49,3.31,42%,0.00,50%,0.0,12,10,0
http://ufcstats.com/fighter-details/6ef58dabef8beb15,"Jul 30, 1977",22%,18%,1.25,4.03,52%,0.94,42%,0.0,14,11,0
http://ufcstats.com/fighter-details/4908c5ee68a50ee5,"Mar 13, 1977",31%,71%,2.73,4.24,49%,1.72,0%,1.0,13,7,0
http://ufcstats.com/fighter-details/b14a68c533f4a4aa,"Apr 19, 1972",41%,40%,1.06,1.22,52%,2.47,25%,1.4,21,7,2
http://ufcstats.com/fighter-details/d814f5192e58fb2f,"Dec 14, 1979",41%,35%,2.33,2.29,57%,1.30,30%,2.2,42,21,0
http://ufcstats.com/fighter-details/b5ea750025697880,--,34%,0%,2.75,7.25,40%,0.00,100%,0.0,4,2,0
http://ufcstats.com/fighter-details/84a067c46306a737,"Jun 28, 1980",25%,38%,1.07,2.25,57%,1.12,29%,1.3,10,4,0
http://ufcstats.com/fighter-details/0597a4528ebd1307,"Nov 09, 1982",66%,0%,1.44,2.59,48%,0.00,33%,2.2,19,4,0
http://ufcstats.com/fighter-details/7215953cd5c6254d,"Feb 18, 1980",23%,100%,2.62,2.77,58%,1.19,0%,0.0,6,17,0
http://ufcstats.com/fighter-details/6aa1cbc1466e9a0b,"Apr 24, 1978",46%,7%,2.92,1.51,68%,0.53,37%,1.6,8,3,0
http://ufcstats.com/fighter-details/6776260cb0aef647,"Feb 16, 1985",54%,100%,2.20,1.49,53%,0.31,30%,2.1,18,6,0
http://ufcstats.com/fighter-details/43612456979e5d5e,"Aug 26, 1979",51%,60%,1.20,2.67,27%,3.00,0%,4.0,6,1,0
http://ufcstats.com/fighter-details/388abbf8832b5adf,"Apr 30, 1975",39%,33%,2.17,1.57,65%,0.50,64%,0.5,5,3,0
http://ufcstats.com/fighter-details/275cafc9de131c83,"Jul 29, 1974",44%,50%,1.84,1.99,42%,0.46,57%,2.5,45,17,2
http://ufcstats.com/fighter-details/7b6e40a73b567072,"May 03, 1972",36%,66%,1.62,2.32,47%,0.75,75%,0.0,51,31,7
http://ufcstats.com/fighter-details/821cd80aab70d5f9,"Dec 29, 1980",32%,0%,0.87,0.87,58%,0.00,23%,0.0,6,3,0
http://ufcstats.com/fighter-details/e670f8cc2969a789,"Aug 01, 1967",36%,100%,1.23,3.08,16%,4.62,0%,0.0,11,18,0
http://ufcstats.com/fighter-details/cbfd1d34356a004c,"Jan 18, 1971",30%,12%,0.97,2.87,59%,1.06,66%,0.7,60,26,1
http://ufcstats.com/fighter-details/ea3ef6206c7907d5,"May 27, 1973",40%,100%,2.08,2.58,53%,1.49,0%,0.0,17,15,1
http://ufcstats.com/fighter-details/75bbd2206a15319f,"Aug 07, 1982",33%,66%,1.53,6.19,39%,2.18,0%,3.3,38,17,0
http://ufcstats.com/fighter-details/ad32471f01e7b1a5,"Sep 19, 1982",27%,40%,0.71,2.03,25%,1.52,58%,0.0,9,5,0
http://ufcstats.com/fighter-details/1ea8df62b3f8fea6,"Nov 08, 1976",36%,0%,1.34,2.68,50%,0.00,50%,1.6,13,7,0
http://ufcstats.com/fighter-details/bf41b5131545da12,"Nov 10, 1975",44%,0%,1.55,2.36,47%,0.00,42%,0.0,18,6,1
http://ufcstats.com/fighter-details/63b65af1c5cb02cb,"Feb 11, 1964",46%,60%,1.47,4.30,39%,0.94,44%,2.5,28,17,2
http://ufcstats.com/fighter-details/15df64c02b6b0fde,"Jul 03, 1983",38%,0%,3.29,4.41,57%,0.00,77%,0.0,4,6,0
http://ufcstats.com/fighter-details/1209b5134401ca53,--,50%,100%,1.89,1.89,70%,2.84,0%,0.0,13,5,0
http://ufcstats.com/fighter-details/a85998eb79650b2c,"Jun 18, 1973",48%,0%,2.14,4.73,45%,0.00,0%,0.0,20,6,0
http://ufcstats.com/fighter-details/83c6c3e0f8bde8ee,--,100%,0%,0.79,1.18,50%,0.00,0%,0.0,8,2,0
http://ufcstats.com/fighter-details/f3388d2cf7ab3f64,"Sep 05, 1978",50%,80%,1.80,2.04,46%,7.19,80%,5.4,5,4,0
http://ufcstats.com/fighter-details/c4b9296214f4c09c,"Aug 01, 1975",36%,16%,1.89,3.23,52%,0.62,58%,1.5,14,12,1
http://ufcstats.com/fighter-details/e5c38954c006f15c,"Sep 12, 1976",43%,100%,1.09,1.20,57%,0.43,66%,0.0,25,22,2
http://ufcstats.com/fighter-details/5b5b9c6f6f270369,"Jul 30, 1974",43%,0%,0.70,2.89,49%,0.00,0%,0.0,6,10,0
http://ufcstats.com/fighter-details/2067a177a2842fbf,"Sep 28, 1981",22%,20%,1.05,3.74,40%,1.43,0%,0.5,18,12,0
http://ufcstats.com/fighter-details/712c4db78b9373d1,"Jul 27, 1978",25%,0%,1.85,4.27,59%,0.00,66%,0.0,49,14,2
http://ufcstats.com/fighter-details/d26934530dc5b248,"Aug 25, 1977",54%,40%,2.91,6.26,26%,2.57,33%,0.0,6,2,0
http://ufcstats.com/fighter-details/b369533a577fa97c,"Apr 26, 1972",51%,0%,4.23,3.88,54%,0.00,37%,1.1,20,7,0
http://ufcstats.com/fighter-details/af49a6c491ca22a3,"Jan 31, 1972",50%,0%,0.75,2.49,41%,0.00,0%,0.0,4,3,0
http://ufcstats.com/fighter-details/8c3f3c43c8ceb778,"Apr 18, 1980",47%,50%,1.24,3.15,37%,1.69,33%,5.1,10,7,0
http://ufcstats.com/fighter-details/06f0ffa6446c5b6d,"Jul 29, 1973",69%,57%,2.61,3.91,26%,4.34,66%,4.3,17,11,0
http://ufcstats.com/fighter-details/155bfc7ed36622df,"Aug 31, 1972",39%,100%,2.59,2.59,64%,3.53,0%,0.0,11,7,0
http://ufcstats.com/fighter-details/2549d63da9c456cb,--,50%,0%,3.09,6.19,64%,0.00,0%,0.0,3,1,1
http://ufcstats.com/fighter-details/429e7d3725852ce9,"Dec 12, 1966",41%,0%,0.88,1.13,37%,0.00,66%,0.8,15,2,3
http://ufcstats.com/fighter-details/0bc7e61d204f2137,"Jun 30, 1972",31%,33%,1.31,3.20,38%,1.09,40%,0.0,11,10,0
http://ufcstats.com/fighter-details/7d3caf0f96f1b33d,"Jun 23, 1981",42%,100%,1.87,1.80,49%,1.06,35%,2.6,38,14,1
http://ufcstats.com/fighter-details/21321cdfba797c52,"Aug 14, 1978",40%,0%,6.21,3.79,59%,0.00,0%,0.0,27,15,1
http://ufcstats.com/fighter-details/4123fd4dcc1fe937,"Jan 09, 1978",63%,50%,2.34,2.71,37%,5.54,0%,5.5,6,2,0
http://ufcstats.com/fighter-details/f5ff7bcdcfeba3ad,"Aug 24, 1972",60%,55%,2.59,2.02,48%,3.38,74%,1.0,34,11,2
http://ufcstats.com/fighter-details/7342fcc41a4817fa,"Oct 30, 1979",66%,0%,0.68,1.69,54%,0.00,0%,7.6,14,5,0
http://ufcstats.com/fighter-details/49efbdc6c9f650c4,"Mar 12, 1980",15%,0%,0.17,2.50,28%,0.00,14%,0.0,6,5,0
http://ufcstats.com/fighter-details/6888e31ce88f5b17,"Feb 14, 1978",28%,0%,2.19,5.75,44%,0.00,100%,0.0,12,6,0
http://ufcstats.com/fighter-details/62918a2118de08b2,"Nov 19, 1974",71%,85%,2.50,0.17,84%,7.51,0%,2.5,8,0,0
http://ufcstats.com/fighter-details/27fc9218a3653e3c,"Jun 28, 1978",43%,25%,2.86,5.66,49%,0.82,50%,0.0,19,7,1
http://ufcstats.com/fighter-details/22d1e00e1aabb7c9,"Jun 29, 1981",33%,43%,1.62,2.36,59%,3.59,77%,0.3,27,8,0
http://ufcstats.com/fighter-details/2ee09ec2a0695eb9,"Jun 20, 1965",41%,14%,1.52,1.91,41%,1.06,37%,0.0,8,5,0
http://ufcstats.com/fighter-details/e361e5c858af6ff1,"Sep 20, 1977",42%,45%,2.57,2.39,54%,2.70,86%,0.9,10,6,0
http://ufcstats.com/fighter-details/94609dd91731d428,"Dec 11, 1966",20%,0%,0.28,1.41,52%,0.00,0%,8.5,4,2,0
http://ufcstats.com/fighter-details/02e52b3a595f0786,"Dec 31, 1970",40%,0%,2.00,1.91,55%,0.00,77%,0.6,11,9,0
http://ufcstats.com/fighter-details/030f08370fd1c2bb,"Aug 09, 1971",11%,0%,0.94,4.84,63%,0.00,0%,0.0,24,13,0
http://ufcstats.com/fighter-details/ce47f49e5c386a9c,"Mar 17, 1977",52%,0%,1.18,2.12,35%,0.00,50%,3.5,6,7,0
http://ufcstats.com/fighter-details/453ee00c3e1ae9dd,"Aug 16, 1979",40%,0%,0.39,8.90,42%,0.00,0%,0.0,33,20,0
http://ufcstats.com/fighter-details/782a2a17d3e38fdf,--,10%,40%,0.17,1.99,57%,4.97,100%,2.5,3,2,0
http://ufcstats.com/fighter-details/6d7886b094b471ac,--,0%,0%,0.00,6.38,28%,0.00,50%,0.0,2,1,0
http://ufcstats.com/fighter-details/0e041d43a47d2e4b,"May 17, 1970",50%,48%,2.62,1.56,52%,3.01,60%,1.3,22,9,0
http://ufcstats.com/fighter-details/e4770d5ed44a3970,"Aug 07, 1972",26%,0%,0.34,3.65,44%,0.00,42%,0.0,29,20,2
http://ufcstats.com/fighter-details/1dab0d1d81dd06db,"Feb 07, 1965",35%,100%,1.83,3.02,56%,0.87,80%,0.0,7,5,1
http://ufcstats.com/fighter-details/01daf32100ed7517,"May 31, 1977",9%,0%,1.43,17.86,43%,0.00,0%,0.0,25,10,10
http://ufcstats.com/fighter-details/ae58685caf8e4a0d,"Feb 01, 1967",85%,0%,1.54,3.59,17%,0.00,0%,3.9,20,7,1
http://ufcstats.com/fighter-details/7f9f528cb72a6ed1,"Mar 15, 1978",30%,57%,0.48,4.03,41%,4.84,44%,1.2,75,21,0
http://ufcstats.com/fighter-details/b6b12014698cc345,"Sep 15, 1970",42%,100%,0.83,2.23,40%,0.43,54%,0.4,8,7,0
http://ufcstats.com/fighter-details/ff2c606c8bc365e3,"Jan 06, 1981",33%,0%,0.60,3.60,50%,0.00,0%,9.0,9,8,0
http://ufcstats.com/fighter-details/29f935654825331b,"Mar 12, 1968",50%,0%,0.23,3.22,17%,0.00,0%,3.5,5,1,0
http://ufcstats.com/fighter-details/f0264252e191da22,"Aug 18, 1975",33%,0%,0.63,17.05,32%,0.00,0%,0.0,0,1,0
http://ufcstats.com/fighter-details/fdfef29ba17ee525,"May 05, 1976",40%,0%,1.22,2.27,42%,0.00,22%,4.9,15,10,0
http://ufcstats.com/fighter-details/265589bdd93e7ce5,"May 07, 1973",42%,0%,2.72,6.17,57%,0.00,75%,0.0,15,9,0
http://ufcstats.com/fighter-details/aee8eecfc4bfb1e7,"Dec 16, 1969",39%,78%,0.99,1.38,65%,3.98,64%,1.3,10,6,0
http://ufcstats.com/fighter-details/56b8b24f65f9f057,"Mar 31, 1980",51%,62%,3.93,3.35,49%,1.33,50%,0.8,22,14,1
http://ufcstats.com/fighter-details/253de74457bd6374,"Mar 26, 1971",39%,0%,3.49,6.50,43%,0.00,66%,0.5,14,9,1
http://ufcstats.com/fighter-details/c24b1db4b809d41b,"Aug 03, 1973",48%,30%,0.92,1.87,47%,1.46,50%,2.5,7,5,0
http://ufcstats.com/fighter-details/12458872d6afae1b,"Dec 03, 1971",38%,28%,2.11,2.20,54%,0.88,44%,0.0,26,33,2
http://ufcstats.com/fighter-details/b9e871af730f826c,"Sep 21, 1970",57%,100%,1.45,3.01,50%,1.81,100%,0.0,24,26,2
http://ufcstats.com/fighter-details/08ae5cd9aef7ddd3,"Jan 05, 1968",83%,100%,0.76,2.12,30%,4.55,0%,2.3,10,7,1
http://ufcstats.com/fighter-details/e09dbbd5fe3f0fe2,"Nov 07, 1973",67%,0%,0.69,3.20,29%,0.00,20%,0.0,11,12,1
http://ufcstats.com/fighter-details/4e9fb05d7e5e61b8,"Nov 11, 1978",36%,0%,2.60,8.80,40%,0.00,90%,0.0,20,16,0
http://ufcstats.com/fighter-details/a9a314cc77d90b6e,"Feb 09, 1975",86%,0%,4.29,2.14,0%,0.00,75%,0.0,11,5,0
http://ufcstats.com/fighter-details/99dd0147dc4ef80c,"Mar 08, 1978",39%,60%,1.55,2.23,33%,3.58,50%,4.2,15,4,2
http://ufcstats.com/fighter-details/cb6783c39c01d896,"Feb 09, 1977",46%,50%,2.78,2.94,58%,0.41,61%,0.0,10,7,1
http://ufcstats.com/fighter-details/60884f31ead1609c,"Feb 10, 1978",58%,20%,1.27,5.47,31%,1.91,0%,0.0,11,2,0
http://ufcstats.com/fighter-details/e0f7c4f3f67bc808,"Aug 04, 1979",51%,0%,0.98,2.95,37%,0.00,40%,2.3,24,14,1
http://ufcstats.com/fighter-details/952f6fa06f25a0ec,"Aug 17, 1976",41%,70%,0.65,1.55,44%,2.47,43%,0.9,16,14,0
http://ufcstats.com/fighter-details/32016899d0a222a3,"Sep 12, 1977",15%,100%,0.36,3.28,32%,0.90,42%,1.8,8,2,1
http://ufcstats.com/fighter-details/50cc91ce2982785d,"Aug 19, 1977",51%,39%,1.85,1.15,61%,2.30,40%,1.0,53,25,0
http://ufcstats.com/fighter-details/b44f39a5c6596953,"May 03, 1974",34%,28%,1.93,3.02,50%,0.26,78%,0.0,20,11,0
http://ufcstats.com/fighter-details/0e31bfd26cc8c503,--,33%,0%,0.29,1.44,0%,0.00,50%,0.0,15,10,0
http://ufcstats.com/fighter-details/b361180739bed4b0,"Apr 26, 1965",30%,33%,1.35,3.55,38%,1.07,66%,0.0,10,15,0
http://ufcstats.com/fighter-details/ebc5af72ad5a28cb,"Jan 13, 1979",11%,0%,0.69,4.56,42%,0.00,0%,0.0,24,6,0
http://ufcstats.com/fighter-details/c75b99887c8c3f5a,"Aug 28, 1965",73%,75%,1.13,0.21,66%,4.63,100%,4.6,12,4,1
http://ufcstats.com/fighter-details/445a98acb8985970,"Jul 14, 1974",49%,33%,1.88,3.68,47%,0.72,86%,0.0,30,11,0
http://ufcstats.com/fighter-details/04f9fe830cf13482,"Mar 01, 1979",0%,0%,0.00,4.00,38%,0.00,0%,16.4,9,7,0
http://ufcstats.com/fighter-details/d90b630e0561818b,"Nov 20, 1976",29%,25%,2.20,2.31,59%,0.65,83%,0.0,13,5,0
http://ufcstats.com/fighter-details/980b4e712489098e,"Jul 13, 1969",45%,33%,3.04,1.88,59%,0.72,33%,0.0,25,8,0
http://ufcstats.com/fighter-details/b4bc2e3353a770b5,"Nov 10, 1966",48%,40%,2.54,3.11,44%,1.44,80%,0.7,20,7,1
http://ufcstats.com/fighter-details/7b9aa973e5c04624,"Jun 10, 1967",25%,12%,0.20,1.40,47%,2.00,0%,0.0,1,1,0
http://ufcstats.com/fighter-details/73ef22f25d0f70e2,"Dec 02, 1977",35%,62%,1.80,2.83,50%,2.50,83%,0.0,7,1,0
http://ufcstats.com/fighter-details/9ccdd2ce45903f34,"Sep 19, 1967",56%,50%,1.54,2.50,38%,0.80,25%,2.4,21,18,1
http://ufcstats.com/fighter-details/e741536153227386,"Jul 14, 1971",37%,0%,0.89,3.25,47%,0.00,0%,0.0,4,3,0
http://ufcstats.com/fighter-details/22ee260735da0d58,"Nov 25, 1979",41%,61%,1.72,1.45,58%,4.08,65%,1.3,19,4,0
http://ufcstats.com/fighter-details/8dc46e9a7895ce1a,"Mar 01, 1979",25%,0%,0.21,1.87,60%,0.00,0%,3.1,0,3,0
http://ufcstats.com/fighter-details/31ceaf0e670c1578,"Oct 21, 1965",45%,45%,0.60,2.22,44%,3.33,50%,0.0,8,5,0
http://ufcstats.com/fighter-details/18aecaf50f52e4c3,"Feb 20, 1979",54%,25%,1.61,1.93,50%,3.62,100%,0.6,16,0,0
http://ufcstats.com/fighter-details/01b39decaf0abf6a,"Apr 05, 1979",49%,41%,2.62,2.31,51%,1.06,71%,0.4,21,7,0
http://ufcstats.com/fighter-details/5bd533d50c8e7b8a,"Jun 02, 1969",70%,0%,0.93,4.67,28%,0.00,40%,2.0,20,17,0
http://ufcstats.com/fighter-details/ce783bf73b5131f9,"Sep 23, 1966",33%,71%,2.19,3.44,32%,1.91,16%,2.3,15,9,1
http://ufcstats.com/fighter-details/4b4fc3ddc307bc73,"Mar 01, 1977",35%,25%,1.47,1.60,44%,0.50,74%,0.5,21,10,2
http://ufcstats.com/fighter-details/918db42c3637916f,"Jan 13, 1976",41%,0%,0.75,1.36,68%,0.00,33%,0.0,18,10,2
http://ufcstats.com/fighter-details/21b1132949f2a9b0,"May 20, 1973",27%,40%,1.00,3.26,36%,0.84,16%,1.7,21,23,2
http://ufcstats.com/fighter-details/1975c2272ba40e71,"Mar 27, 1978",0%,10%,0.00,1.73,43%,1.00,0%,2.0,7,3,0
http://ufcstats.com/fighter-details/94070f6544c4b2a5,"Oct 06, 1977",35%,0%,1.28,7.00,41%,0.00,0%,0.0,4,5,1
http://ufcstats.com/fighter-details/5d7c18191b8aa432,"Feb 06, 1974",33%,100%,0.81,1.90,48%,1.36,0%,0.0,9,11,0
http://ufcstats.com/fighter-details/9a967e8e43dcef63,"Dec 11, 1971",14%,0%,0.76,4.56,33%,0.00,0%,0.0,4,1,0
http://ufcstats.com/fighter-details/5f2f0da6fd6a84fd,"Jun 17, 1977",15%,80%,0.78,2.44,60%,1.74,55%,0.4,34,9,2
http://ufcstats.com/fighter-details/b76ed59283d3559c,"Mar 06, 1970",38%,20%,1.88,4.41,54%,1.32,33%,0.4,27,19,2
http://ufcstats.com/fighter-details/85d905f7c4f5a1af,"Jul 30, 1966",32%,33%,1.33,1.90,60%,2.46,54%,1.2,15,8,1
http://ufcstats.com/fighter-details/7aa88401f93ce836,"Jul 01, 1976",37%,100%,1.98,2.19,70%,0.27,88%,0.3,24,7,0
http://ufcstats.com/fighter-details/ed73c85164a5f5a4,"Jun 04, 1970",75%,37%,0.72,4.65,30%,5.37,0%,0.0,3,1,0
http://ufcstats.com/fighter-details/95eb112a85601a0a,"Nov 30, 1970",38%,50%,0.53,1.06,44%,0.38,56%,0.0,25,19,4
http://ufcstats.com/fighter-details/1a225f04aa6e0739,"Nov 04, 1977",0%,0%,0.00,0.67,75%,0.00,66%,0.0,4,2,0
http://ufcstats.com/fighter-details/85e26e2468b4e82f,"Aug 24, 1975",49%,69%,2.45,1.94,59%,1.87,56%,0.3,38,13,2
http://ufcstats.com/fighter-details/cedfdf8d423d500c,"Mar 09, 1968",45%,100%,1.79,1.66,63%,1.96,54%,1.0,29,7,2
http://ufcstats.com/fighter-details/6291ac0a3726732f,"Jul 10, 1975",62%,40%,0.61,2.77,40%,1.84,16%,0.9,12,6,0
http://ufcstats.com/fighter-details/6859f67468ba8489,"Aug 10, 1971",54%,56%,1.26,1.12,57%,2.00,30%,0.8,17,16,0
http://ufcstats.com/fighter-details/b19fc66613dc75b9,"Oct 12, 1971",40%,0%,0.60,0.97,50%,0.00,25%,2.1,21,13,1
http://ufcstats.com/fighter-details/afaad7d6a581e307,"Oct 28, 1968",70%,50%,2.02,1.32,19%,1.17,0%,1.2,36,10,1
http://ufcstats.com/fighter-details/20ec0061400178ca,"Sep 16, 1968",50%,0%,0.92,2.77,57%,0.00,0%,0.0,6,4,1
http://ufcstats.com/fighter-details/e56df3c1d8b4b1cc,"Nov 27, 1971",50%,66%,0.68,0.68,0%,5.07,0%,0.0,26,9,2
http://ufcstats.com/fighter-details/263ebd4a669e1e98,"Jul 28, 1970",47%,40%,1.73,2.49,42%,2.88,50%,2.9,9,5,0
http://ufcstats.com/fighter-details/26eddcda9d6b2ffe,"May 18, 1975",100%,0%,0.84,1.68,68%,0.00,50%,0.0,10,9,2
http://ufcstats.com/fighter-details/1fe7adb23b3eedfb,"Jul 17, 1975",42%,41%,1.14,2.57,51%,0.76,37%,0.5,60,33,9
http://ufcstats.com/fighter-details/d5ed14b2153c6ed2,"Oct 27, 1973",50%,0%,1.20,1.31,53%,0.00,47%,1.1,26,14,1
http://ufcstats.com/fighter-details/6bb1d2b714d4b3bc,"Jun 05, 1976",42%,0%,0.61,4.44,31%,0.00,0%,0.0,2,3,0
http://ufcstats.com/fighter-details/4604ab1de9058474,--,0%,0%,0.00,5.80,13%,0.00,0%,0.0,1,0,0
http://ufcstats.com/fighter-details/a8fa0c4e95512806,"Oct 22, 1968",66%,0%,1.20,1.80,50%,0.00,50%,0.0,30,14,1
http://ufcstats.com/fighter-details/9f488f520ed25bbf,"Jul 11, 1976",46%,0%,0.30,1.93,38%,0.00,10%,0.3,5,12,2
http://ufcstats.com/fighter-details/e06fd1260ac865a7,"Mar 28, 1967",0%,0%,0.00,3.13,25%,0.00,0%,0.0,0,5,1
http://ufcstats.com/fighter-details/63eedfcc73071d41,"Nov 20, 1970",75%,0%,1.21,6.44,20%,0.00,0%,0.0,4,5,0
http://ufcstats.com/fighter-details/4f74c8be51db8a37,"Apr 20, 1978",30%,17%,0.49,1.64,47%,0.84,21%,1.2,12,15,2
http://ufcstats.com/fighter-details/33e33d51f289d2a1,"Dec 13, 1961",46%,50%,0.41,0.47,60%,0.89,20%,0.9,12,14,0
http://ufcstats.com/fighter-details/ee457ef1e1c326c1,--,55%,100%,0.50,0.20,33%,3.00,0%,0.0,12,3,0
http://ufcstats.com/fighter-details/d62bb4d84a7267ba,"Oct 13, 1973",47%,50%,0.90,0.40,42%,3.00,0%,4.5,6,2,0
http://ufcstats.com/fighter-details/4a01dc8376736ef5,--,0%,0%,0.00,4.00,66%,0.00,0%,0.0,3,4,3
http://ufcstats.com/fighter-details/cf1a88371c8cb690,"Nov 12, 1974",42%,0%,3.49,5.71,57%,0.00,0%,0.0,26,26,0
http://ufcstats.com/fighter-details/df5a77121ba84a5d,"Dec 26, 1976",42%,66%,1.77,1.45,52%,0.35,66%,0.7,19,11,1
http://ufcstats.com/fighter-details/1c2f2571b18791b6,"Dec 02, 1973",0%,0%,0.00,0.00,0%,0.00,0%,0.0,27,21,1
http://ufcstats.com/fighter-details/b63e800c18e011b5,"Dec 19, 1969",0%,0%,0.00,0.00,0%,0.00,0%,0.0,7,1,0
http://ufcstats.com/fighter-details/4d74641fac830182,--,0%,0%,0.00,0.00,0%,0.00,0%,0.0,10,6,1
http://ufcstats.com/fighter-details/c7e9d15cfce52f1d,"Jun 21, 1965",0%,0%,0.00,0.00,0%,0.00,0%,0.0,7,6,1
http://ufcstats.com/fighter-details/979f7edbb6980b0d,"Nov 13, 1977",0%,0%,0.00,0.00,0%,0.00,0%,0.0,14,8,3
http://ufcstats.com/fighter-details/c670aa48827d6be6,"Jun 08, 1958",0%,0%,0.00,0.00,0%,0.00,0%,0.0,101,19,1
http://ufcstats.com/fighter-details/1562b12763cc8d67,"May 14, 1974",36%,0%,0.20,2.60,53%,0.00,25%,0.8,10,5,0
http://ufcstats.com/fighter-details/e7ec11096eac0282,"Dec 23, 1963",0%,0%,0.00,0.00,0%,0.00,0%,0.0,56,29,4
http://ufcstats.com/fighter-details/0f6528b461e47462,"Jul 22, 1971",0%,0%,0.00,0.00,0%,0.00,0%,0.0,7,2,4
http://ufcstats.com/fighter-details/7a359ef685a304a7,"Apr 14, 1969",0%,0%,0.00,0.00,0%,0.00,0%,0.0,5,2,0
http://ufcstats.com/fighter-details/c2a7623f398d9bd7,"Sep 22, 1973",0%,0%,0.00,0.00,0%,0.00,0%,0.0,4,7,0
http://ufcstats.com/fighter-details/d1e6a6536ee62517,"Jul 14, 1972",0%,0%,0.00,0.00,0%,0.00,0%,0.0,43,12,1
http://ufcstats.com/fighter-details/44aa652b181bcf68,"Jan 20, 1969",0%,0%,0.00,0.00,0%,0.00,0%,0.0,2,3,1
http://ufcstats.com/fighter-details/040426baba8a45e8,"Jun 02, 1973",0%,0%,0.00,0.00,0%,0.00,0%,0.0,11,10,0
http://ufcstats.com/fighter-details/80e6d71e14c1d356,"Oct 17, 1977",0%,0%,0.00,0.00,0%,0.00,0%,0.0,16,5,3
http://ufcstats.com/fighter-details/efaf544314bb5c2e,"Nov 23, 1965",50%,69%,0.84,1.37,42%,4.19,50%,2.8,16,6,2
http://ufcstats.com/fighter-details/ce6065baef021cf3,"Jan 12, 1976",40%,41%,0.88,1.66,49%,1.82,5%,1.9,60,42,8
http://ufcstats.com/fighter-details/e4bde462b043d3e1,"Sep 10, 1971",45%,63%,0.70,0.90,52%,1.60,25%,1.8,31,9,3
http://ufcstats.com/fighter-details/d2b1c1317a39f6c6,"May 19, 1968",0%,0%,0.00,0.00,0%,0.00,0%,0.0,4,6,3
http://ufcstats.com/fighter-details/9bad58fa651d6196,"Jul 16, 1973",0%,0%,0.00,0.00,0%,0.00,0%,0.0,14,4,0
http://ufcstats.com/fighter-details/2620f3eb21c79614,--,0%,0%,0.00,0.00,0%,0.00,0%,0.0,8,1,0
http://ufcstats.com/fighter-details/1c061eb6e29eaa0a,--,0%,0%,0.00,0.00,0%,0.00,0%,0.0,5,0,0
http://ufcstats.com/fighter-details/09c44b317c98bf96,"Oct 19, 1966",0%,0%,0.00,0.00,0%,0.00,0%,0.0,10,10,0
http://ufcstats.com/fighter-details/6ece1d2ab1bed31d,--,0%,0%,0.00,0.00,0%,0.00,0%,0.0,0,2,0
http://ufcstats.com/fighter-details/6ceff86fae4f6b3b,"Jul 24, 1969",0%,0%,0.00,0.00,0%,0.00,0%,0.0,33,21,1
http://ufcstats.com/fighter-details/6014d25e73b669c9,"Jul 12, 1972",0%,0%,0.00,0.00,0%,0.00,0%,0.0,45,35,10
http://ufcstats.com/fighter-details/d71d968dc6ecfdaf,"Aug 15, 1972",50%,25%,4.00,4.43,64%,2.14,50%,2.1,9,18,1
http://ufcstats.com/fighter-details/d56caaa5e123f518,"Jul 11, 1975",0%,0%,0.00,0.00,0%,0.00,0%,0.0,2,4,1
http://ufcstats.com/fighter-details/5ca158b1cc9cb242,"Jan 01, 1964",0%,0%,0.00,0.00,0%,0.00,0%,0.0,16,16,0
http://ufcstats.com/fighter-details/7b6ce3a9460565b5,--,0%,0%,0.00,0.00,0%,0.00,0%,0.0,1,2,0
http://ufcstats.com/fighter-details/1ffc38f67785797b,--,0%,0%,0.00,0.00,0%,0.00,0%,0.0,0,1,0
http://ufcstats.com/fighter-details/13c4313ed0f744f3,"May 26, 1964",0%,0%,0.00,0.00,0%,0.00,0%,0.0,12,15,0
http://ufcstats.com/fighter-details/1e38bba6738b7b10,"Jun 10, 1970",0%,0%,0.00,0.00,0%,0.00,0%,0.0,1,3,1
http://ufcstats.com/fighter-details/f341f9551ba744e2,"Jun 16, 1963",0%,0%,0.00,0.00,0%,0.00,0%,0.0,11,1,1
http://ufcstats.com/fighter-details/fcaae0385b514f11,"Dec 08, 1972",53%,50%,4.75,4.66,57%,0.35,37%,1.1,23,10,2
http://ufcstats.com/fighter-details/669a3cb6e394f515,"Mar 06, 1965",0%,0%,0.00,0.00,0%,0.00,0%,0.0,3,2,0
http://ufcstats.com/fighter-details/ab35634d1a8c7a11,"Jan 26, 1976",16%,0%,0.67,0.00,0%,0.00,0%,0.0,19,7,0
http://ufcstats.com/fighter-details/597db668b01c442c,"Jan 23, 1961",0%,0%,0.00,0.00,0%,0.00,0%,0.0,9,4,2
http://ufcstats.com/fighter-details/911fb265462f0d94,"May 29, 1977",0%,0%,0.00,0.00,0%,0.00,0%,0.0,253,53,10
http://ufcstats.com/fighter-details/bba678d312590087,"Mar 22, 1967",0%,0%,0.00,0.00,0%,0.00,0%,0.0,1,1,2
http://ufcstats.com/fighter-details/a54a35a670d8e852,"Feb 24, 1965",0%,0%,0.00,0.00,0%,0.00,0%,0.0,14,2,1
http://ufcstats.com/fighter-details/03688dc3c3af3ac1,"Feb 24, 1965",61%,0%,5.59,2.06,79%,0.00,0%,0.0,28,4,1
http://ufcstats.com/fighter-details/41e77dc504a192c6,--,0%,0%,0.00,0.00,0%,0.00,0%,0.0,0,1,0
http://ufcstats.com/fighter-details/775bad6d700d2302,"Nov 15, 1975",0%,0%,0.00,0.00,0%,0.00,0%,0.0,5,8,0
http://ufcstats.com/fighter-details/672ef06fd9f41f7d,--,0%,0%,0.00,0.00,0%,0.00,0%,0.0,1,0,0
http://ufcstats.com/fighter-details/c61f66d8c3fd5f07,"Nov 08, 1966",0%,0%,0.00,0.00,0%,0.00,0%,0.0,2,3,1
http://ufcstats.com/fighter-details/fbbde91f7bc2d3c5,"Jan 17, 1966",56%,100%,1.84,2.14,48%,0.40,53%,0.8,23,22,1
http://ufcstats.com/fighter-details/946f341df6472ee0,"Jan 01, 1968",32%,50%,2.30,1.36,72%,0.39,88%,0.0,30,14,2
http://ufcstats.com/fighter-details/c058823a2595ab09,"Nov 11, 1977",0%,0%,0.00,0.00,0%,0.00,0%,0.0,4,3,0
http://ufcstats.com/fighter-details/5898357a45a73674,--,0%,0%,0.00,0.00,0%,0.00,0%,0.0,1,0,0
http://ufcstats.com/fighter-details/20bd6c3e03c46ee6,--,0%,0%,0.00,0.00,0%,0.00,0%,0.0,0,2,0
http://ufcstats.com/fighter-details/44f9c777fed7ca03,"Feb 16, 1970",0%,0%,0.00,0.00,0%,0.00,0%,0.0,2,3,0
http://ufcstats.com/fighter-details/93892752c5fc23ca,"Feb 12, 1974",0%,0%,0.00,0.00,0%,0.00,0%,0.0,11,4,0
http://ufcstats.com/fighter-details/4c805f5f58a75df0,"Apr 12, 1974",0%,0%,0.00,0.00,0%,0.00,0%,0.0,5,2,0
http://ufcstats.com/fighter-details/c8cca8f3de5be4b4,"Aug 05, 1973",30%,25%,1.33,3.14,53%,0.54,50%,0.0,38,19,2
http://ufcstats.com/fighter-details/a24e080000fa7a35,"Nov 07, 1962",0%,0%,0.00,0.00,0%,0.00,0%,0.0,5,6,0
http://ufcstats.com/fighter-details/dc950d59dc590aca,"Apr 14, 1969",50%,0%,2.42,0.42,71%,0.00,90%,0.6,13,7,2
http://ufcstats.com/fighter-details/31652c9267606d54,"Feb 26, 1968",0%,0%,0.00,0.00,0%,0.00,0%,0.0,5,9,4
http://ufcstats.com/fighter-details/7ca4c3f8aa8bacae,--,0%,0%,0.00,0.00,0%,0.00,0%,0.0,0,3,0
http://ufcstats.com/fighter-details/e8c170a64dc920ac,--,0%,0%,0.00,0.00,0%,0.00,0%,0.0,2,16,0
http://ufcstats.com/fighter-details/e8efeb9cf33b1941,--,0%,0%,0.00,0.00,0%,0.00,0%,0.0,3,2,0
http://ufcstats.com/fighter-details/c6e6926a81adcd00,--,0%,0%,0.00,0.00,0%,0.00,0%,0.0,0,1,0
http://ufcstats.com/fighter-details/706404da0775dcbc,"Aug 09, 1968",0%,0%,0.00,0.00,0%,0.00,0%,0.0,6,3,0
http://ufcstats.com/fighter-details/e62b36885ecdac27,"Apr 20, 1971",52%,40%,0.64,1.35,41%,1.75,0%,2.6,10,5,2
http://ufcstats.com/fighter-details/4dc496aa0cfc0d95,--,0%,0%,0.00,0.00,0%,0.00,0%,0.0,6,12,0
http://ufcstats.com/fighter-details/c96518b7f6881004,--,0%,0%,0.00,0.00,0%,0.00,0%,0.0,5,7,0
http://ufcstats.com/fighter-details/df2cf66d8c0123db,--,0%,0%,0.00,0.00,0%,0.00,0%,0.0,5,5,0
http://ufcstats.com/fighter-details/74fefd43f073cd2f,--,0%,0%,0.00,0.00,0%,0.00,0%,0.0,4,6,0
http://ufcstats.com/fighter-details/108afe61a26bcbf4,"May 23, 1966",0%,0%,0.00,0.00,0%,0.00,0%,0.0,4,1,2
http://ufcstats.com/fighter-details/56f4b81ec4db61af,--,0%,0%,0.00,0.00,0%,0.00,0%,0.0,0,3,0
http://ufcstats.com/fighter-details/f70144caea5c4c80,"Aug 17, 1963",0%,0%,0.00,0.00,0%,0.00,0%,0.0,2,3,0
http://ufcstats.com/fighter-details/601cf40c09090853,--,0%,0%,0.00,0.00,0%,0.00,0%,0.0,1,4,0
http://ufcstats.com/fighter-details/13b2f59210dda9cc,"Nov 25, 1964",0%,0%,0.00,0.00,0%,0.00,0%,0.0,4,2,0
http://ufcstats.com/fighter-details/f717b6002486f73f,"Dec 09, 1964",0%,0%,0.00,0.00,0%,0.00,0%,0.0,6,4,0
http://ufcstats.com/fighter-details/19ffeb5e3fffd6d5,--,0%,0%,0.00,0.00,0%,0.00,0%,0.0,6,13,0
http://ufcstats.com/fighter-details/9b5b5a75523728f3,"Jul 14, 1969",41%,31%,1.26,2.03,51%,1.26,48%,1.7,26,17,1
http://ufcstats.com/fighter-details/312f47c3d2f83ffa,--,0%,0%,0.00,0.00,0%,0.00,0%,0.0,1,2,0
http://ufcstats.com/fighter-details/91181b29be041f1c,--,0%,0%,0.00,0.00,0%,0.00,0%,0.0,0,1,0
http://ufcstats.com/fighter-details/a7b48e18ca27795d,"Dec 21, 1968",41%,77%,0.28,0.89,28%,2.92,0%,0.4,15,11,0
http://ufcstats.com/fighter-details/9fd1f08dd4aec14a,--,0%,0%,0.00,0.00,0%,0.00,0%,0.0,6,5,1
http://ufcstats.com/fighter-details/31c01fbc2586a5eb,--,0%,0%,0.00,0.00,0%,0.00,0%,0.0,1,1,0
http://ufcstats.com/fighter-details/a220be6d41d6f97d,"Jul 22, 1968",0%,0%,0.00,0.00,0%,0.00,0%,0.0,14,9,0
http://ufcstats.com/fighter-details/baa5358456803df8,--,0%,0%,0.00,0.00,0%,0.00,0%,0.0,2,0,0
http://ufcstats.com/fighter-details/1f5f75658551f2d3,--,0%,0%,0.00,0.00,0%,0.00,0%,0.0,0,2,0
http://ufcstats.com/fighter-details/4679a38cced7c64a,"Sep 13, 1963",0%,0%,0.00,0.00,0%,0.00,0%,0.0,0,1,0
http://ufcstats.com/fighter-details/f348d05403fad037,"Jan 26, 1970",44%,42%,2.06,1.74,34%,2.44,0%,1.6,17,9,0
http://ufcstats.com/fighter-details/3fed746acfd026dd,--,0%,0%,0.00,0.00,0%,0.00,0%,0.0,1,4,0
http://ufcstats.com/fighter-details/1c3f5e85b59ec710,"Jul 28, 1968",0%,0%,0.00,0.00,0%,0.00,0%,0.0,5,5,0
http://ufcstats.com/fighter-details/baf942f4bcb09894,"Mar 23, 1964",0%,0%,0.00,0.00,0%,0.00,0%,0.0,1,6,0
http://ufcstats.com/fighter-details/df85d6ec3493d120,"Jul 03, 1961",0%,0%,0.00,0.00,0%,0.00,0%,0.0,2,2,0
http://ufcstats.com/fighter-details/8788beb528894f33,--,0%,0%,0.00,0.00,0%,0.00,0%,0.0,0,1,0
http://ufcstats.com/fighter-details/184b955181bdef52,--,0%,0%,0.00,0.00,0%,0.00,0%,0.0,0,1,0
http://ufcstats.com/fighter-details/7269329bd87eb479,--,0%,0%,0.00,0.00,0%,0.00,0%,0.0,3,4,0
http://ufcstats.com/fighter-details/738acab0c6934dd8,--,0%,0%,0.00,0.00,0%,0.00,0%,0.0,0,1,0
http://ufcstats.com/fighter-details/21f2974fd08085e3,--,0%,0%,0.00,0.00,0%,0.00,0%,0.0,0,1,0
http://ufcstats.com/fighter-details/0cf935519d439ba6,"Apr 15, 1967",63%,0%,1.70,1.88,30%,0.00,33%,0.0,12,8,0
http://ufcstats.com/fighter-details/3e514f437c51ce0a,--,0%,0%,0.00,0.00,0%,0.00,0%,0.0,2,1,0
http://ufcstats.com/fighter-details/53e533db1b8e9712,--,0%,0%,0.00,0.00,0%,0.00,0%,0.0,2,6,0
http://ufcstats.com/fighter-details/bad28b7b34f334de,"Jan 06, 1963",0%,0%,0.00,0.00,0%,0.00,0%,0.0,0,4,0
http://ufcstats.com/fighter-details/1a49e0670dfaca31,--,0%,0%,0.00,0.00,0%,0.00,0%,0.0,0,2,0
http://ufcstats.com/fighter-details/577ec7e108b94be3,--,0%,0%,0.00,0.00,0%,0.00,0%,0.0,0,2,0
http://ufcstats.com/fighter-details/3da19339ee7051d5,--,0%,0%,0.00,0.00,0%,0.00,0%,0.0,4,3,0
http://ufcstats.com/fighter-details/977081bc01197656,"Apr 26, 1965",0%,0%,0.00,0.00,0%,0.00,0%,0.0,4,2,0
http://ufcstats.com/fighter-details/abbc4fc02e0d84b3,--,0%,0%,0.00,0.00,0%,0.00,0%,0.0,0,1,0
http://ufcstats.com/fighter-details/6420efac0578988b,"Mar 13, 1969",51%,0%,2.26,6.47,44%,0.00,66%,2.3,30,27,3
http://ufcstats.com/fighter-details/1d147d4163a6989b,"Jan 16, 1963",0%,0%,0.00,0.00,0%,0.00,0%,0.0,1,1,0
http://ufcstats.com/fighter-details/da6dfd09cca1d705,"Feb 23, 1968",31%,28%,0.92,0.83,44%,1.85,0%,0.5,9,3,0
http://ufcstats.com/fighter-details/4985113c0928aa62,--,0%,0%,0.00,0.00,0%,0.00,0%,0.0,0,1,0
http://ufcstats.com/fighter-details/07a18ae55dfc3cd9,"Sep 17, 1969",0%,0%,0.00,0.00,0%,0.00,0%,0.0,9,9,0
http://ufcstats.com/fighter-details/18524b46c570730b,"Jan 26, 1961",0%,0%,0.00,0.00,0%,0.00,0%,0.0,5,6,0
http://ufcstats.com/fighter-details/13e62d766b709aa6,--,0%,0%,0.00,0.00,0%,0.00,0%,0.0,2,1,0
http://ufcstats.com/fighter-details/2efbc83a6b9b7f86,--,0%,0%,0.00,0.00,0%,0.00,0%,0.0,1,1,0
http://ufcstats.com/fighter-details/e8fb8e53bc2e29d6,--,0%,0%,0.00,0.00,0%,0.00,0%,0.0,1,3,0
http://ufcstats.com/fighter-details/de3ed2e152520c8d,"Jun 11, 1963",0%,0%,0.00,0.00,0%,0.00,0%,0.0,13,10,0
http://ufcstats.com/fighter-details/6cbb7661c3258617,--,0%,0%,0.00,0.00,0%,0.00,0%,0.0,2,7,0
http://ufcstats.com/fighter-details/271fe91f4ba9d2c5,"Nov 23, 1965",64%,57%,2.87,3.57,37%,0.91,45%,0.7,20,9,1
http://ufcstats.com/fighter-details/d41937647eae9a34,--,0%,0%,0.00,0.00,0%,0.00,0%,0.0,0,1,0
http://ufcstats.com/fighter-details/0e9869d712e81f8f,"Apr 26, 1965",0%,0%,0.00,0.00,0%,0.00,0%,0.0,7,20,2
http://ufcstats.com/fighter-details/b3bbe88fecd6a0d2,--,0%,0%,0.00,0.00,0%,0.00,0%,0.0,0,1,0
http://ufcstats.com/fighter-details/c6da1c24fe473418,--,0%,0%,0.00,0.00,0%,0.00,0%,0.0,0,1,0
http://ufcstats.com/fighter-details/8377c5572cb356f3,"Jan 18, 1970",0%,0%,0.00,0.00,0%,0.00,0%,0.0,3,2,0
http://ufcstats.com/fighter-details/304fcd812f12c589,--,0%,0%,0.00,0.00,0%,0.00,0%,0.0,4,9,0
http://ufcstats.com/fighter-details/31bbd46d57dfbcb7,--,0%,0%,0.00,0.00,0%,0.00,0%,0.0,0,1,0
http://ufcstats.com/fighter-details/0db70ca89e1c7374,--,0%,0%,0.00,0.00,0%,0.00,0%,0.0,0,3,0
http://ufcstats.com/fighter-details/0ec821423baa26bd,--,0%,0%,0.00,0.00,0%,0.00,0%,0.0,0,1,0
http://ufcstats.com/fighter-details/08a7080ff5904661,--,0%,0%,0.00,0.00,0%,0.00,0%,0.0,2,1,1
http://ufcstats.com/fighter-details/d3711d3784b76255,--,0%,0%,0.00,0.00,0%,0.00,0%,0.0,4,11,0
http://ufcstats.com/fighter-details/c1684f00c626f4c0,"Oct 26, 1960",0%,0%,0.00,0.00,0%,0.00,0%,0.0,1,1,0
http://ufcstats.com/fighter-details/2a6f8136da1e52c0,"Oct 12, 1963",0%,0%,0.00,0.00,0%,0.00,0%,0.0,1,2,0
http://ufcstats.com/fighter-details/8738eacd62e82a32,"May 29, 1971",0%,0%,0.00,0.00,0%,0.00,0%,0.0,14,8,1
http://ufcstats.com/fighter-details/ea398c802d9998ee,--,0%,0%,0.00,0.00,0%,0.00,0%,0.0,0,1,0
http://ufcstats.com/fighter-details/f62850b3c7480db9,--,0%,0%,0.00,0.00,0%,0.00,0%,0.0,0,5,0
http://ufcstats.com/fighter-details/440c9dbab63528fb,"Feb 21, 1964",0%,0%,0.00,0.00,0%,0.00,0%,0.0,1,1,0
http://ufcstats.com/fighter-details/bf12aca029bfcc47,"Apr 15, 1958",0%,0%,0.00,0.00,0%,0.00,0%,0.0,2,2,0
http://ufcstats.com/fighter-details/02fc8f50f56eb307,--,0%,0%,0.00,0.00,0%,0.00,0%,0.0,0,4,0
http://ufcstats.com/fighter-details/ad047e3073a775f3,"Sep 23, 1963",0%,0%,0.00,0.00,0%,0.00,0%,0.0,2,3,0
http://ufcstats.com/fighter-details/3f24c96753dbd9f9,"Oct 05, 1965",0%,0%,0.00,0.00,0%,0.00,0%,0.0,4,6,0
http://ufcstats.com/fighter-details/1dc56b59cb28425d,"Aug 26, 1967",0%,0%,0.00,0.00,0%,0.00,0%,0.0,17,5,2
http://ufcstats.com/fighter-details/a6a9ab5a824e8f66,"Jul 07, 1969",0%,0%,0.00,0.00,0%,0.00,0%,0.0,2,4,1
http://ufcstats.com/fighter-details/96d173b7f92aa520,--,0%,0%,0.00,0.00,0%,0.00,0%,0.0,2,1,0
http://ufcstats.com/fighter-details/6a0b80a24f22e152,--,0%,0%,0.00,0.00,0%,0.00,0%,0.0,0,1,0
http://ufcstats.com/fighter-details/5af480a3b2e1726b,--,0%,0%,0.00,0.00,0%,0.00,0%,0.0,1,3,0
http://ufcstats.com/fighter-details/46f11d15c0134fe3,--,0%,0%,0.00,0.00,0%,0.00,0%,0.0,0,2,0
http://ufcstats.com/fighter-details/d3b5ad3b15a64a18,--,0%,0%,0.00,0.00,0%,0.00,0%,0.0,0,1,0
http://ufcstats.com/fighter-details/749685d24e2cac50,"May 23, 1969",0%,0%,0.00,0.00,0%,0.00,0%,0.0,9,6,1
http://ufcstats.com/fighter-details/30cd319d39ee689b,--,0%,0%,0.00,0.00,0%,0.00,0%,0.0,1,4,0
http://ufcstats.com/fighter-details/a2b06ca02bca14c0,--,0%,0%,0.00,0.00,0%,0.00,0%,0.0,1,3,0
http://ufcstats.com/fighter-details/3e03cec9767d37e6,--,0%,0%,0.00,0.00,0%,0.00,0%,0.0,1,2,0
http://ufcstats.com/fighter-details/02d276b7d62b3472,"May 17, 1973",0%,0%,0.00,0.00,0%,0.00,0%,0.0,0,3,0
http://ufcstats.com/fighter-details/46c8ec317aff28ac,"Aug 28, 1963",0%,0%,0.00,0.00,0%,0.00,0%,0.0,20,17,0
http://ufcstats.com/fighter-details/dedc3bb440d09554,"Feb 09, 1969",0%,0%,0.00,0.00,0%,0.00,0%,0.0,26,18,0
http://ufcstats.com/fighter-details/237187ed9f419285,--,0%,0%,0.00,0.00,0%,0.00,0%,0.0,1,4,0
http://ufcstats.com/fighter-details/c933d423ebdbbbdb,--,0%,0%,0.00,0.00,0%,0.00,0%,0.0,1,4,0
http://ufcstats.com/fighter-details/32a3025d5db456ae,--,0%,0%,0.00,0.00,0%,0.00,0%,0.0,1,1,0
http://ufcstats.com/fighter-details/9199e0735b83dd32,"Jul 16, 1974",0%,0%,0.00,0.00,0%,0.00,0%,0.0,0,1,0
http://ufcstats.com/fighter-details/2b1587a3376ab743,--,0%,0%,0.00,0.00,0%,0.00,0%,0.0,0,1,0
http://ufcstats.com/fighter-details/e780ccc79a209985,--,0%,0%,0.00,0.00,0%,0.00,0%,0.0,0,1,0
http://ufcstats.com/fighter-details/2a7afe14b3a0a058,--,0%,0%,0.00,0.00,0%,0.00,0%,0.0,0,1,0
http://ufcstats.com/fighter-details/b60391da771deefe,"Apr 30, 1970",0%,0%,0.00,0.00,0%,0.00,0%,0.0,11,9,0
http://ufcstats.com/fighter-details/83b743fedde154fb,"Nov 22, 1970",0%,0%,0.00,0.00,0%,0.00,0%,0.0,0,4,0
http://ufcstats.com/fighter-details/adea9f0090aa8e14,--,0%,0%,0.00,0.00,0%,0.00,0%,0.0,4,5,0
http://ufcstats.com/fighter-details/598a58db87b890ee,--,0%,0%,0.00,0.00,0%,0.00,0%,0.0,2,6,0
http://ufcstats.com/fighter-details/23ab42947c1990e3,"Jan 25, 1943",0%,0%,0.00,0.00,0%,0.00,0%,0.0,0,1,0
http://ufcstats.com/fighter-details/ee5df903f80c6816,"Jul 16, 1964",0%,0%,0.00,0.00,0%,0.00,0%,0.0,0,1,0
http://ufcstats.com/fighter-details/81ca2c245b19b3c5,"Jul 16, 1969",0%,0%,0.00,0.00,0%,0.00,0%,0.0,0,1,0
http://ufcstats.com/fighter-details/2e04a3b4a2011b97,--,0%,0%,0.00,0.00,0%,0.00,0%,0.0,0,1,0
http://ufcstats.com/fighter-details/2299605af59fd309,"Sep 05, 1960",0%,0%,0.00,0.00,0%,0.00,0%,0.0,1,2,0
http://ufcstats.com/fighter-details/a6c2f5381d575920,"Oct 24, 1965",0%,0%,0.00,0.00,0%,0.00,0%,0.0,1,5,0
http://ufcstats.com/fighter-details/be9d259be012e8a4,--,0%,0%,0.00,0.00,0%,0.00,0%,0.0,2,1,0
http://ufcstats.com/fighter-details/c3c23c99477c041b,--,0%,0%,0.00,0.00,0%,0.00,0%,0.0,1,0,0
http://ufcstats.com/fighter-details/319fa1bd3176bded,--,0%,0%,0.00,0.00,0%,0.00,0%,0.0,2,1,0
http://ufcstats.com/fighter-details/4565d435005319c0,"Jun 30, 1968",0%,0%,0.00,0.00,0%,0.00,0%,0.0,0,1,0
http://ufcstats.com/fighter-details/ea0ad155451ed1f5,--,0%,0%,0.00,0.00,0%,0.00,0%,0.0,0,1,0
http://ufcstats.com/fighter-details/6e02c318762f52f1,--,0%,0%,0.00,0.00,0%,0.00,0%,0.0,0,1,0
http://ufcstats.com/fighter-details/49590e0508b2c19f,--,0%,0%,0.00,0.00,0%,0.00,0%,0.0,1,3,0
http://ufcstats.com/fighter-details/96087e90d900f0ef,--,0%,0%,0.00,0.00,0%,0.00,0%,0.0,0,1,0
http://ufcstats.com/fighter-details/a683f9ddb70aa4bd,"Dec 04, 1975",0%,0%,0.00,0.00,0%,0.00,0%,0.0,0,2,0
http://ufcstats.com/fighter-details/505934897b8b4824,--,0%,0%,0.00,0.00,0%,0.00,0%,0.0,0,1,0
http://ufcstats.com/fighter-details/7d5b12de1625984e,--,0%,0%,0.00,0.00,0%,0.00,0%,0.0,1,1,0
http://ufcstats.com/fighter-details/8d5daf67983b65ba,"Oct 12, 1955",0%,0%,0.00,0.00,0%,0.00,0%,0.0,1,1,0
http://ufcstats.com/fighter-details/93fe7332d16c6ad9,"Jul 13, 1978",0%,0%,0.00,0.00,0%,0.00,0%,0.0,5,3,0
http://ufcstats.com/fighter-details/59a9d6dac61c2540,"Feb 01, 1994",20%,0%,3.00,5.67,46%,0.00,66%,0.0,28,4,0
http://ufcstats.com/fighter-details/4961467134abd8be,"Feb 25, 1993",50%,0%,8.44,14.06,28%,0.00,0%,0.0,9,5,0
http://ufcstats.com/fighter-details/8f3837b4c06f3d1e,"May 15, 2004",47%,0%,4.52,4.34,54%,0.00,85%,0.0,8,2,0
http://ufcstats.com/fighter-details/c0ed7b208197e8de,"Feb 09, 1970",36%,0%,1.71,3.11,63%,0.00,33%,0.0,8,15,3
http://ufcstats.com/fighter-details/f689bd7bbd14b392,"Dec 20, 1980",0%,0%,0.00,0.00,0%,0.00,0%,0.0,0,0,0
http://ufcstats.com/fighter-details/1c5879330d42255f,"Dec 27, 1977",36%,20%,3.52,2.85,62%,0.33,81%,0.0,30,18,0
http://ufcstats.com/fighter-details/989b85f6540c86b1,"Jun 22, 1991",52%,0%,3.90,6.28,44%,0.00,0%,0.0,6,2,0
http://ufcstats.com/fighter-details/a77633a989013265,"Jan 13, 1988",41%,0%,3.17,5.93,44%,0.00,0%,0.0,8,2,0
http://ufcstats.com/fighter-details/7a846fcbf182a7c8,"May 03, 2000",83%,50%,1.66,0.33,75%,4.97,50%,5.0,5,1,0
http://ufcstats.com/fighter-details/26f4288e83188c61,"Feb 16, 1992",0%,0%,0.00,0.00,0%,0.00,0%,0.0,12,3,0
http://ufcstats.com/fighter-details/501821d7fb7b95c1,"Feb 10, 1988",0%,0%,0.00,0.00,0%,0.00,0%,0.0,17,1,0
http://ufcstats.com/fighter-details/6cadc0a0ba7dc015,"Jan 01, 1972",0%,0%,0.00,0.00,0%,0.00,0%,0.0,26,19,0
http://ufcstats.com/fighter-details/b2efa582adf73604,"Apr 07, 2005",60%,0%,2.74,2.19,59%,0.00,100%,0.0,13,2,0
http://ufcstats.com/fighter-details/ff584c17bccbae0b,"Sep 08, 1998",71%,44%,2.22,0.73,58%,5.44,100%,0.0,17,4,0
http://ufcstats.com/fighter-details/9e3dbb9c68ed5d1a,"Dec 25, 1980",33%,0%,2.87,6.33,59%,0.00,71%,0.0,14,6,1
http://ufcstats.com/fighter-details/49dea784f6cfed71,"Jun 19, 1994",40%,0%,5.00,11.25,25%,0.00,0%,0.0,6,2,0
http://ufcstats.com/fighter-details/2eada40ac8801559,"Jul 27, 1974",45%,0%,0.59,2.58,55%,0.00,8%,0.5,18,10,0
http://ufcstats.com/fighter-details/7578cc6bd750206b,"Jun 07, 1991",65%,50%,3.84,6.66,23%,2.06,42%,0.0,5,1,0
http://ufcstats.com/fighter-details/2144954270be834d,--,0%,0%,0.00,0.00,0%,0.00,0%,0.0,0,4,0
http://ufcstats.com/fighter-details/9b28292abe3166d5,--,0%,0%,0.00,0.00,0%,0.00,0%,0.0,3,2,0
http://ufcstats.com/fighter-details/dd1b90eea08887f6,--,13%,0%,0.32,3.34,25%,0.00,0%,0.0,0,3,0
http://ufcstats.com/fighter-details/39f62b833e4cf126,--,0%,0%,0.00,0.00,0%,0.00,0%,0.0,1,2,0
http://ufcstats.com/fighter-details/7460ddef986d3144,"Sep 14, 1991",44%,0%,3.13,3.13,58%,0.00,57%,0.0,14,6,1
http://ufcstats.com/fighter-details/8fd76e1b49c00ae2,"Sep 25, 1977",19%,26%,0.88,2.20,66%,4.71,0%,0.0,7,6,0
http://ufcstats.com/fighter-details/b757c73f443d4fca,"Aug 06, 1974",38%,7%,1.65,4.77,53%,0.37,22%,0.7,8,12,0
http://ufcstats.com/fighter-details/4b37a0bc2ab4cae1,"May 09, 1983",0%,0%,0.00,0.00,0%,0.00,0%,0.0,9,7,0
http://ufcstats.com/fighter-details/41b34b7f11f6d085,--,0%,0%,0.00,0.00,0%,0.00,0%,0.0,1,7,0
http://ufcstats.com/fighter-details/e17770faae3ca54c,"Jun 10, 1984",0%,0%,0.00,0.00,0%,0.00,0%,0.0,10,1,0
http://ufcstats.com/fighter-details/a075a34d7527fadf,"Jan 21, 1999",52%,33%,2.39,4.06,46%,1.56,75%,0.0,7,4,0
http://ufcstats.com/fighter-details/6db394bf6c3b017c,"Jul 14, 1989",50%,0%,6.32,10.11,38%,0.00,0%,0.0,10,2,0
http://ufcstats.com/fighter-details/1e13936d708bcff7,"Jan 13, 1967",38%,0%,0.80,3.10,43%,0.00,50%,0.0,13,19,2
http://ufcstats.com/fighter-details/adf9a901308fb8e3,"Aug 10, 1992",51%,66%,7.60,5.87,53%,2.00,100%,0.0,5,0,0
http://ufcstats.com/fighter-details/088aa1b19b2dc14a,"Mar 22, 2004",41%,0%,1.92,5.75,27%,0.00,0%,0.0,6,1,0
http://ufcstats.com/fighter-details/d615d6a10a4704cd,"Jun 06, 1985",36%,0%,1.67,2.60,41%,0.00,40%,5.0,10,3,0
http://ufcstats.com/fighter-details/f16ddfa31236efed,"Oct 17, 1988",37%,0%,3.13,6.07,42%,0.00,0%,0.0,7,3,0
http://ufcstats.com/fighter-details/c6bf75775b278ed8,"Feb 27, 1980",34%,0%,5.74,1.91,67%,0.00,0%,0.0,13,7,0
http://ufcstats.com/fighter-details/c61b49cec6abd6b9,--,0%,0%,0.00,0.00,0%,0.00,0%,0.0,4,3,0
http://ufcstats.com/fighter-details/c11036da9162cb5f,--,20%,0%,1.56,2.08,75%,0.00,0%,0.0,1,4,0
http://ufcstats.com/fighter-details/430c533614d45813,"May 08, 1996",31%,0%,5.83,9.25,44%,0.00,0%,0.0,9,3,0
http://ufcstats.com/fighter-details/4438482bd1d5a029,"Mar 08, 1988",40%,33%,2.73,4.53,56%,1.00,50%,0.0,6,1,0
http://ufcstats.com/fighter-details/bd92cf5da5413d2a,--,0%,0%,0.00,0.00,0%,0.00,0%,0.0,1,4,0
http://ufcstats.com/fighter-details/f4abf9aeda861283,"Dec 27, 1996",62%,0%,6.97,2.11,50%,0.00,100%,0.0,7,1,0
http://ufcstats.com/fighter-details/86c1441676af2c73,"Jan 11, 1994",59%,0%,5.89,11.41,42%,0.00,0%,0.0,5,2,0
http://ufcstats.com/fighter-details/20821819c401ced8,"Oct 09, 1983",24%,0%,2.27,5.91,63%,0.00,20%,0.0,6,4,1
http://ufcstats.com/fighter-details/247fbbfafea60bb1,"Jul 11, 1987",35%,0%,5.53,24.47,33%,0.00,100%,0.0,7,3,0
http://ufcstats.com/fighter-details/ee0b69e307c857e5,--,0%,0%,0.00,0.00,0%,0.00,0%,0.0,2,0,0
http://ufcstats.com/fighter-details/c912f676692c353a,"Jan 26, 1970",29%,57%,0.83,3.76,40%,3.13,100%,0.8,17,21,1
http://ufcstats.com/fighter-details/d562b12b8fe88336,"Feb 06, 1987",69%,0%,3.16,6.32,33%,0.00,50%,0.0,28,7,0
http://ufcstats.com/fighter-details/6c40705cf6c0d7e2,"Jun 15, 2003",0%,0%,0.00,0.00,0%,0.00,0%,0.0,9,0,0
http://ufcstats.com/fighter-details/53adf5b845d91e4a,"May 28, 1966",39%,0%,6.75,2.01,83%,0.00,0%,0.0,1,1,0
http://ufcstats.com/fighter-details/23a8c33869bf5392,"Nov 21, 1985",34%,0%,1.47,2.67,54%,0.00,25%,1.0,27,7,2
http://ufcstats.com/fighter-details/19ba965651486013,"Feb 02, 1990",37%,14%,3.97,3.08,61%,0.34,60%,0.0,14,3,0
http://ufcstats.com/fighter-details/b03a0c78ca45facf,"Jan 13, 1995",52%,20%,3.00,6.53,31%,1.00,50%,0.0,6,3,0
http://ufcstats.com/fighter-details/17615148dd4be6f6,"Apr 26, 1990",19%,0%,0.93,4.93,50%,0.00,0%,0.0,14,4,1
http://ufcstats.com/fighter-details/7977fb0fd9c5955d,"Oct 24, 1994",0%,0%,0.00,0.00,0%,0.00,0%,0.0,0,0,0
http://ufcstats.com/fighter-details/d6a3e131ad4ba064,"Jan 13, 1989",38%,0%,3.56,3.77,53%,0.00,33%,0.0,13,3,0
http://ufcstats.com/fighter-details/e20ad078a7d63361,"Jul 23, 1991",78%,50%,4.62,1.86,50%,4.47,60%,1.1,5,1,0
http://ufcstats.com/fighter-details/25b31165758402dd,"Feb 28, 1982",52%,0%,5.73,5.00,69%,0.00,100%,0.0,12,3,0
http://ufcstats.com/fighter-details/dbd198f780286aca,"Oct 04, 1998",50%,0%,1.09,7.64,50%,0.00,0%,0.0,1,4,0
http://ufcstats.com/fighter-details/cc49ada1ea955b13,"Dec 28, 1994",48%,0%,5.49,14.27,43%,0.00,0%,0.0,16,7,0
http://ufcstats.com/fighter-details/031da10a00c8ccd4,"Jan 21, 1997",35%,35%,1.73,4.23,51%,3.17,71%,0.6,16,7,1
http://ufcstats.com/fighter-details/79ded75550efc139,"May 09, 1983",58%,41%,0.97,1.25,58%,2.54,60%,4.0,39,7,0
http://ufcstats.com/fighter-details/0c1a04afca64e38f,"Jun 19, 1983",40%,0%,1.35,11.50,32%,0.00,33%,0.0,15,7,0
http://ufcstats.com/fighter-details/1ccff7f0cfdf85eb,"Aug 26, 1977",0%,0%,0.00,0.54,81%,0.00,0%,8.1,10,3,0
http://ufcstats.com/fighter-details/269d103c96a4c3a5,"Oct 05, 1979",27%,0%,8.79,10.29,39%,0.00,0%,0.0,15,15,5
http://ufcstats.com/fighter-details/d25e39e74efb0a77,"Oct 15, 1981",46%,0%,1.53,2.73,51%,0.00,50%,1.0,15,7,0
http://ufcstats.com/fighter-details/9c9455912d917e4e,"Mar 06, 1985",0%,0%,0.00,0.00,0%,0.00,0%,0.0,7,4,0
http://ufcstats.com/fighter-details/db3c4a884d704efe,"Jan 29, 1993",0%,0%,0.00,0.00,0%,0.00,0%,0.0,0,0,0
http://ufcstats.com/fighter-details/90063913321e7670,--,0%,0%,0.00,0.00,0%,0.00,0%,0.0,5,0,0
http://ufcstats.com/fighter-details/e0e1801e8721af17,"Dec 07, 1998",43%,50%,5.07,5.40,47%,1.00,60%,0.0,10,2,2
http://ufcstats.com/fighter-details/9a7ffa80766caa51,"Sep 11, 1989",44%,0%,1.84,8.97,43%,0.00,50%,0.0,6,1,0
http://ufcstats.com/fighter-details/30ad2050273d016a,--,0%,0%,0.00,0.00,0%,0.00,0%,0.0,5,2,0
http://ufcstats.com/fighter-details/05fbfe628658c538,"Jul 17, 1978",48%,48%,1.66,1.15,57%,2.41,58%,1.2,14,5,0
http://ufcstats.com/fighter-details/a90c200c3fbb22c4,"Jun 06, 1996",68%,100%,8.92,6.49,38%,12.16,0%,0.0,6,1,0
http://ufcstats.com/fighter-details/770b9d4813c25902,"May 28, 1975",34%,75%,1.56,1.63,56%,3.05,37%,1.0,7,3,0
http://ufcstats.com/fighter-details/2dea80c069847321,"Dec 23, 1970",10%,0%,0.06,2.45,32%,0.00,0%,0.0,1,1,0
http://ufcstats.com/fighter-details/91e3388e69060e69,--,36%,0%,3.20,1.92,65%,0.00,40%,0.0,3,1,0
http://ufcstats.com/fighter-details/a373085066dbfb54,"Dec 27, 1989",61%,0%,7.27,6.80,28%,0.00,100%,0.0,14,5,0
http://ufcstats.com/fighter-details/d26a0988c9dc9886,"Jan 14, 1992",0%,0%,0.00,0.00,0%,0.00,0%,0.0,11,3,1
http://ufcstats.com/fighter-details/8be9deb7d6b36354,"Jul 31, 1992",0%,0%,0.00,0.00,0%,0.00,0%,0.0,7,6,0
http://ufcstats.com/fighter-details/2abc414136504554,"Aug 19, 1994",0%,0%,0.00,0.00,0%,0.00,0%,0.0,11,1,0
http://ufcstats.com/fighter-details/ff222167cce02919,"May 23, 1992",43%,50%,1.27,3.20,36%,2.00,66%,1.0,8,4,0
http://ufcstats.com/fighter-details/fd7acf42bd6e7e95,"Mar 12, 1979",41%,33%,0.87,3.14,49%,1.00,0%,0.0,17,1,0
http://ufcstats.com/fighter-details/4d3b08ab127c7585,"Mar 28, 1992",0%,0%,0.00,0.00,0%,0.00,0%,0.0,6,2,0
http://ufcstats.com/fighter-details/956dcac65e7b34d6,"Jul 07, 1981",25%,0%,3.33,10.00,57%,0.00,0%,0.0,2,1,0
http://ufcstats.com/fighter-details/8753e125f4499816,"Jun 30, 1983",47%,80%,2.34,3.36,43%,2.37,50%,1.8,8,7,0
http://ufcstats.com/fighter-details/ba5c6eeb8ef45f5c,"May 17, 1982",0%,0%,0.00,0.00,0%,0.00,0%,0.0,18,15,0
http://ufcstats.com/fighter-details/033d19259f589457,"Dec 29, 1988",0%,0%,0.00,0.00,0%,0.00,0%,0.0,13,5,0
http://ufcstats.com/fighter-details/da603332ad41f165,"Jun 07, 1983",26%,16%,2.13,1.87,60%,0.50,100%,0.5,20,9,0
http://ufcstats.com/fighter-details/26387c19f32dda0f,"Aug 20, 1988",25%,0%,0.83,5.00,33%,0.00,0%,0.0,10,5,0
http://ufcstats.com/fighter-details/063649e21bc9d6d5,"Jun 10, 1976",39%,50%,2.16,2.76,57%,1.07,45%,0.3,15,10,0
http://ufcstats.com/fighter-details/9bcfb40dbcd50568,"Jun 25, 1981",45%,11%,0.76,1.97,27%,2.28,0%,0.0,17,9,1
http://ufcstats.com/fighter-details/968764372c49eab6,--,0%,0%,0.00,0.00,0%,0.00,0%,0.0,13,3,0
http://ufcstats.com/fighter-details/8f313e9c3a39c06e,"Sep 12, 1997",45%,66%,4.02,4.83,61%,1.34,100%,0.0,10,1,1
http://ufcstats.com/fighter-details/34dbcd4dbaf21a36,--,40%,100%,1.74,0.29,0%,4.35,0%,4.3,6,3,0
http://ufcstats.com/fighter-details/898337ef520fe4d3,"Oct 13, 1985",52%,50%,1.78,2.83,45%,0.44,37%,0.9,18,5,0
http://ufcstats.com/fighter-details/371efa53bd0cf669,--,0%,0%,0.00,0.00,0%,0.00,0%,0.0,23,3,0
http://ufcstats.com/fighter-details/e626e92a8f2a9737,"Mar 31, 1992",33%,20%,1.40,2.73,50%,2.00,66%,0.0,23,4,0
http://ufcstats.com/fighter-details/3497f4c29654862c,"Oct 23, 1992",75%,0%,2.31,1.54,60%,0.00,0%,0.0,7,1,0
http://ufcstats.com/fighter-details/4c4b44e3cf5815b3,"Dec 07, 1990",47%,0%,4.20,1.15,66%,0.00,100%,1.9,5,5,0
http://ufcstats.com/fighter-details/c50ea21fe9ef478d,--,0%,0%,0.00,0.00,0%,0.00,0%,0.0,2,1,0
http://ufcstats.com/fighter-details/06dced58ca24a6bd,"Jan 25, 1982",33%,0%,4.03,8.46,34%,0.00,0%,0.0,9,3,1
http://ufcstats.com/fighter-details/d4baaa0630bf5798,"Aug 09, 1997",40%,0%,3.64,4.55,66%,0.00,0%,0.0,7,1,0
http://ufcstats.com/fighter-details/c06a5c95f1169c0b,"May 28, 1982",34%,16%,0.57,3.02,39%,1.08,40%,0.0,14,5,0
http://ufcstats.com/fighter-details/78a5eea49638685d,--,29%,100%,2.86,8.93,51%,5.36,100%,5.4,11,2,0
http://ufcstats.com/fighter-details/e575b6ff678c1aca,"Feb 09, 1987",38%,0%,2.32,1.55,67%,0.00,60%,0.0,6,2,1
http://ufcstats.com/fighter-details/91e69a1c3c87325b,"Oct 25, 1987",0%,0%,0.00,0.00,0%,0.00,0%,0.0,2,3,0
http://ufcstats.com/fighter-details/c32eab6c2119e989,--,0%,0%,0.00,0.00,0%,0.00,0%,0.0,0,1,0
http://ufcstats.com/fighter-details/e6015889f50075d2,--,0%,0%,0.00,0.00,0%,0.00,0%,0.0,4,8,0
http://ufcstats.com/fighter-details/d26394fc0e8e880a,"Mar 22, 1976",0%,0%,0.00,8.22,31%,0.00,100%,0.0,2,2,0
http://ufcstats.com/fighter-details/2c733e059462c1dc,--,0%,0%,0.00,0.00,0%,0.00,0%,0.0,0,4,0
http://ufcstats.com/fighter-details/29508aff4d93cbbe,"Sep 07, 1979",0%,0%,0.00,0.00,0%,0.00,0%,0.0,6,7,0
http://ufcstats.com/fighter-details/e1f8beeb6d2d871a,"Dec 29, 2000",41%,27%,4.20,3.50,44%,1.56,100%,0.5,10,2,0
http://ufcstats.com/fighter-details/3a6ac598320ca7f2,"Nov 05, 1989",0%,0%,0.00,5.77,28%,0.00,0%,0.0,7,2,0
http://ufcstats.com/fighter-details/74f13066b1417ef3,"Jan 19, 1979",29%,0%,1.27,2.53,50%,0.00,0%,0.0,16,15,0
http://ufcstats.com/fighter-details/4fd76e7ba8313457,--,31%,0%,4.57,3.83,58%,0.00,66%,0.0,5,2,0
http://ufcstats.com/fighter-details/b5a379583673510a,"Dec 20, 1992",39%,50%,1.01,5.82,26%,1.68,0%,0.0,13,6,0
http://ufcstats.com/fighter-details/93bf96be327fcd98,"Feb 06, 1970",51%,66%,0.80,0.00,100%,3.43,100%,2.6,13,3,0
http://ufcstats.com/fighter-details/ce05955c26c3c090,"Sep 11, 1984",35%,0%,6.37,8.54,52%,0.00,0%,0.0,6,7,0
http://ufcstats.com/fighter-details/b16a7e6a627e9789,"Mar 29, 1985",38%,42%,2.17,1.64,69%,2.49,41%,0.9,24,13,1
http://ufcstats.com/fighter-details/babc6b5745335f18,"Feb 05, 1979",55%,23%,1.98,1.61,54%,2.10,64%,0.3,24,3,0
http://ufcstats.com/fighter-details/d6ed764f8b78d32a,"Nov 23, 1995",40%,0%,1.80,7.73,34%,0.00,25%,2.0,7,2,1
http://ufcstats.com/fighter-details/a71feb7ea7592a71,"Jul 03, 1966",0%,0%,0.00,3.32,53%,0.00,0%,0.0,1,2,0
http://ufcstats.com/fighter-details/6104730621ff318d,"Feb 15, 1979",0%,0%,0.00,2.40,57%,0.00,100%,0.0,14,11,1
http://ufcstats.com/fighter-details/8dc4f34c1f50d00d,"Nov 23, 1979",39%,100%,1.39,1.35,64%,2.02,36%,2.0,30,33,2
http://ufcstats.com/fighter-details/c3ac8d0da7b05772,--,40%,100%,2.90,5.80,43%,1.50,100%,0.0,11,14,0
http://ufcstats.com/fighter-details/7030c27fc9778964,"May 08, 1994",54%,60%,4.53,4.53,65%,6.00,0%,0.0,7,1,0
http://ufcstats.com/fighter-details/a30f6d375dea5f9b,"Mar 12, 1982",0%,0%,0.00,0.00,100%,0.00,0%,0.0,11,4,0
http://ufcstats.com/fighter-details/a25f3dc0df974597,"Jul 14, 1974",0%,0%,0.00,0.00,0%,0.00,0%,0.0,3,5,3
http://ufcstats.com/fighter-details/592d23aed850e652,"Nov 30, 1982",0%,0%,0.00,0.00,0%,0.00,0%,0.0,10,6,0
http://ufcstats.com/fighter-details/aa8189053b3a8994,"Jun 26, 1989",75%,0%,4.56,1.27,28%,0.00,0%,0.0,8,0,0
http://ufcstats.com/fighter-details/2891c9f7b26b26fc,"Nov 24, 1973",52%,100%,2.78,2.78,37%,4.17,50%,4.2,6,1,1
http://ufcstats.com/fighter-details/0b935b9bbbe5fc07,"Oct 25, 1987",12%,0%,0.27,6.27,28%,0.00,0%,0.0,15,14,1
http://ufcstats.com/fighter-details/66766984842c13dc,"Jul 05, 1983",36%,40%,1.76,4.62,47%,5.47,0%,2.7,17,12,1
http://ufcstats.com/fighter-details/8ba8e8d7eafa7267,"Sep 29, 1989",46%,28%,4.40,6.80,67%,2.00,0%,1.0,5,1,0
http://ufcstats.com/fighter-details/e05f4ce199baca91,"Jul 16, 1988",29%,0%,6.15,10.00,43%,0.00,0%,0.0,10,4,0
http://ufcstats.com/fighter-details/a524710c3ef918fa,"Mar 10, 1980",0%,0%,0.00,0.00,0%,0.00,0%,0.0,7,5,0
http://ufcstats.com/fighter-details/ebbf571f349e79d9,"May 22, 1990",60%,0%,3.71,3.36,57%,0.00,100%,0.0,9,1,1
http://ufcstats.com/fighter-details/b3b6e80b7d5f8f0d,"Nov 14, 1977",62%,0%,1.60,7.06,35%,0.00,50%,0.0,11,2,0
http://ufcstats.com/fighter-details/53f02bbc41d99432,--,0%,0%,0.00,0.00,0%,0.00,0%,0.0,7,9,1
http://ufcstats.com/fighter-details/8a22c6b4d29880a3,"Jun 05, 1987",46%,0%,9.35,14.83,35%,0.00,0%,0.0,7,4,0
http://ufcstats.com/fighter-details/7b4ae3fd439a05b6,"Jun 05, 1995",51%,37%,3.91,4.56,33%,2.41,100%,0.0,10,3,0
http://ufcstats.com/fighter-details/a653cb5eb4b39339,"May 22, 1991",16%,0%,0.29,0.57,33%,0.00,0%,0.0,14,7,0
http://ufcstats.com/fighter-details/dd6ec6f941c3a414,"Oct 12, 1994",66%,33%,4.15,1.51,46%,14.15,0%,0.0,14,4,0
http://ufcstats.com/fighter-details/27ab7257bf6a3b65,"Apr 05, 1991",0%,0%,0.00,0.00,0%,0.00,0%,0.0,7,1,0
http://ufcstats.com/fighter-details/619d807fa54ae8f7,--,0%,0%,0.00,0.00,0%,0.00,0%,0.0,3,3,0
http://ufcstats.com/fighter-details/0e5c79b3594ff0ad,"Aug 16, 1993",49%,33%,3.70,3.13,55%,4.00,42%,0.0,5,1,0
http://ufcstats.com/fighter-details/0f4a536507f33576,"Oct 14, 1998",39%,0%,4.31,5.39,55%,0.00,100%,0.0,7,4,0
http://ufcstats.com/fighter-details/ebf298f8ac7e232b,--,0%,0%,0.00,0.00,0%,0.00,0%,0.0,2,0,0
http://ufcstats.com/fighter-details/35d6337320a4ae48,"Apr 11, 1983",43%,0%,2.31,2.10,43%,0.00,55%,0.6,9,6,0
http://ufcstats.com/fighter-details/2d85fcb4468c30d7,"Mar 29, 1996",48%,87%,2.97,1.90,63%,3.50,72%,0.5,24,8,0
http://ufcstats.com/fighter-details/046a85108610c0d2,"Feb 29, 1988",0%,0%,0.00,52.50,12%,0.00,0%,0.0,3,1,0
http://ufcstats.com/fighter-details/1afd74f8cb0719f3,--,0%,0%,0.00,0.00,0%,0.00,0%,0.0,0,2,0
http://ufcstats.com/fighter-details/53c21779d84ceb75,--,0%,0%,0.00,0.00,0%,0.00,0%,0.0,6,6,0
http://ufcstats.com/fighter-details/70a1c7626b5e0599,--,0%,0%,0.00,0.00,0%,0.00,0%,0.0,8,5,0
http://ufcstats.com/fighter-details/d227958e8a0c1466,"May 27, 1977",42%,0%,2.47,2.80,53%,0.00,0%,0.0,25,11,2
http://ufcstats.com/fighter-details/3f773caad71c4131,"Dec 25, 2002",29%,0%,3.26,7.83,52%,0.00,0%,0.0,6,1,0
http://ufcstats.com/fighter-details/9d455d5cfe6a0e35,--,52%,0%,7.27,7.27,45%,0.00,0%,0.0,8,4,0
http://ufcstats.com/fighter-details/8691881b31c16b88,--,51%,0%,3.35,2.04,62%,0.00,0%,1.8,5,2,2
http://ufcstats.com/fighter-details/702a72aa7a266d86,"Oct 20, 1972",33%,0%,0.62,12.62,10%,0.00,0%,0.0,16,3,1
http://ufcstats.com/fighter-details/d311fbefff44a39b,--,12%,0%,0.47,0.47,94%,0.00,0%,0.0,4,4,0
http://ufcstats.com/fighter-details/0313bf497de9c470,"May 18, 1964",0%,0%,0.00,0.00,0%,0.00,0%,0.0,1,1,0
http://ufcstats.com/fighter-details/3c85e04b08a05751,"May 24, 1988",0%,0%,0.00,0.00,0%,0.00,0%,0.0,7,1,0
http://ufcstats.com/fighter-details/b8fdb2903a2582a8,"Jul 18, 1996",0%,0%,0.00,1.94,33%,0.00,0%,0.0,3,1,0
http://ufcstats.com/fighter-details/239224bedeb2c7a4,--,0%,0%,0.00,0.00,0%,0.00,0%,0.0,6,3,0
http://ufcstats.com/fighter-details/545d549d6bf87187,"Sep 28, 1968",0%,0%,0.00,1.05,77%,0.00,0%,0.0,0,1,0
http://ufcstats.com/fighter-details/d5e929c26f25f0d3,"Nov 13, 1996",47%,0%,2.00,1.67,65%,0.00,100%,0.0,7,0,0
http://ufcstats.com/fighter-details/59851163aaf1aed8,"Mar 23, 1978",21%,0%,0.27,1.53,36%,0.00,50%,0.0,5,4,0
http://ufcstats.com/fighter-details/2aaf0181432adf0b,--,0%,0%,0.00,0.00,0%,0.00,0%,0.0,14,8,0
http://ufcstats.com/fighter-details/611b9c068c9e2c44,--,0%,0%,0.00,0.00,0%,0.00,0%,0.0,1,4,0
http://ufcstats.com/fighter-details/dfdd0c5dd0d4bc23,"Nov 25, 1968",0%,0%,0.00,0.00,0%,0.00,0%,0.0,10,16,1
http://ufcstats.com/fighter-details/38b1417ec17072da,--,0%,0%,0.00,0.00,0%,0.00,0%,0.0,3,2,0
http://ufcstats.com/fighter-details/5488b3c67600333a,"Dec 22, 1993",57%,0%,2.73,2.05,40%,0.00,0%,0.0,9,5,0
http://ufcstats.com/fighter-details/a95a0504fd73bd3e,--,0%,0%,0.00,0.00,0%,0.00,0%,0.0,2,6,0
http://ufcstats.com/fighter-details/8a0a35e7c74bebcc,"Nov 17, 1976",42%,0%,2.43,4.86,57%,0.00,0%,0.0,9,11,0
http://ufcstats.com/fighter-details/4a191f4ea2fce7fc,"Jan 10, 1989",0%,0%,0.00,7.83,29%,0.00,0%,0.0,3,1,0
http://ufcstats.com/fighter-details/1433786ac76cf777,--,25%,50%,0.43,1.73,50%,19.42,100%,0.0,0,1,0
http://ufcstats.com/fighter-details/3c99bd6cb5d835ef,"Mar 24, 1994",45%,0%,7.65,8.05,33%,0.00,100%,0.0,13,3,0
http://ufcstats.com/fighter-details/edae6db2b3453632,"Jul 03, 1996",25%,0%,2.86,8.57,40%,0.00,75%,0.0,5,2,0
http://ufcstats.com/fighter-details/dc63542668295c23,--,0%,0%,0.00,0.00,0%,0.00,0%,0.0,7,4,0
http://ufcstats.com/fighter-details/37ce890a4670b287,--,0%,0%,0.00,0.00,0%,0.00,0%,0.0,0,1,0
http://ufcstats.com/fighter-details/e319d6697d41f3cf,--,46%,100%,2.21,3.50,66%,1.38,50%,0.0,3,9,0
http://ufcstats.com/fighter-details/106a925d947a0de9,--,0%,0%,0.00,6.67,36%,0.00,0%,0.0,0,1,0
http://ufcstats.com/fighter-details/11547e29f253fb89,"Apr 01, 1996",43%,0%,3.07,3.27,25%,0.00,36%,0.0,11,1,0
http://ufcstats.com/fighter-details/3a97fda0de6f1fa4,"Nov 27, 1977",20%,0%,0.60,3.53,55%,0.00,50%,0.0,13,8,0
http://ufcstats.com/fighter-details/b07f14fc0e53f8bd,"Mar 26, 1997",52%,33%,5.95,6.19,53%,0.60,55%,1.2,20,6,0
http://ufcstats.com/fighter-details/06dd61c8d545c63f,"Mar 09, 1999",0%,0%,0.00,0.00,0%,0.00,0%,0.0,7,1,0
http://ufcstats.com/fighter-details/2833f50b20e96e52,"May 09, 1978",39%,40%,1.46,2.81,44%,1.56,50%,0.0,11,6,0
http://ufcstats.com/fighter-details/aa571d75f80fde7d,--,0%,0%,0.00,0.00,0%,0.00,0%,0.0,16,6,0
http://ufcstats.com/fighter-details/df3c39573d01f55b,"Jan 05, 1979",34%,0%,1.13,2.54,37%,0.00,33%,0.0,18,9,1
http://ufcstats.com/fighter-details/0974d8d4053a7237,"Oct 04, 1974",0%,0%,0.00,0.00,0%,0.00,0%,0.0,5,3,0
http://ufcstats.com/fighter-details/52b3ec072ad497a4,"Jun 04, 1982",0%,0%,0.00,0.00,0%,0.00,0%,0.0,16,23,0
http://ufcstats.com/fighter-details/85df85a4e276c90e,"Apr 13, 1983",0%,0%,0.00,0.00,0%,0.00,0%,0.0,3,1,0
http://ufcstats.com/fighter-details/9e2624ac992660c6,--,0%,0%,0.00,0.00,0%,0.00,0%,0.0,10,1,0
http://ufcstats.com/fighter-details/880c6b788266a3ef,--,0%,0%,0.00,0.00,0%,0.00,0%,0.0,3,2,0
http://ufcstats.com/fighter-details/5f8e00c27b7e7410,"Jul 23, 1974",66%,0%,0.59,5.91,16%,0.00,33%,0.0,7,3,0
http://ufcstats.com/fighter-details/3b17353b8002c7d0,"Oct 18, 1985",59%,0%,10.56,10.56,13%,0.00,0%,0.0,5,2,0
http://ufcstats.com/fighter-details/6bbb8dc6e128779e,"Sep 27, 1984",0%,0%,0.00,0.00,0%,0.00,0%,0.0,17,8,0
http://ufcstats.com/fighter-details/3feed7d02711d8b7,"Mar 19, 1982",28%,0%,1.49,3.24,54%,0.00,33%,0.0,12,11,0
http://ufcstats.com/fighter-details/dcdc4503b9d49977,"Jul 04, 1983",74%,57%,2.42,1.18,47%,3.60,83%,0.0,10,2,0
http://ufcstats.com/fighter-details/b98209144b63ae26,"Aug 08, 1974",52%,0%,0.65,0.95,53%,0.00,0%,3.4,13,4,0
http://ufcstats.com/fighter-details/a72d260b436924c4,"Dec 23, 1972",0%,0%,0.00,0.00,0%,0.00,0%,0.0,5,2,0
http://ufcstats.com/fighter-details/c0342805a1948cbb,"Oct 12, 1986",14%,0%,0.71,0.00,100%,0.00,0%,0.0,0,1,0
http://ufcstats.com/fighter-details/9900ab86a4c458bd,"May 21, 1981",0%,0%,0.00,0.00,0%,0.00,0%,0.0,6,4,0
http://ufcstats.com/fighter-details/6e9af164ab91a229,"Mar 19, 1983",0%,0%,0.00,1.55,55%,0.00,50%,0.0,7,3,0
http://ufcstats.com/fighter-details/dadd80ef954e54ed,"May 19, 1997",40%,0%,1.24,3.09,61%,0.00,100%,9.3,6,1,0
http://ufcstats.com/fighter-details/1e092415a7eeaf65,"May 15, 1978",48%,0%,2.40,5.73,32%,0.00,100%,0.0,8,10,0
http://ufcstats.com/fighter-details/2213330f082f82d5,"Jun 09, 1980",0%,0%,0.00,0.00,0%,0.00,0%,0.0,1,0,3
http://ufcstats.com/fighter-details/8fc30d8cebb17116,"Jan 06, 1991",0%,0%,0.00,0.00,0%,0.00,0%,0.0,9,0,0
http://ufcstats.com/fighter-details/f0c779dc2ca3816c,--,64%,66%,6.35,2.31,55%,17.31,0%,0.0,5,2,0
http://ufcstats.com/fighter-details/51b1ca2a4b064101,--,0%,0%,0.00,0.00,0%,0.00,0%,0.0,5,3,0
http://ufcstats.com/fighter-details/f273f1b8df04c8a1,"Jun 02, 1987",59%,0%,2.61,6.22,35%,0.00,100%,0.0,5,3,0
http://ufcstats.com/fighter-details/30e39145fec48d25,"Oct 23, 1984",40%,50%,1.82,2.73,25%,13.64,0%,0.0,10,2,0
http://ufcstats.com/fighter-details/e2d5072048b825b1,--,0%,0%,0.00,0.00,0%,0.00,0%,0.0,1,4,0
http://ufcstats.com/fighter-details/6b8fd98eb52363d1,--,14%,0%,2.09,6.69,36%,0.00,50%,0.0,3,3,0
http://ufcstats.com/fighter-details/f941505e35fb1eae,"Jan 04, 1984",45%,0%,4.69,0.94,91%,0.00,100%,14.1,9,2,1
http://ufcstats.com/fighter-details/87f0b37f153cf497,"Jul 17, 1990",0%,0%,0.00,0.00,0%,0.00,0%,0.0,5,3,0
http://ufcstats.com/fighter-details/601f8439a0277670,"Feb 19, 2004",0%,0%,0.00,0.00,0%,0.00,0%,0.0,9,1,0
http://ufcstats.com/fighter-details/ce7871949b0ed2bf,--,66%,0%,1.21,0.61,0%,0.00,0%,0.0,18,13,0
http://ufcstats.com/fighter-details/8c457cf7da551d4b,"Apr 01, 1992",62%,0%,4.80,6.72,48%,0.00,0%,0.0,8,3,0
http://ufcstats.com/fighter-details/90d28fee0af74f2d,--,0%,0%,0.00,0.00,0%,0.00,0%,0.0,5,1,0
http://ufcstats.com/fighter-details/800feaa25700a85f,"Oct 10, 1982",0%,0%,0.00,0.00,0%,0.00,0%,0.0,16,2,0
http://ufcstats.com/fighter-details/8661578c8bb80f51,"May 22, 1996",41%,0%,4.80,15.67,39%,0.00,0%,0.0,6,2,0
http://ufcstats.com/fighter-details/7d4d7583df7eebf9,"Feb 10, 1996",42%,33%,4.85,4.98,33%,3.93,0%,0.0,6,3,0
http://ufcstats.com/fighter-details/b7dc25ee40ee8334,"Dec 19, 1987",34%,66%,0.85,0.57,60%,3.41,100%,0.8,10,1,0
http://ufcstats.com/fighter-details/53d471e9bf5f2fc8,"May 21, 1991",0%,0%,0.00,0.00,0%,0.00,0%,0.0,6,0,0
http://ufcstats.com/fighter-details/dfb965c9824425db,"Mar 10, 1972",17%,0%,0.31,5.00,42%,0.00,0%,0.0,13,19,3
http://ufcstats.com/fighter-details/71d25689f70e4036,"Dec 15, 1992",38%,0%,4.08,8.16,6%,0.00,0%,0.0,6,1,0
http://ufcstats.com/fighter-details/4a99978a0366bb29,--,0%,0%,0.00,0.00,0%,0.00,0%,0.0,11,4,0
http://ufcstats.com/fighter-details/f5585e675af7afd4,"Nov 15, 1982",26%,100%,1.40,1.40,63%,5.26,0%,0.0,13,4,0
http://ufcstats.com/fighter-details/d060014a5a039829,--,0%,0%,0.00,0.00,0%,0.00,0%,0.0,3,3,0
http://ufcstats.com/fighter-details/903ef36a6adc09a3,"Jun 26, 1994",53%,10%,5.40,2.51,60%,0.94,50%,0.0,16,7,0
http://ufcstats.com/fighter-details/aa8dc72b3a1f761c,"Apr 01, 1988",23%,0%,2.41,10.34,44%,0.00,0%,0.0,19,6,0
http://ufcstats.com/fighter-details/23fbe02caabcd214,"Apr 24, 1989",42%,53%,1.67,3.87,52%,8.00,0%,5.0,6,0,0
http://ufcstats.com/fighter-details/03da33a102d9a45f,"Jul 02, 1964",10%,0%,0.78,4.68,62%,0.00,0%,0.0,0,1,0
http://ufcstats.com/fighter-details/23100e8f71f25a4a,--,0%,0%,0.00,0.00,0%,0.00,0%,0.0,1,10,0
http://ufcstats.com/fighter-details/6750e338922a099d,"Feb 08, 1969",16%,0%,3.16,12.63,0%,0.00,0%,0.0,10,10,0
http://ufcstats.com/fighter-details/83b8fe74224dd642,"Dec 27, 1996",0%,0%,0.00,0.00,0%,0.00,0%,0.0,6,0,0
http://ufcstats.com/fighter-details/bd81a97864acf098,"Jun 05, 1992",50%,8%,2.93,4.07,29%,1.00,100%,1.0,6,1,0
http://ufcstats.com/fighter-details/899eaba48fa864a6,"Apr 16, 1982",47%,66%,4.50,2.66,64%,1.24,85%,1.6,7,1,0
http://ufcstats.com/fighter-details/155a02a8b4311057,"May 25, 1977",23%,0%,0.77,1.20,59%,0.00,72%,0.0,9,5,0
http://ufcstats.com/fighter-details/e5512a6aed150d8f,--,47%,0%,2.27,1.47,59%,0.00,100%,0.0,7,5,0
http://ufcstats.com/fighter-details/f6a7b02c42e9fc5b,"Jul 09, 1976",50%,0%,2.47,2.00,57%,0.00,11%,2.5,8,5,0
http://ufcstats.com/fighter-details/99a86b134dccc166,--,0%,0%,0.00,0.00,0%,0.00,0%,0.0,4,1,0
http://ufcstats.com/fighter-details/cbd022eaf2ac546a,--,0%,0%,0.00,0.00,0%,0.00,0%,0.0,4,2,0
http://ufcstats.com/fighter-details/f59a6de8a5dfe297,--,30%,0%,1.44,7.68,43%,0.00,66%,0.0,10,7,0
http://ufcstats.com/fighter-details/b80ea4880f25c187,"Jul 24, 1987",50%,0%,0.59,6.90,12%,0.00,0%,0.0,7,1,0
http://ufcstats.com/fighter-details/89ed44801968b8e3,--,37%,0%,4.15,1.53,80%,0.00,100%,0.0,7,0,0
http://ufcstats.com/fighter-details/9346efb4bbaedd08,--,0%,0%,0.00,0.00,0%,0.00,0%,0.0,11,16,0
http://ufcstats.com/fighter-details/572a89dbe1f76761,--,61%,0%,7.62,10.48,43%,0.00,100%,0.0,16,14,0
http://ufcstats.com/fighter-details/0d49ddc07bd8c747,--,0%,0%,0.00,0.00,0%,0.00,0%,0.0,11,7,0
http://ufcstats.com/fighter-details/1e3302f9ab6f549a,--,66%,0%,0.62,6.22,23%,0.00,0%,0.0,4,2,0
http://ufcstats.com/fighter-details/1f592bfefb0d62a3,"May 26, 1994",38%,66%,0.80,3.33,29%,6.00,0%,2.0,10,1,0
http://ufcstats.com/fighter-details/456c02115efc4a01,"Jun 07, 1982",45%,0%,0.60,0.93,53%,0.00,66%,4.0,10,5,0
http://ufcstats.com/fighter-details/620d8710e89cfeae,"Jul 27, 1986",50%,40%,1.94,1.84,54%,2.77,70%,0.0,14,1,0
http://ufcstats.com/fighter-details/3993f7dcb7caf42a,--,72%,66%,5.42,0.68,33%,10.17,0%,0.0,10,4,0
http://ufcstats.com/fighter-details/ec7ac09293d26c05,"Jun 10, 1980",27%,0%,0.74,3.42,54%,0.00,100%,0.0,20,14,2
http://ufcstats.com/fighter-details/2b1c6f28039efe36,"Jan 19, 1988",55%,0%,4.17,10.83,23%,0.00,0%,0.0,9,1,0
http://ufcstats.com/fighter-details/a0a69dc9914ef6e1,--,0%,0%,0.00,0.00,0%,0.00,0%,0.0,3,2,0
http://ufcstats.com/fighter-details/feeae92f951f49a9,--,48%,0%,1.47,3.27,60%,0.00,0%,0.0,7,1,0
http://ufcstats.com/fighter-details/e680418329c84ec4,"May 05, 1982",56%,100%,3.24,2.01,57%,1.68,100%,0.0,1,0,0
http://ufcstats.com/fighter-details/6ca68b636fbc1f18,--,100%,0%,0.39,0.77,33%,0.00,0%,0.0,4,2,0
http://ufcstats.com/fighter-details/2a74bbba57058f12,"Jul 06, 1983",35%,36%,1.98,3.11,51%,1.25,66%,1.1,21,10,1
http://ufcstats.com/fighter-details/9c3de7f8966326de,"Oct 10, 1997",50%,75%,5.11,3.43,51%,2.71,66%,0.0,14,2,0
http://ufcstats.com/fighter-details/f21a152aaa3e95c6,"Nov 24, 1995",48%,50%,2.90,2.69,62%,1.61,0%,0.0,7,2,0
http://ufcstats.com/fighter-details/025c1ee70b2cedf4,"Jan 25, 1995",29%,0%,6.89,29.51,37%,0.00,0%,0.0,14,4,0
http://ufcstats.com/fighter-details/fdf59144e535bc38,"Dec 15, 1984",0%,0%,0.00,0.00,0%,0.00,0%,0.0,5,2,0
http://ufcstats.com/fighter-details/70186298465de3f3,"Dec 31, 1999",27%,50%,2.86,3.03,58%,4.20,100%,0.8,12,2,0
http://ufcstats.com/fighter-details/62f3039da2f92a8c,"Nov 23, 1995",41%,60%,3.46,3.38,57%,3.38,84%,0.0,15,3,0
http://ufcstats.com/fighter-details/32a4f1235f0dad73,"Sep 24, 1985",45%,0%,2.82,3.51,44%,0.00,31%,0.0,10,6,1
http://ufcstats.com/fighter-details/8061a3136026a673,"Feb 02, 1997",54%,37%,5.02,4.49,53%,1.42,62%,0.5,8,1,0
http://ufcstats.com/fighter-details/84e8920e59ff14a7,--,48%,50%,2.73,1.53,54%,3.00,0%,0.0,12,9,0
http://ufcstats.com/fighter-details/9c5f7d5c6d084b35,"Apr 03, 1986",0%,0%,0.00,0.00,0%,0.00,0%,0.0,10,2,0
http://ufcstats.com/fighter-details/c713a845360d604b,--,0%,0%,0.00,0.00,0%,0.00,0%,0.0,1,1,0
http://ufcstats.com/fighter-details/79a193111e3bc99b,"May 12, 1986",34%,50%,3.69,7.37,56%,5.03,0%,0.0,11,1,0
http://ufcstats.com/fighter-details/371a1c91b24dec2b,"Jun 27, 1970",49%,75%,1.55,3.65,44%,3.12,60%,1.0,12,6,0
http://ufcstats.com/fighter-details/2c104b7e59a72629,"Oct 30, 1980",26%,100%,1.32,1.46,36%,0.71,84%,0.0,4,5,0
http://ufcstats.com/fighter-details/3c4320a1b6106611,"Jul 24, 1998",50%,0%,2.85,2.46,51%,0.00,83%,0.0,9,0,0
http://ufcstats.com/fighter-details/d4a12dfa4067742f,--,16%,100%,0.85,3.41,66%,8.53,0%,0.0,8,4,0
http://ufcstats.com/fighter-details/f197ce0cbe69996d,"Sep 27, 1990",40%,0%,4.00,4.93,50%,0.00,60%,1.0,4,1,0
http://ufcstats.com/fighter-details/eaebaa6801338ea1,--,0%,0%,0.00,0.00,0%,0.00,0%,0.0,4,4,0
http://ufcstats.com/fighter-details/4e5bbc4566049cbf,"Oct 03, 1954",0%,0%,0.00,0.00,0%,0.00,0%,0.0,0,2,0
http://ufcstats.com/fighter-details/3f3550bf126a5721,--,0%,0%,0.00,5.88,16%,0.00,0%,0.0,2,6,0
http://ufcstats.com/fighter-details/42611508ba8c3298,"Feb 05, 1980",0%,0%,0.00,0.00,0%,0.00,0%,0.0,9,6,0
http://ufcstats.com/fighter-details/69108cb8b32efe04,--,56%,0%,5.80,2.90,59%,0.00,0%,0.0,10,14,0
http://ufcstats.com/fighter-details/8a64b3f87ad29d1e,"Aug 01, 1985",0%,0%,0.00,0.00,0%,0.00,0%,0.0,10,7,0
http://ufcstats.com/fighter-details/7ae36b3791e0969a,"Jul 07, 1992",58%,0%,11.51,20.55,35%,0.00,0%,0.0,5,1,0
http://ufcstats.com/fighter-details/a77c71a574132188,"Aug 15, 1977",0%,0%,0.00,0.00,0%,0.00,0%,0.0,1,1,0
http://ufcstats.com/fighter-details/8e32bfcff3ec1717,--,0%,0%,0.00,0.00,0%,0.00,0%,0.0,4,3,0
http://ufcstats.com/fighter-details/60098849c703e389,"Nov 06, 1997",59%,36%,4.13,2.90,57%,3.50,46%,0.0,9,2,0
http://ufcstats.com/fighter-details/dc6d8256ee3dfba5,"Aug 04, 1980",0%,0%,0.00,0.00,0%,0.00,0%,0.0,6,8,0
http://ufcstats.com/fighter-details/6dbb1107de9a4a08,"May 10, 1973",0%,0%,0.00,0.00,0%,0.00,0%,0.0,26,29,1
http://ufcstats.com/fighter-details/8fa7e0bc052185ce,"May 01, 1986",75%,33%,2.66,2.66,30%,4.43,0%,0.0,29,12,0
http://ufcstats.com/fighter-details/0b77a05bcbd2de74,"Mar 31, 1981",51%,30%,2.15,1.90,67%,0.82,41%,2.5,23,8,0
http://ufcstats.com/fighter-details/e90d9d0681270953,"Mar 03, 1972",0%,0%,0.00,0.00,0%,0.00,0%,0.0,7,5,0
http://ufcstats.com/fighter-details/a0c29b13f7a5df32,--,0%,0%,0.00,0.00,0%,0.00,0%,0.0,7,10,0
http://ufcstats.com/fighter-details/2eab7a6c8b0ed8cc,"Jan 06, 1971",20%,25%,0.57,8.33,27%,4.31,0%,4.3,16,25,0
http://ufcstats.com/fighter-details/1174782eacde9b0c,"Oct 01, 1976",55%,42%,3.50,2.14,48%,2.18,66%,0.0,20,10,1
http://ufcstats.com/fighter-details/cecd72feb0d640e3,"Apr 24, 1989",0%,0%,0.00,0.00,0%,0.00,0%,0.0,4,5,0
http://ufcstats.com/fighter-details/987b80f57190d6d0,"Nov 30, 1990",36%,0%,2.68,4.69,46%,0.00,0%,0.0,2,3,0
http://ufcstats.com/fighter-details/5d8a9c95af50280a,"Jan 09, 1995",60%,0%,2.45,3.59,26%,0.00,0%,0.0,10,4,0
http://ufcstats.com/fighter-details/ffb20ae0db47ebe6,"Jan 28, 1982",0%,0%,0.00,0.00,0%,0.00,0%,0.0,13,8,0
http://ufcstats.com/fighter-details/6b64db453edf4c50,"Nov 02, 1985",61%,33%,3.11,5.66,33%,0.52,50%,1.6,4,1,0
http://ufcstats.com/fighter-details/dfc7f0a2d91ad337,"Jun 21, 1986",0%,0%,0.00,0.00,0%,0.00,0%,0.0,11,1,0
http://ufcstats.com/fighter-details/a76c07e8e4c76e9a,"May 13, 1997",28%,0%,3.07,6.73,60%,0.00,0%,0.0,7,1,0
http://ufcstats.com/fighter-details/b4ebc1539a08054b,"Oct 27, 1999",40%,0%,2.73,9.09,41%,0.00,0%,0.0,10,3,0
http://ufcstats.com/fighter-details/c44530d3969134a3,"May 21, 1997",35%,0%,5.29,9.71,21%,0.00,100%,0.0,7,2,0
http://ufcstats.com/fighter-details/d450769115a193c2,"Mar 14, 1982",34%,14%,1.60,9.69,35%,1.84,0%,0.0,5,1,0
http://ufcstats.com/fighter-details/18f5669a92e99d92,"Jul 19, 1974",75%,0%,1.50,3.25,43%,0.00,0%,7.5,11,8,0
http://ufcstats.com/fighter-details/06d4eb8123087123,--,0%,0%,0.00,0.00,0%,0.00,0%,0.0,6,0,0
http://ufcstats.com/fighter-details/3ab0df1ddd5f1dc2,"Oct 07, 1981",49%,33%,1.72,2.40,46%,1.03,55%,2.1,13,13,0
http://ufcstats.com/fighter-details/e6daf9cdbf0da889,"Nov 07, 1979",0%,0%,0.00,0.00,0%,0.00,0%,0.0,10,12,0
http://ufcstats.com/fighter-details/fa238ecfd048f7d8,"Sep 08, 1982",47%,50%,2.30,3.18,54%,1.01,0%,0.0,13,5,0
http://ufcstats.com/fighter-details/5efaaf313b652dd7,"Nov 10, 1974",0%,0%,0.00,0.00,0%,0.00,0%,0.0,2,1,0
http://ufcstats.com/fighter-details/88ffe9745e218dd8,"Jul 02, 1987",0%,0%,0.00,0.00,0%,0.00,0%,0.0,23,12,0
http://ufcstats.com/fighter-details/78bd6940d093fd33,"May 05, 1984",0%,0%,0.00,0.00,0%,0.00,0%,0.0,2,1,0
http://ufcstats.com/fighter-details/1b51895e5572cfda,--,25%,0%,2.87,3.40,59%,0.00,40%,1.0,12,7,0
http://ufcstats.com/fighter-details/2b91eff985b532cd,"Aug 24, 1989",28%,0%,0.80,0.13,66%,0.00,25%,0.0,4,1,0
http://ufcstats.com/fighter-details/1f9344211ca7fd60,"May 18, 1978",34%,0%,2.02,5.41,53%,0.00,80%,0.4,17,9,0
http://ufcstats.com/fighter-details/fe67cd6423f7a8ad,"Jun 15, 1981",32%,0%,4.93,5.60,66%,0.00,66%,0.0,2,5,0
http://ufcstats.com/fighter-details/7cb0946d51b8cde7,--,41%,0%,4.12,5.84,55%,0.00,69%,0.0,13,3,0
http://ufcstats.com/fighter-details/1a7d44196949577c,"Jul 31, 1992",45%,11%,4.10,7.43,52%,1.50,100%,0.0,7,3,0
http://ufcstats.com/fighter-details/1267b631db78665a,--,0%,0%,0.00,0.00,0%,0.00,0%,0.0,5,0,0
http://ufcstats.com/fighter-details/d150c6fbdb7687f4,"Feb 18, 1981",0%,0%,0.00,0.00,0%,0.00,0%,0.0,1,13,0
http://ufcstats.com/fighter-details/222d6b547de2e035,"Nov 18, 1980",50%,0%,0.20,3.05,50%,0.00,0%,0.0,22,8,0
http://ufcstats.com/fighter-details/28877eddb1c0b967,--,0%,0%,0.00,0.00,0%,0.00,0%,0.0,7,1,0
http://ufcstats.com/fighter-details/c41cbb5bf944ca54,"Sep 19, 2000",54%,0%,7.36,9.62,50%,0.00,0%,0.0,8,2,0
http://ufcstats.com/fighter-details/f584a6e0b5b74604,"Oct 15, 1984",41%,0%,0.33,2.47,41%,0.00,60%,1.0,11,3,0
http://ufcstats.com/fighter-details/8112c9a23dccc759,"May 17, 1994",57%,0%,12.29,6.80,45%,0.00,75%,0.0,4,1,0
http://ufcstats.com/fighter-details/79ab17db3b40831a,"Feb 08, 1983",0%,0%,0.00,0.00,0%,0.00,0%,0.0,20,7,0
http://ufcstats.com/fighter-details/84c43f0d25f15b0b,"Dec 18, 1975",80%,0%,12.12,2.31,69%,0.00,0%,0.0,3,8,0
http://ufcstats.com/fighter-details/400c7b43c86d27d3,"Aug 04, 1969",0%,0%,0.00,0.00,0%,0.00,0%,0.0,3,4,0
http://ufcstats.com/fighter-details/a8c3ce469cb8b130,--,0%,0%,0.00,0.00,0%,0.00,0%,0.0,0,0,0
http://ufcstats.com/fighter-details/15dedd05f8bcb475,--,0%,0%,0.00,0.00,0%,0.00,0%,0.0,8,6,0
http://ufcstats.com/fighter-details/8944a0f9b2f0ce6d,--,0%,0%,0.00,0.00,0%,0.00,0%,0.0,0,1,0
http://ufcstats.com/fighter-details/923767209632e08a,"Oct 04, 1994",57%,12%,2.20,1.40,55%,1.00,66%,0.0,11,3,0
http://ufcstats.com/fighter-details/98601a40e9d96047,--,35%,38%,0.93,3.33,54%,5.00,0%,1.0,1,1,0
http://ufcstats.com/fighter-details/3aeb69b4a13ff0e8,--,0%,0%,0.00,0.00,0%,0.00,0%,0.0,6,1,0
http://ufcstats.com/fighter-details/e59b13321562eed3,"Mar 25, 1986",0%,0%,0.00,0.00,0%,0.00,0%,0.0,20,15,0
http://ufcstats.com/fighter-details/2f8f3c69522db931,"Apr 21, 1987",40%,52%,1.82,1.23,46%,4.01,0%,2.8,20,6,0
http://ufcstats.com/fighter-details/05e4be525cb3578c,--,60%,0%,0.43,4.34,45%,0.00,0%,2.2,12,0,0
http://ufcstats.com/fighter-details/46a17755f80f63e8,"Feb 04, 1993",30%,0%,0.60,3.01,34%,0.00,0%,0.0,8,2,0
http://ufcstats.com/fighter-details/305bde44ff664788,"Jun 24, 1993",75%,10%,3.33,4.94,20%,1.67,100%,0.0,4,2,0
http://ufcstats.com/fighter-details/eb49fe2f85ae9526,"Aug 31, 1999",17%,0%,2.43,14.22,34%,0.00,0%,0.0,8,1,0
http://ufcstats.com/fighter-details/b8b765e320a8db39,"Jan 18, 1995",39%,33%,1.40,6.07,34%,2.00,100%,0.0,6,2,0
http://ufcstats.com/fighter-details/d8291d0dd63da29c,"Aug 31, 1987",58%,62%,4.70,4.40,63%,2.50,66%,0.0,22,7,0
http://ufcstats.com/fighter-details/b8ff02d5703eca3a,"Nov 12, 1998",47%,13%,2.73,5.67,44%,2.00,50%,0.0,12,4,0
http://ufcstats.com/fighter-details/44a94bbde42246e4,"Feb 07, 1989",52%,0%,2.99,8.28,59%,0.00,0%,0.0,7,4,0
http://ufcstats.com/fighter-details/ac45450f75d14f16,"Dec 13, 1980",33%,0%,2.40,0.00,100%,0.00,100%,0.0,11,7,0
http://ufcstats.com/fighter-details/3b6d84343579fd33,"Mar 18, 1973",0%,0%,0.00,0.00,0%,0.00,0%,0.0,11,3,0
http://ufcstats.com/fighter-details/0d68c7bfdff1dc34,"Jun 20, 1995",22%,100%,0.27,0.93,48%,6.00,100%,0.0,8,1,0
http://ufcstats.com/fighter-details/1f8cd7634e8286ff,"Aug 25, 1996",28%,50%,1.09,1.64,25%,8.18,100%,8.2,7,1,0
http://ufcstats.com/fighter-details/d28bef63e7d8d536,"Sep 08, 1999",38%,0%,3.47,6.45,38%,0.00,0%,0.0,6,2,0
http://ufcstats.com/fighter-details/ddbd0d6259ce57cc,"Apr 05, 1978",0%,0%,0.00,1.85,50%,0.00,0%,0.0,30,19,2
http://ufcstats.com/fighter-details/6cd3dfc54f01287f,"Jul 19, 1977",69%,11%,1.20,3.27,25%,1.00,0%,0.0,4,3,1
http://ufcstats.com/fighter-details/6e9b5c74c0860deb,--,0%,0%,0.00,0.00,0%,0.00,0%,0.0,0,2,0
http://ufcstats.com/fighter-details/acd870570949d8a2,"Aug 30, 1990",23%,0%,1.67,4.17,37%,0.00,50%,0.0,10,3,1
http://ufcstats.com/fighter-details/033343da4c0cff8a,--,0%,0%,0.00,0.00,0%,0.00,0%,0.0,2,13,0
http://ufcstats.com/fighter-details/5f119b24c0f9679c,"Sep 01, 2000",52%,0%,4.99,6.73,38%,0.00,62%,0.0,8,4,0
http://ufcstats.com/fighter-details/fccb0fee256b7b4d,"Apr 29, 1980",0%,0%,0.00,2.61,38%,0.00,33%,3.0,0,1,0
http://ufcstats.com/fighter-details/55a80a9365bc107d,"Jun 14, 1978",0%,0%,0.00,0.00,0%,0.00,0%,0.0,5,5,0
http://ufcstats.com/fighter-details/859e0dafd04fe1ca,"May 27, 1995",0%,0%,0.00,0.00,0%,0.00,0%,0.0,8,0,0
http://ufcstats.com/fighter-details/676a2e5ec4d7338c,"Feb 03, 1989",60%,23%,3.33,3.00,60%,4.00,100%,0.0,20,4,0
http://ufcstats.com/fighter-details/d2fa318f34d0aadc,"Dec 18, 1986",51%,75%,3.43,2.62,67%,2.14,0%,0.0,13,6,0
http://ufcstats.com/fighter-details/42775dc893603154,"Nov 22, 1975",0%,0%,0.00,0.00,0%,0.00,0%,0.0,13,4,0
http://ufcstats.com/fighter-details/6dab8ce5e4bffe77,"Oct 28, 1980",30%,46%,2.04,2.10,59%,2.27,66%,0.2,23,8,0
http://ufcstats.com/fighter-details/a993ef2dd36cea5f,--,54%,50%,0.87,1.27,55%,1.00,0%,1.0,2,6,0
http://ufcstats.com/fighter-details/20697b334f6c0a45,"Apr 01, 1983",0%,0%,0.00,0.00,0%,0.00,0%,0.0,13,16,0
http://ufcstats.com/fighter-details/570d40f993171b19,"Jul 28, 1982",0%,0%,0.00,0.00,0%,0.00,0%,0.0,13,11,1
http://ufcstats.com/fighter-details/4b450aa602611baa,"May 28, 1985",46%,0%,5.68,6.32,47%,0.00,0%,0.0,18,6,0
http://ufcstats.com/fighter-details/f9aa6376ae16bfb4,"Aug 07, 1969",34%,50%,0.51,0.73,58%,1.10,44%,0.6,17,15,1
http://ufcstats.com/fighter-details/f14fbb2e55da044c,"May 09, 1996",60%,0%,3.98,3.45,69%,0.00,0%,0.0,6,1,0
http://ufcstats.com/fighter-details/3746e21bb508391a,--,0%,0%,0.00,0.00,0%,0.00,0%,0.0,1,2,0
http://ufcstats.com/fighter-details/0e2c2daf11b5d8f2,--,0%,0%,0.00,0.00,0%,0.00,0%,0.0,12,7,1
http://ufcstats.com/fighter-details/e82b2adcaeff71ec,--,40%,100%,5.58,0.00,0%,20.93,100%,0.0,6,20,0
http://ufcstats.com/fighter-details/a62f85f6a6c19a4c,"Mar 18, 1993",32%,16%,1.40,4.73,40%,1.00,100%,0.0,8,2,0
http://ufcstats.com/fighter-details/bfaf4c87936b4fae,"Nov 12, 1989",0%,0%,0.00,0.00,0%,0.00,0%,0.0,7,7,0
http://ufcstats.com/fighter-details/01f4bcd26ac08ad5,--,0%,0%,0.00,0.00,0%,0.00,0%,0.0,0,2,0
http://ufcstats.com/fighter-details/985bca5a097fb3f4,"Jul 01, 1985",0%,0%,0.00,0.00,0%,0.00,0%,0.0,15,7,1
http://ufcstats.com/fighter-details/a11a6ee8eeb03c18,"Apr 19, 1971",45%,17%,2.36,4.69,40%,1.48,42%,1.5,27,21,1
http://ufcstats.com/fighter-details/b72f3cafa6376e35,--,47%,0%,1.81,0.40,60%,0.00,50%,0.0,9,10,0
http://ufcstats.com/fighter-details/f2c91b67f71bbeab,"Mar 23, 1981",0%,0%,0.00,0.00,0%,0.00,0%,0.0,6,5,0
http://ufcstats.com/fighter-details/48544433372ecfa6,"Aug 05, 1984",41%,12%,4.07,4.00,47%,1.07,62%,0.0,16,7,0
http://ufcstats.com/fighter-details/2bcc39af95d6f2e8,"Jan 17, 1978",18%,0%,1.52,2.28,57%,0.00,0%,0.0,6,4,0
http://ufcstats.com/fighter-details/9f8bd85aaeec2f56,"Nov 30, 1998",52%,25%,3.09,2.80,46%,1.22,73%,0.6,11,1,0
http://ufcstats.com/fighter-details/8126e4dff0cdf69e,"Dec 29, 1987",40%,0%,7.47,5.87,33%,0.00,37%,0.0,7,3,0
http://ufcstats.com/fighter-details/8567466ae167216b,"Sep 03, 1983",48%,100%,4.53,4.53,63%,2.00,66%,0.0,6,6,1
http://ufcstats.com/fighter-details/b5abaa65f87938eb,"Oct 20, 1979",27%,47%,1.13,2.19,60%,3.17,100%,1.2,17,12,2
http://ufcstats.com/fighter-details/f7202b3130421d27,"Dec 26, 1990",44%,41%,2.87,5.80,55%,5.00,0%,0.0,11,3,0
http://ufcstats.com/fighter-details/33a86e839ad202d8,"Jan 17, 1995",44%,57%,3.36,3.02,56%,3.36,66%,0.8,18,6,0
http://ufcstats.com/fighter-details/270e84d8174721d2,"Nov 30, 1995",45%,33%,2.44,7.32,50%,1.41,0%,1.4,6,2,0
http://ufcstats.com/fighter-details/5e7a48e469770615,--,0%,0%,0.00,0.00,0%,0.00,0%,0.0,1,2,0
http://ufcstats.com/fighter-details/ceee5dd37253199a,"Feb 06, 1979",0%,0%,0.00,0.00,0%,0.00,0%,0.0,13,14,0
http://ufcstats.com/fighter-details/bfa8f263815cfa2e,"Apr 26, 1988",42%,50%,0.48,3.84,51%,2.40,0%,0.0,11,4,1
http://ufcstats.com/fighter-details/2482ef3331a82e75,"Jul 19, 1984",0%,0%,0.00,0.00,0%,0.00,0%,0.0,11,3,0
http://ufcstats.com/fighter-details/414bddf0c80c41e1,"Oct 09, 1976",5%,0%,0.28,8.17,25%,0.00,0%,0.0,15,8,0
http://ufcstats.com/fighter-details/31da66df48c0c1a0,"Apr 29, 1986",45%,0%,1.82,2.08,62%,0.00,0%,0.0,5,2,0
http://ufcstats.com/fighter-details/eb42d4febfafefd1,"Aug 05, 1980",26%,0%,1.45,2.18,55%,0.00,45%,0.9,9,8,0
http://ufcstats.com/fighter-details/b4f7a2d8ecc5e0c3,--,14%,0%,0.34,0.69,60%,0.00,0%,0.0,0,2,1
http://ufcstats.com/fighter-details/cc2ad11b1f9d818b,--,73%,0%,3.70,3.17,20%,0.00,0%,0.0,3,4,0
http://ufcstats.com/fighter-details/e0664abaa023fd6f,"Sep 27, 1994",46%,33%,3.40,3.80,49%,0.33,63%,0.0,35,11,0
http://ufcstats.com/fighter-details/2d2239d0f6fa83dd,"Jan 23, 1984",32%,0%,1.08,2.36,33%,0.00,50%,1.8,23,9,1
http://ufcstats.com/fighter-details/73eb2a552c92a821,"Dec 12, 1979",25%,0%,0.60,1.80,62%,0.00,50%,0.0,6,3,0
http://ufcstats.com/fighter-details/ec7f7263bf36579b,"Oct 12, 1986",33%,0%,1.71,4.41,56%,0.00,0%,0.0,9,2,0
http://ufcstats.com/fighter-details/1db445a4468447d0,"Oct 09, 1995",43%,30%,1.97,4.56,37%,3.06,0%,0.0,9,1,0
http://ufcstats.com/fighter-details/ad4e9055bf8cd04d,"Oct 15, 1961",0%,0%,0.00,0.00,0%,0.00,0%,0.0,15,22,0
http://ufcstats.com/fighter-details/7c9aeba0c4d4bd78,--,0%,0%,0.00,0.00,0%,0.00,0%,0.0,4,2,0
http://ufcstats.com/fighter-details/29b5791e51e7e832,"Apr 15, 1976",0%,0%,0.00,0.00,0%,0.00,0%,0.0,5,10,0
http://ufcstats.com/fighter-details/4145caa2c999fbac,"Mar 17, 1986",0%,0%,0.00,0.00,0%,0.00,0%,0.0,7,5,0
http://ufcstats.com/fighter-details/1a50e734bb54861a,--,0%,0%,0.00,0.00,0%,0.00,0%,0.0,0,1,0
http://ufcstats.com/fighter-details/1c610f900f9884ab,"Jul 09, 1992",23%,0%,1.21,4.22,51%,0.00,0%,0.0,2,2,0
http://ufcstats.com/fighter-details/bad82b681819b272,"Aug 21, 1998",53%,35%,3.22,3.44,65%,4.00,66%,0.0,14,4,0
http://ufcstats.com/fighter-details/b51f6791c794e289,"Aug 17, 1980",33%,0%,1.09,8.73,41%,0.00,33%,0.0,39,19,0
http://ufcstats.com/fighter-details/957562fdf68a725a,"Sep 29, 1991",41%,0%,1.27,1.40,43%,0.00,31%,0.0,14,5,0
http://ufcstats.com/fighter-details/86cb6f5b1ca98dc0,"Mar 13, 1990",0%,0%,0.00,0.00,0%,0.00,0%,0.0,10,2,0
http://ufcstats.com/fighter-details/7cf0944b88966118,"Aug 16, 1981",0%,0%,0.00,0.00,0%,0.00,0%,0.0,9,7,0
http://ufcstats.com/fighter-details/ce3b669e39418414,"Aug 16, 1982",0%,0%,0.00,0.00,0%,0.00,0%,0.0,4,1,0
http://ufcstats.com/fighter-details/5159e6ee100c717e,"Aug 13, 1992",0%,0%,0.00,0.00,0%,0.00,0%,0.0,2,0,0
http://ufcstats.com/fighter-details/0d9312337fdce39a,--,44%,0%,2.11,2.63,50%,0.00,0%,0.0,4,3,0
http://ufcstats.com/fighter-details/0509b954421bb327,"Nov 21, 1976",44%,0%,3.50,10.51,27%,0.00,0%,0.0,11,22,0
http://ufcstats.com/fighter-details/f9c7fe2682af3802,"Aug 29, 1977",40%,0%,1.16,2.39,36%,0.00,55%,0.0,11,7,0
http://ufcstats.com/fighter-details/cb4bf812d9cb78b4,"Feb 18, 1995",29%,50%,3.80,5.60,65%,1.00,0%,0.0,7,3,0
http://ufcstats.com/fighter-details/c2c4052f58f54988,"Mar 17, 1994",31%,0%,5.80,5.07,40%,0.00,55%,0.0,8,2,0
http://ufcstats.com/fighter-details/e5e148d4363deff8,"Sep 23, 1994",32%,18%,2.73,2.60,58%,2.00,0%,0.0,12,3,0
http://ufcstats.com/fighter-details/5fd834edd92c9e50,--,0%,0%,0.00,0.00,0%,0.00,0%,0.0,0,1,0
http://ufcstats.com/fighter-details/29b5d32584e02d8d,"Mar 10, 1987",40%,0%,4.55,4.18,57%,0.00,60%,0.0,19,7,0
http://ufcstats.com/fighter-details/454c3e9d4cd4a1b3,"Jan 25, 1977",38%,50%,2.27,4.00,53%,3.00,69%,1.0,10,4,0
http://ufcstats.com/fighter-details/ec322adbabbfa6e7,"Apr 04, 1995",38%,0%,3.93,6.06,49%,0.00,100%,0.0,11,3,0
http://ufcstats.com/fighter-details/cb6c45b26b0a877a,"Jul 02, 1988",0%,0%,0.00,0.00,0%,0.00,0%,0.0,6,1,0
http://ufcstats.com/fighter-details/cea51876d8a514a0,"Oct 02, 1995",69%,0%,5.07,2.13,52%,0.00,62%,0.0,7,1,0
http://ufcstats.com/fighter-details/31732a614e7a3d1d,--,31%,0%,1.94,8.71,35%,0.00,50%,0.0,2,2,0
http://ufcstats.com/fighter-details/43db649da89fac4b,"Sep 03, 1987",54%,0%,4.74,5.95,33%,0.00,83%,0.0,11,4,0
http://ufcstats.com/fighter-details/7df4d3c38792b083,--,0%,0%,0.00,2.40,40%,0.00,0%,0.0,1,2,0
http://ufcstats.com/fighter-details/4acb99524a9a81ab,--,0%,0%,0.00,0.00,0%,0.00,0%,0.0,7,15,0
http://ufcstats.com/fighter-details/ec421d5de0aea624,"Dec 07, 1980",0%,0%,0.00,0.00,0%,0.00,0%,0.0,9,2,0
http://ufcstats.com/fighter-details/a5b0bd216d8ba84e,"May 18, 1975",50%,100%,0.74,0.74,62%,3.70,0%,0.0,20,10,0
http://ufcstats.com/fighter-details/20b13e96668caaa4,"Aug 21, 1995",53%,0%,2.95,2.52,57%,0.00,71%,2.6,7,1,0
http://ufcstats.com/fighter-details/e6904a03a66e711d,"Aug 28, 1989",0%,0%,0.00,0.00,0%,0.00,0%,0.0,4,1,0
http://ufcstats.com/fighter-details/22d80fb67e50ab0b,--,0%,0%,0.00,0.00,0%,0.00,0%,0.0,2,0,0
http://ufcstats.com/fighter-details/e873203fd50542f6,--,0%,0%,0.00,0.00,0%,0.00,0%,0.0,3,1,0
http://ufcstats.com/fighter-details/1a064688481f66e1,"Jan 08, 1995",50%,0%,0.40,6.47,20%,0.00,50%,0.0,17,4,1
http://ufcstats.com/fighter-details/e295b96f135d758a,"Jul 17, 1985",30%,100%,2.07,4.93,48%,2.00,66%,1.0,6,8,0
http://ufcstats.com/fighter-details/e60d773a0a42048a,"Jul 07, 1983",69%,66%,3.40,1.53,68%,4.00,50%,2.0,21,16,1
http://ufcstats.com/fighter-details/1741343f0ca34dd5,"Mar 18, 1989",15%,100%,0.82,0.66,69%,2.47,50%,4.9,5,2,0
http://ufcstats.com/fighter-details/45c8fed13a62fe92,"Jun 26, 1992",0%,0%,0.00,0.00,0%,0.00,0%,0.0,3,1,0
http://ufcstats.com/fighter-details/f54200f1dfb9b5d4,"Aug 02, 1981",41%,72%,2.75,1.70,65%,2.32,66%,0.9,23,7,0
http://ufcstats.com/fighter-details/b8da6f5c80ae2d15,"Sep 28, 1976",51%,63%,3.18,1.00,63%,2.00,82%,1.9,36,5,0
http://ufcstats.com/fighter-details/e3f443e4cbc3da8f,"Oct 16, 1975",34%,100%,1.71,0.66,84%,3.94,0%,3.9,3,3,0
http://ufcstats.com/fighter-details/d2f310b5b072e986,--,0%,0%,0.00,0.00,0%,0.00,0%,0.0,5,1,0
http://ufcstats.com/fighter-details/4122da4f791b2f4f,"Jul 09, 1993",25%,0%,2.31,11.54,40%,0.00,0%,0.0,9,4,0
http://ufcstats.com/fighter-details/d238217e0f8ea8e1,"May 27, 1987",0%,0%,0.00,0.00,0%,0.00,0%,0.0,14,2,0
http://ufcstats.com/fighter-details/daf9be103c1edbbd,--,79%,100%,8.41,0.00,100%,5.49,0%,11.0,14,15,0
http://ufcstats.com/fighter-details/bc7cf284c1c2f16e,--,44%,0%,3.74,3.58,46%,0.00,50%,0.0,5,5,1
http://ufcstats.com/fighter-details/919fc4bc3edf4de7,"Oct 19, 1999",71%,0%,2.67,2.60,44%,0.00,60%,0.0,11,1,0
http://ufcstats.com/fighter-details/984b0c4c6e773a1c,"Aug 23, 1986",0%,0%,0.00,0.00,0%,0.00,0%,0.0,6,7,0
http://ufcstats.com/fighter-details/b593cd58b0afffb0,"Sep 19, 1996",0%,0%,0.00,8.40,0%,0.00,0%,0.0,7,2,0
http://ufcstats.com/fighter-details/7b9a85e5ff31ef47,"Jul 06, 1964",47%,60%,0.94,1.87,25%,4.68,100%,6.2,9,4,1
http://ufcstats.com/fighter-details/74061adb224be3cc,"Oct 29, 1968",69%,50%,1.34,1.59,41%,1.88,0%,0.0,8,6,0
http://ufcstats.com/fighter-details/c26ea30823f37316,--,54%,100%,4.06,1.13,61%,4.25,50%,1.4,5,1,0
http://ufcstats.com/fighter-details/f7ede18b4ec4ec1f,--,0%,0%,0.00,0.00,0%,0.00,0%,0.0,5,6,0
http://ufcstats.com/fighter-details/0e4daed84a8f39a6,"Aug 03, 1968",71%,0%,3.07,1.74,43%,0.00,0%,2.0,15,10,1
http://ufcstats.com/fighter-details/b36874652ed7715d,--,0%,0%,0.00,0.00,0%,0.00,0%,0.0,1,0,0
http://ufcstats.com/fighter-details/ed220e87bef0cc64,"Jul 13, 1978",0%,0%,0.00,0.00,0%,0.00,0%,0.0,8,7,0
http://ufcstats.com/fighter-details/41f3cfdab0b22236,"Mar 11, 1992",43%,0%,3.20,3.27,70%,0.00,0%,0.0,7,1,0
http://ufcstats.com/fighter-details/ea9bfe9c25037bba,"Aug 05, 1993",0%,100%,0.00,0.00,0%,4.37,100%,0.0,7,3,0
http://ufcstats.com/fighter-details/74b5736f1df40be3,--,0%,100%,0.00,0.54,83%,8.04,0%,0.0,4,2,0
http://ufcstats.com/fighter-details/9766ed20b68c7c33,"Oct 07, 1980",40%,19%,4.51,3.96,61%,1.60,61%,0.2,13,3,0
http://ufcstats.com/fighter-details/54c2576b7f2f1f57,"Sep 06, 1993",37%,0%,3.40,4.33,50%,0.00,42%,0.0,7,1,0
http://ufcstats.com/fighter-details/0798f558681d0eb5,"Sep 30, 1985",60%,62%,2.27,1.93,48%,5.00,0%,0.0,6,0,0
http://ufcstats.com/fighter-details/a1cb266d7f44f35f,"May 09, 2000",27%,40%,2.53,9.73,34%,2.00,100%,0.0,13,3,0
http://ufcstats.com/fighter-details/40389d39a92f5bfa,"Jul 14, 1975",38%,64%,1.19,0.66,70%,3.44,100%,0.4,16,4,0
http://ufcstats.com/fighter-details/04e9955f33e0c267,--,64%,50%,6.69,2.09,85%,1.25,0%,1.2,1,1,0
http://ufcstats.com/fighter-details/431262bbc69215dc,"Mar 16, 1993",39%,0%,3.80,5.33,51%,0.00,41%,0.0,10,1,0
http://ufcstats.com/fighter-details/49c7236c737d7e59,"Sep 11, 1975",22%,100%,0.81,2.21,67%,3.02,0%,0.0,8,3,0
http://ufcstats.com/fighter-details/f89e6e66b9b112de,"Jun 19, 1989",41%,0%,6.33,7.20,51%,0.00,20%,0.0,7,3,0
http://ufcstats.com/fighter-details/5af26b3201690d29,"Jan 03, 1975",53%,100%,2.30,1.60,54%,4.50,25%,0.0,25,20,3
http://ufcstats.com/fighter-details/954e3f4e2b0e6510,"Apr 28, 1979",0%,0%,0.00,0.00,0%,0.00,0%,0.0,4,5,0
http://ufcstats.com/fighter-details/86597694317e5e1b,--,0%,0%,0.00,0.00,0%,0.00,0%,0.0,15,9,1
http://ufcstats.com/fighter-details/15f4550e017f6c7d,--,0%,0%,0.00,0.00,0%,0.00,0%,0.0,3,0,0
http://ufcstats.com/fighter-details/cbc071cb20ea59c7,"Mar 30, 1980",40%,53%,2.91,2.02,72%,3.97,77%,0.6,20,3,0
http://ufcstats.com/fighter-details/7ee1babb99f30115,--,0%,0%,0.00,0.00,0%,0.00,0%,0.0,0,0,0
http://ufcstats.com/fighter-details/3df223aeaacecf3f,"Jan 10, 1997",57%,30%,3.71,3.21,51%,1.72,0%,0.6,14,3,0
http://ufcstats.com/fighter-details/1c2a8915f8431507,"May 03, 1991",32%,100%,1.75,2.75,56%,1.11,66%,1.7,12,2,0
http://ufcstats.com/fighter-details/8c21eb9fd7c4c203,"Jan 18, 1996",0%,0%,0.00,0.00,0%,0.00,0%,0.0,8,1,0
http://ufcstats.com/fighter-details/6e380a4d73ab4f0e,"Nov 18, 1974",33%,0%,0.33,2.64,11%,0.00,0%,0.0,28,32,1
http://ufcstats.com/fighter-details/daff32bc96d1eabf,--,48%,0%,2.37,3.77,49%,0.00,58%,0.0,11,8,1
http://ufcstats.com/fighter-details/2226445c4a196dc8,"Feb 05, 1995",0%,0%,0.00,0.00,0%,0.00,0%,0.0,16,1,0
http://ufcstats.com/fighter-details/2abdead94ce73552,"May 24, 1978",48%,32%,1.86,1.67,66%,2.40,42%,1.6,23,6,3
http://ufcstats.com/fighter-details/997b4f52f76a0b53,"May 23, 1981",41%,25%,1.69,1.69,61%,3.63,0%,3.6,2,3,0
http://ufcstats.com/fighter-details/0496cdac0bc9edd8,"Jul 11, 1974",0%,0%,0.00,0.00,0%,0.00,0%,0.0,5,1,0
http://ufcstats.com/fighter-details/3317823959d32a05,"Apr 18, 1980",28%,11%,2.16,8.75,42%,0.77,25%,0.0,11,12,0
http://ufcstats.com/fighter-details/16d09e800ad7ec79,"Mar 18, 1982",50%,45%,1.23,1.22,51%,3.86,20%,0.9,19,8,0
http://ufcstats.com/fighter-details/5517bd590dbbe1f8,--,46%,25%,1.40,1.20,57%,2.00,50%,0.0,2,4,0
http://ufcstats.com/fighter-details/b8dc5fbf8338adc5,--,0%,0%,0.00,0.00,0%,0.00,0%,0.0,6,0,0
http://ufcstats.com/fighter-details/b5f44dcb863f595b,"Mar 17, 1988",44%,0%,1.56,1.88,60%,0.00,40%,1.2,9,2,0
http://ufcstats.com/fighter-details/4bb0f74d5e26f89a,"Dec 22, 1993",37%,9%,2.00,7.80,25%,1.00,0%,0.0,7,3,0
http://ufcstats.com/fighter-details/d23d5960ac5e117c,"Aug 06, 1991",40%,0%,3.66,2.02,54%,0.00,0%,0.0,17,3,0
http://ufcstats.com/fighter-details/8164250600b7c91b,"Jul 18, 1988",0%,0%,0.00,0.00,0%,0.00,0%,0.0,2,0,0
http://ufcstats.com/fighter-details/c97fc5fbf7d32b8a,--,25%,0%,0.38,0.77,0%,0.00,0%,0.0,6,4,0
http://ufcstats.com/fighter-details/fa534853eb195270,"Mar 16, 1976",14%,0%,2.86,14.29,54%,0.00,0%,0.0,5,5,0
http://ufcstats.com/fighter-details/5de61b03868035ff,"Mar 16, 1976",0%,0%,0.00,3.37,56%,0.00,0%,0.0,5,4,0
http://ufcstats.com/fighter-details/0adf1aacda5e26ac,--,0%,0%,0.00,0.00,0%,0.00,0%,0.0,5,4,0
http://ufcstats.com/fighter-details/7a82635ffa9b59fe,--,42%,0%,2.62,10.25,28%,0.00,0%,0.0,10,15,1
http://ufcstats.com/fighter-details/a71ce6ff0b4a9dbb,"Mar 12, 1986",0%,0%,0.00,0.00,0%,0.00,0%,0.0,15,7,0
http://ufcstats.com/fighter-details/5340123d826ceadb,"May 13, 1979",0%,0%,0.00,0.00,0%,0.00,0%,0.0,11,9,0
http://ufcstats.com/fighter-details/90390dd1b0791e7f,"Jul 11, 1997",38%,0%,5.32,12.15,42%,0.00,0%,0.0,7,2,0
http://ufcstats.com/fighter-details/77ba5b2939c4018b,"Mar 21, 1997",57%,0%,7.43,5.70,55%,0.00,77%,0.0,10,1,0
http://ufcstats.com/fighter-details/d745d4146be48679,--,0%,0%,0.00,0.00,0%,0.00,0%,0.0,2,0,0
http://ufcstats.com/fighter-details/f65a0eb902f9476b,"Apr 28, 1979",32%,0%,1.33,4.59,50%,0.00,0%,0.0,18,4,0
http://ufcstats.com/fighter-details/ecfdbf38681a59ba,"Jan 21, 1983",33%,0%,0.54,3.51,27%,0.00,0%,6.1,13,5,1
http://ufcstats.com/fighter-details/b9532d815060de7f,"Jul 16, 1982",48%,80%,1.83,2.59,48%,2.68,40%,0.3,6,2,0
http://ufcstats.com/fighter-details/90957a918e26bf9c,"Oct 15, 1996",33%,0%,3.07,5.27,50%,0.00,100%,0.0,5,1,0
http://ufcstats.com/fighter-details/040d3b4c735541aa,"Dec 10, 1983",31%,0%,0.77,1.64,53%,0.00,57%,0.0,13,5,0
http://ufcstats.com/fighter-details/fee02819a271c050,"Sep 20, 1990",21%,0%,1.43,3.57,60%,0.00,0%,0.0,8,7,0
http://ufcstats.com/fighter-details/3beeeafcbc8b4cbc,"Mar 31, 1988",39%,0%,1.50,2.77,46%,0.00,100%,0.0,3,3,0
http://ufcstats.com/fighter-details/5870bd1eadf4f322,"Sep 02, 1976",0%,0%,0.00,0.00,0%,0.00,0%,0.0,6,4,0
http://ufcstats.com/fighter-details/63d071997c75e3fd,"Nov 26, 1996",0%,0%,0.00,0.00,0%,0.00,0%,0.0,6,0,0
http://ufcstats.com/fighter-details/90e6dde9113830bd,"Jun 01, 1986",44%,33%,3.06,3.34,69%,1.26,100%,0.0,17,8,0
http://ufcstats.com/fighter-details/a47e9ec288c91067,--,0%,0%,0.00,8.37,19%,0.00,33%,1.9,6,10,0
http://ufcstats.com/fighter-details/14b9e0f2679a2205,--,29%,50%,2.00,8.00,51%,11.25,0%,0.0,3,6,0
http://ufcstats.com/fighter-details/9aa56f004b2bca07,"Jan 20, 1985",27%,100%,2.40,3.20,52%,1.00,26%,0.0,6,3,0
http://ufcstats.com/fighter-details/73321668ff977f1b,"Oct 07, 1980",50%,0%,1.52,1.27,16%,0.00,100%,0.0,19,7,0
http://ufcstats.com/fighter-details/756f45905fb20cb5,"May 29, 1975",23%,0%,0.23,2.17,42%,0.00,22%,1.0,9,10,0
http://ufcstats.com/fighter-details/ee704df0afd74558,"Sep 07, 1991",0%,0%,0.00,0.00,0%,0.00,0%,0.0,11,0,0
http://ufcstats.com/fighter-details/c3c38c86f5ab9b5c,"Jan 28, 1983",33%,0%,1.03,4.91,38%,0.00,25%,0.0,2,2,0
http://ufcstats.com/fighter-details/fb6c531726447ff3,"Apr 26, 1974",42%,0%,2.40,0.00,100%,0.00,0%,12.0,26,3,0
http://ufcstats.com/fighter-details/b1605ea39fba6af6,"Oct 16, 1970",49%,36%,1.05,1.99,52%,2.78,85%,0.6,15,12,0
http://ufcstats.com/fighter-details/ccd58ff71e260ed5,"Sep 17, 1982",44%,0%,0.73,1.20,47%,0.00,23%,2.5,17,12,5
http://ufcstats.com/fighter-details/42189c98d434a413,"Jun 03, 2003",33%,60%,1.42,2.06,52%,8.23,33%,0.0,11,3,0
http://ufcstats.com/fighter-details/aa3153a9941b4d44,"Mar 13, 1969",68%,0%,1.82,2.92,35%,0.00,0%,5.5,39,13,2
http://ufcstats.com/fighter-details/c3e2eca94b2320bc,"Nov 10, 1980",10%,0%,0.27,2.67,39%,0.00,0%,3.0,1,1,0
http://ufcstats.com/fighter-details/fcd8b623892b9a10,--,0%,0%,0.00,0.00,0%,0.00,0%,0.0,6,4,0
http://ufcstats.com/fighter-details/fe98f86284a6eeb3,"Apr 01, 1994",65%,0%,4.06,4.26,46%,0.00,50%,0.0,13,1,0
http://ufcstats.com/fighter-details/a7a79b8efbceaaac,"Jun 23, 1982",27%,0%,0.99,0.99,57%,0.00,50%,0.0,18,13,1
http://ufcstats.com/fighter-details/8e6cfbd455f0f9c2,"Feb 24, 1982",0%,0%,0.00,0.00,0%,0.00,0%,0.0,5,21,0
http://ufcstats.com/fighter-details/06dc1a58663579d2,"May 18, 1981",40%,25%,2.21,3.45,48%,1.33,0%,1.3,18,7,0
http://ufcstats.com/fighter-details/8a1b4330c7957961,"Feb 16, 1979",62%,100%,4.86,0.61,66%,1.30,20%,1.3,11,9,0
http://ufcstats.com/fighter-details/96706c75a2b14164,--,41%,0%,3.10,6.00,52%,0.00,0%,0.0,7,3,0
http://ufcstats.com/fighter-details/7e654edcddd71550,"Aug 11, 1976",0%,0%,0.00,0.00,0%,0.00,0%,0.0,8,6,0
http://ufcstats.com/fighter-details/ad3fdba28a7540cf,--,0%,0%,0.00,0.00,0%,0.00,0%,0.0,0,0,0
http://ufcstats.com/fighter-details/45fe6765c56d8018,"Sep 29, 1982",52%,27%,2.34,1.56,58%,2.02,0%,2.8,5,2,0
http://ufcstats.com/fighter-details/e15d0a2519d6a0b5,"Jun 23, 1981",32%,28%,1.97,3.86,61%,2.27,88%,1.1,18,8,1
http://ufcstats.com/fighter-details/289a3b69b85da7cd,--,31%,0%,7.57,6.99,45%,0.00,0%,0.0,8,4,0
http://ufcstats.com/fighter-details/41904fc4d3f5bffc,"May 07, 1968",23%,66%,1.95,2.07,72%,1.88,0%,0.0,7,9,0
http://ufcstats.com/fighter-details/8b27d25ce0221d60,--,0%,0%,0.00,0.00,0%,0.00,0%,0.0,19,12,0
http://ufcstats.com/fighter-details/e5dc36e0aba7e9da,"Oct 20, 1980",62%,87%,1.22,1.14,65%,8.55,66%,0.0,14,10,0
http://ufcstats.com/fighter-details/8a04d94dfcfab159,--,25%,0%,0.67,3.03,50%,0.00,83%,5.1,8,3,0
http://ufcstats.com/fighter-details/4f7e290e71d60f87,"Aug 16, 1971",25%,100%,2.05,1.45,60%,0.75,100%,0.0,1,0,0
http://ufcstats.com/fighter-details/70167689d6a01793,"May 17, 1977",100%,0%,0.17,0.34,0%,0.00,66%,0.0,18,21,0
http://ufcstats.com/fighter-details/d758f272d94f5866,"Oct 07, 1996",59%,44%,5.07,5.80,68%,4.00,100%,0.0,10,1,0
http://ufcstats.com/fighter-details/618643d0d5c0631d,"Jul 23, 1997",0%,0%,0.00,0.00,0%,0.00,0%,0.0,7,0,0
http://ufcstats.com/fighter-details/effd0b70e6749ab2,--,42%,0%,2.01,3.24,43%,0.00,0%,1.7,0,4,0
http://ufcstats.com/fighter-details/14e797332ea32cdb,"Apr 30, 1982",50%,46%,1.26,1.11,65%,3.08,0%,1.3,16,8,0
http://ufcstats.com/fighter-details/42883268854b78be,--,0%,0%,0.00,0.00,0%,0.00,0%,0.0,8,5,0
http://ufcstats.com/fighter-details/96a221341035b701,--,0%,0%,0.00,0.00,0%,0.00,0%,0.0,2,1,0
http://ufcstats.com/fighter-details/69db199087a1a792,"Jun 20, 1976",0%,0%,0.00,0.00,0%,0.00,0%,0.0,12,4,0
http://ufcstats.com/fighter-details/09439946214993bc,"Feb 07, 1990",54%,0%,3.13,6.40,52%,0.00,0%,0.0,9,5,0
http://ufcstats.com/fighter-details/db8b800176d26f6e,"Jan 24, 1985",0%,0%,0.00,0.00,0%,0.00,0%,0.0,12,7,0
http://ufcstats.com/fighter-details/42c96a9c4802e2e1,"Mar 24, 1979",50%,66%,1.14,0.40,41%,1.71,38%,0.0,12,8,0
http://ufcstats.com/fighter-details/160b931119c1bf91,--,0%,0%,0.00,0.00,0%,0.00,0%,0.0,3,2,0
http://ufcstats.com/fighter-details/10ccdcd14c3dfcf1,--,0%,0%,0.00,0.00,0%,0.00,0%,0.0,0,1,0
http://ufcstats.com/fighter-details/762c69860eef65d8,"Mar 26, 1992",54%,25%,6.80,12.29,42%,2.17,0%,2.2,11,1,0
http://ufcstats.com/fighter-details/bad8ed7d714f1493,"Nov 30, 1995",0%,100%,0.00,0.00,100%,15.52,0%,0.0,6,1,0
http://ufcstats.com/fighter-details/a58114c6dd0add64,--,0%,0%,0.00,0.00,0%,0.00,0%,0.0,0,1,0
http://ufcstats.com/fighter-details/c1ea31a904fe08a9,"Aug 20, 1985",40%,12%,1.27,2.02,52%,0.87,100%,1.7,9,5,0
http://ufcstats.com/fighter-details/4b4f6abdce986be6,"Jan 16, 1974",0%,0%,0.00,0.00,0%,0.00,0%,0.0,19,5,0
http://ufcstats.com/fighter-details/81f1810f72df8f25,"Mar 06, 1985",60%,100%,2.50,1.92,47%,5.76,100%,0.0,14,7,0
http://ufcstats.com/fighter-details/fda067e842b07466,--,54%,100%,4.34,0.43,40%,4.34,0%,4.3,3,2,0
http://ufcstats.com/fighter-details/ed133185689088b3,"Oct 09, 1977",0%,0%,0.00,0.00,0%,0.00,0%,0.0,5,6,0
http://ufcstats.com/fighter-details/057a241e4ba90c4d,"May 10, 1996",0%,0%,0.00,0.00,0%,0.00,0%,0.0,5,0,0
http://ufcstats.com/fighter-details/bd85ca0bb4f26cfc,"Oct 21, 1982",31%,25%,0.57,0.96,65%,0.85,50%,0.0,13,3,0
http://ufcstats.com/fighter-details/5d1636b6c1688502,"Dec 09, 1997",66%,0%,1.64,0.82,0%,0.00,0%,0.0,14,3,0
http://ufcstats.com/fighter-details/e86af30738a5452a,--,0%,0%,0.00,0.00,0%,0.00,0%,0.0,3,4,0
http://ufcstats.com/fighter-details/af1e5c64b8663aa0,"Apr 29, 1982",42%,66%,1.50,1.16,56%,2.57,31%,0.0,10,3,0
http://ufcstats.com/fighter-details/a0a680fe2f6cc8e6,"Mar 31, 1986",48%,60%,1.52,0.79,66%,1.14,70%,0.8,10,6,0
http://ufcstats.com/fighter-details/0a66de3a797cf73a,--,0%,0%,0.00,0.00,0%,0.00,0%,0.0,2,0,0
http://ufcstats.com/fighter-details/489413d3be819647,"Aug 08, 1983",0%,0%,0.00,0.00,0%,0.00,0%,0.0,1,2,0
http://ufcstats.com/fighter-details/513e84bfe65ff509,"Jan 28, 1995",33%,50%,1.57,4.03,55%,4.48,33%,0.0,4,1,0
http://ufcstats.com/fighter-details/e90f4291f93708e6,"Feb 23, 1991",32%,0%,2.66,8.78,45%,0.00,0%,0.0,6,2,0
http://ufcstats.com/fighter-details/94535f76f43b466a,"Apr 28, 1991",80%,73%,6.67,0.87,43%,14.00,100%,0.0,6,0,0
http://ufcstats.com/fighter-details/be5aab761c40ef35,"Sep 15, 1983",47%,33%,4.47,4.03,65%,0.86,43%,1.4,26,14,0
http://ufcstats.com/fighter-details/28d8638ea0a71908,"Mar 03, 1981",20%,0%,0.59,2.35,33%,0.00,50%,0.0,17,12,0
http://ufcstats.com/fighter-details/69c071bc2621e8b0,--,48%,0%,3.90,4.39,51%,0.00,66%,0.0,2,1,0
http://ufcstats.com/fighter-details/ff175a137b395e2b,"Feb 29, 1984",0%,0%,0.00,0.00,0%,0.00,0%,0.0,16,4,0
http://ufcstats.com/fighter-details/de47c33e48b0ce38,"Aug 13, 1985",16%,0%,0.91,14.55,11%,0.00,0%,0.0,7,2,0
http://ufcstats.com/fighter-details/4f1a48f4e6ffb007,"Mar 22, 1986",0%,0%,0.00,0.00,0%,0.00,0%,0.0,13,5,0
http://ufcstats.com/fighter-details/1bda4867f1baceac,"Apr 21, 1986",0%,0%,0.00,0.00,0%,0.00,0%,0.0,2,7,0
http://ufcstats.com/fighter-details/7f98d9d5a10fa25c,--,0%,0%,0.00,0.00,0%,0.00,0%,0.0,0,0,0
http://ufcstats.com/fighter-details/279093302a6f44b3,"Mar 30, 1959",0%,0%,0.00,0.00,0%,0.00,0%,0.0,2,2,0
http://ufcstats.com/fighter-details/68c4ca70067bf282,"Jul 19, 1988",16%,0%,3.53,49.41,22%,0.00,0%,0.0,3,1,0
http://ufcstats.com/fighter-details/c44acf87e376c62b,"Sep 25, 1974",23%,33%,0.52,2.93,42%,1.57,50%,0.0,9,5,0
http://ufcstats.com/fighter-details/2391a73686200c5d,--,0%,0%,0.00,0.00,0%,0.00,0%,0.0,0,1,0
http://ufcstats.com/fighter-details/ae954fd497025462,--,0%,0%,0.00,0.00,0%,0.00,0%,0.0,5,5,0
http://ufcstats.com/fighter-details/4e163b53d1de1fbc,"Nov 12, 1995",0%,0%,0.00,0.00,0%,0.00,0%,0.0,5,1,0
http://ufcstats.com/fighter-details/52d92050a046bc17,"Jul 18, 1979",37%,85%,1.69,1.54,60%,3.46,50%,0.6,2,2,0
http://ufcstats.com/fighter-details/82d6a9ae41aac3f7,"Jun 28, 1972",38%,100%,1.90,1.33,59%,0.36,80%,2.1,5,4,1
http://ufcstats.com/fighter-details/a9c45a8b21eabadc,"May 25, 1971",37%,0%,0.86,1.72,31%,0.00,25%,4.0,6,1,0
http://ufcstats.com/fighter-details/194fc025f9355db6,"Nov 20, 1958",0%,0%,0.00,0.00,0%,0.00,0%,0.0,11,0,0
http://ufcstats.com/fighter-details/36877f0e62b25b96,"Apr 11, 1975",51%,50%,1.34,0.86,46%,1.49,75%,0.4,6,2,1
http://ufcstats.com/fighter-details/b807814d977682eb,"Dec 06, 1965",0%,0%,0.00,0.00,0%,0.00,0%,0.0,5,5,1
http://ufcstats.com/fighter-details/0c3838c8f7c620c2,"Aug 14, 1974",61%,75%,0.82,0.50,40%,2.83,25%,0.9,5,2,0
http://ufcstats.com/fighter-details/84283233ec42be5f,"Oct 04, 1985",46%,75%,1.61,1.05,55%,2.50,0%,1.7,3,1,0
http://ufcstats.com/fighter-details/079488710f012779,--,0%,0%,0.00,17.14,50%,0.00,0%,0.0,0,1,0
http://ufcstats.com/fighter-details/722b870449243083,"Feb 04, 1980",60%,50%,1.86,0.99,50%,3.72,0%,3.7,5,4,0
http://ufcstats.com/fighter-details/12d855d12a624da2,--,100%,100%,0.77,0.38,75%,5.77,0%,5.8,6,0,0
http://ufcstats.com/fighter-details/6e4acc2c115215b5,--,42%,0%,0.91,2.27,28%,0.00,0%,0.0,3,1,0
http://ufcstats.com/fighter-details/642862d6d63605cd,"Oct 23, 1985",69%,57%,2.19,0.81,33%,4.86,0%,0.0,7,3,0
http://ufcstats.com/fighter-details/2db65fc038c0018e,"Oct 25, 1987",50%,0%,2.61,18.26,44%,0.00,0%,0.0,4,1,0
http://ufcstats.com/fighter-details/bb0d290026d7681d,"May 03, 1985",62%,0%,3.45,4.48,66%,0.00,0%,0.0,9,4,0
http://ufcstats.com/fighter-details/6d12031661db8ac8,"May 03, 1967",75%,0%,2.40,1.33,53%,0.00,25%,1.0,3,1,1
http://ufcstats.com/fighter-details/7fb4234670271505,"Aug 15, 1972",16%,0%,0.71,3.29,46%,0.00,66%,0.0,23,10,0
http://ufcstats.com/fighter-details/dde70a112e053a6c,--,23%,0%,0.48,4.81,52%,0.00,0%,9.6,7,9,0
http://ufcstats.com/fighter-details/6741218640534d8b,"Aug 08, 1988",45%,0%,2.39,1.67,46%,0.00,52%,0.0,11,7,0
http://ufcstats.com/fighter-details/dc052ab64be66e1d,"Feb 26, 1994",28%,0%,7.50,41.25,35%,0.00,0%,0.0,3,1,0
http://ufcstats.com/fighter-details/2963369e327e1979,"Jul 24, 1990",31%,50%,1.87,2.20,67%,2.00,0%,0.0,21,5,0
http://ufcstats.com/fighter-details/8300a47f6fd6fe4f,"May 13, 1992",33%,100%,0.65,0.87,50%,3.27,0%,0.0,5,2,0
http://ufcstats.com/fighter-details/ce25b4ed82b1811b,"Aug 04, 1977",40%,14%,1.87,3.33,52%,1.00,50%,1.0,19,28,0
http://ufcstats.com/fighter-details/da0f33e4255f99eb,"Dec 09, 1972",27%,0%,0.82,1.91,36%,0.00,0%,0.0,13,16,0
http://ufcstats.com/fighter-details/e34e3b1fffa13a6a,"Mar 03, 1990",27%,0%,0.88,6.18,41%,0.00,33%,0.0,8,4,0
http://ufcstats.com/fighter-details/a789defa9086da46,"Jan 19, 1981",33%,25%,0.16,3.74,14%,2.44,0%,4.9,18,9,0
http://ufcstats.com/fighter-details/5f33ae0620e050c5,"Feb 24, 1997",75%,100%,0.80,1.33,50%,1.00,40%,1.0,7,2,0
http://ufcstats.com/fighter-details/184b7a36d50dcc5e,"Aug 16, 1998",51%,0%,2.58,4.85,46%,0.00,57%,0.0,3,1,1
http://ufcstats.com/fighter-details/99793cf88c5adeee,--,0%,0%,0.00,0.00,0%,0.00,0%,0.0,3,0,0
http://ufcstats.com/fighter-details/8a213af406eb2dd4,"Aug 23, 1996",35%,16%,0.96,2.82,32%,1.92,33%,1.0,7,2,0
http://ufcstats.com/fighter-details/4955c524c2a71469,"Sep 04, 1992",25%,0%,1.54,17.44,44%,0.00,100%,0.0,6,1,0
http://ufcstats.com/fighter-details/206a7d47eb62170e,"Oct 18, 1979",0%,0%,0.00,0.00,0%,0.00,0%,0.0,5,3,0
http://ufcstats.com/fighter-details/439d4bbefd4e6940,--,59%,100%,0.87,0.87,64%,3.00,0%,2.0,6,4,0
http://ufcstats.com/fighter-details/e763679f15326ae1,"Sep 16, 1986",47%,53%,1.74,0.87,65%,4.98,100%,1.2,9,3,0
http://ufcstats.com/fighter-details/1b4d6971bb18b82c,"Oct 24, 1978",37%,0%,1.70,0.91,60%,0.00,50%,0.0,5,7,1
http://ufcstats.com/fighter-details/a59017211b775b5d,"Apr 25, 1991",51%,0%,3.87,3.40,50%,0.00,50%,0.0,13,3,0
http://ufcstats.com/fighter-details/7ada6ea792a34424,"Nov 14, 1984",0%,0%,0.00,0.00,0%,0.00,0%,0.0,9,2,0
http://ufcstats.com/fighter-details/7da5839b223f3728,"Oct 07, 1986",31%,0%,2.47,3.93,58%,0.00,62%,0.0,11,4,0
http://ufcstats.com/fighter-details/24e9d6b0a24cff9d,--,63%,33%,7.97,1.94,67%,1.71,75%,1.7,2,1,0
http://ufcstats.com/fighter-details/98533a2738124a0d,"Apr 20, 1990",47%,0%,0.73,1.47,33%,0.00,71%,1.0,9,3,0
http://ufcstats.com/fighter-details/86e388ed20761ad9,"May 26, 1979",43%,58%,2.01,2.04,58%,2.21,34%,1.9,23,14,1
http://ufcstats.com/fighter-details/05b17ae24e6bba81,"Nov 27, 1998",63%,51%,2.02,1.84,43%,12.32,0%,0.0,8,2,0
http://ufcstats.com/fighter-details/b9c3ee342eb72100,--,0%,0%,0.00,0.00,0%,0.00,0%,0.0,2,3,0
http://ufcstats.com/fighter-details/f55a6807b6bb853d,"Dec 06, 1996",38%,0%,3.60,4.60,71%,0.00,83%,0.0,12,2,0
http://ufcstats.com/fighter-details/4d1e92b61bcef308,"Jan 13, 1994",0%,0%,0.00,0.00,0%,0.00,0%,0.0,12,3,0
http://ufcstats.com/fighter-details/848809f3986b4977,"Oct 24, 1977",0%,0%,0.00,0.00,0%,0.00,0%,0.0,1,2,0
http://ufcstats.com/fighter-details/14a433bccba87016,"Apr 14, 1972",54%,100%,1.30,4.98,47%,3.25,0%,0.0,12,7,0
http://ufcstats.com/fighter-details/0e96af5220d27ed4,"Aug 04, 1977",0%,0%,0.00,0.00,0%,0.00,0%,0.0,2,0,0
http://ufcstats.com/fighter-details/0e98b05d3cf6d271,--,50%,0%,1.73,0.43,75%,0.00,50%,6.5,2,2,0
http://ufcstats.com/fighter-details/6412da484125716b,"Jun 24, 1997",34%,0%,4.53,4.53,45%,0.00,40%,0.0,6,2,0
http://ufcstats.com/fighter-details/34f3869747bf8fa9,--,0%,0%,0.00,0.00,0%,0.00,0%,0.0,0,1,0
http://ufcstats.com/fighter-details/c88f8a9c1ea7165d,"Aug 01, 1995",51%,62%,1.40,1.00,70%,17.00,0%,0.0,6,0,0
http://ufcstats.com/fighter-details/2a2eeee20ef049cf,"Jul 13, 1978",0%,0%,0.00,0.00,0%,0.00,0%,0.0,19,20,6
http://ufcstats.com/fighter-details/ae4343d29c68e9d0,"Oct 02, 1977",26%,0%,2.84,6.56,61%,0.00,0%,0.0,15,6,1
http://ufcstats.com/fighter-details/a890f9a791ed615d,"Aug 16, 1977",0%,0%,0.00,11.67,30%,0.00,0%,0.0,1,4,0
http://ufcstats.com/fighter-details/77940e45bc86208e,"Aug 30, 1979",33%,40%,1.51,2.65,54%,1.62,52%,0.8,7,6,0
http://ufcstats.com/fighter-details/bf7a64d9ae343e86,"Nov 20, 1996",39%,19%,3.16,4.42,38%,2.43,0%,1.2,11,3,0
http://ufcstats.com/fighter-details/c76ceda100ac0fad,"Aug 24, 1982",39%,100%,1.44,1.42,55%,0.67,35%,0.7,17,11,7
http://ufcstats.com/fighter-details/5c7fc58e782b6842,"Jan 13, 1979",0%,0%,0.00,3.41,37%,0.00,0%,0.0,6,9,0
http://ufcstats.com/fighter-details/9460c867aae1987e,"Dec 20, 1985",0%,0%,0.00,0.00,0%,0.00,0%,0.0,5,10,0
http://ufcstats.com/fighter-details/885e7f70dcac0007,--,27%,0%,1.15,2.01,46%,0.00,0%,0.0,22,17,0
http://ufcstats.com/fighter-details/0cfbbfa0ba6d9855,"Oct 16, 1980",55%,0%,4.87,1.47,77%,0.00,75%,4.0,20,12,2
http://ufcstats.com/fighter-details/a620638435de0628,--,0%,0%,0.00,0.00,0%,0.00,0%,0.0,7,6,0
http://ufcstats.com/fighter-details/7d6a3546c988cdc0,"Oct 29, 1980",0%,0%,0.00,0.00,0%,0.00,0%,0.0,8,11,0
http://ufcstats.com/fighter-details/f3eb664db7fb1df3,"Jul 20, 1983",35%,50%,1.67,3.00,38%,3.00,40%,1.0,25,14,1
http://ufcstats.com/fighter-details/d85cf12439945941,--,0%,0%,0.00,0.00,0%,0.00,0%,0.0,1,0,0
http://ufcstats.com/fighter-details/1004099ab87faa8d,"Mar 21, 1997",47%,33%,2.70,1.77,61%,3.12,42%,0.0,6,1,0
http://ufcstats.com/fighter-details/cacfd51b8e97ace0,--,0%,0%,0.00,0.00,0%,0.00,0%,0.0,1,1,0
http://ufcstats.com/fighter-details/0971be7d94e109e1,"Feb 06, 1983",0%,0%,0.00,0.00,0%,0.00,0%,0.0,0,4,0
http://ufcstats.com/fighter-details/498f0d066396ec59,--,25%,20%,2.53,3.60,48%,1.00,0%,0.0,4,3,0
http://ufcstats.com/fighter-details/20a0e4cc5227c117,"May 23, 2002",45%,0%,4.24,4.86,49%,0.00,0%,0.0,9,1,0
http://ufcstats.com/fighter-details/3fe8ad7e1594537a,"Jul 03, 2002",32%,0%,0.93,1.87,61%,0.00,50%,0.0,12,2,0
http://ufcstats.com/fighter-details/1649770c649db6a5,"Aug 22, 1986",57%,0%,2.53,3.27,30%,0.00,63%,0.0,8,4,0
http://ufcstats.com/fighter-details/e1acbb6352ca3551,--,37%,40%,0.73,0.13,81%,2.00,60%,0.0,4,2,0
http://ufcstats.com/fighter-details/4a76daef28549957,--,0%,0%,0.00,0.00,0%,0.00,0%,0.0,0,1,0
http://ufcstats.com/fighter-details/fc8610cc15674ae2,"Dec 29, 1997",58%,0%,3.60,2.53,55%,0.00,54%,0.0,4,2,0
http://ufcstats.com/fighter-details/f71028a6e5128856,--,37%,100%,2.04,3.35,48%,1.80,100%,0.0,3,2,1
http://ufcstats.com/fighter-details/13150cf89a5b81e0,--,53%,80%,3.53,0.40,68%,4.00,0%,0.0,3,0,0
http://ufcstats.com/fighter-details/fdb02029556ff4ed,"Feb 11, 1979",36%,31%,2.92,3.66,54%,2.45,33%,0.3,9,5,0
http://ufcstats.com/fighter-details/e69c5ce12f4e762b,"Nov 25, 1975",43%,53%,1.42,3.06,61%,2.70,25%,4.0,10,4,0
http://ufcstats.com/fighter-details/88432fe79d5091d9,"Jul 14, 1980",26%,0%,1.02,3.68,40%,0.00,0%,0.0,2,1,0
http://ufcstats.com/fighter-details/2af2d675f7d847e3,--,100%,0%,0.29,1.74,60%,0.00,0%,0.0,4,3,0
http://ufcstats.com/fighter-details/86b30a86664cb6e4,--,50%,0%,4.84,0.97,80%,0.00,66%,14.5,5,7,1
http://ufcstats.com/fighter-details/006efbb0c1621fd7,"Aug 10, 1991",39%,0%,3.64,5.33,47%,0.00,0%,0.0,8,2,0
http://ufcstats.com/fighter-details/bc7efc037c5f6550,"Dec 01, 1994",53%,42%,2.60,4.80,37%,3.00,0%,0.0,4,1,0
http://ufcstats.com/fighter-details/483b3170b3c05cf0,"Apr 04, 1986",0%,0%,0.00,0.00,0%,0.00,0%,0.0,14,5,4
http://ufcstats.com/fighter-details/8332a607df696345,"Sep 18, 1971",0%,0%,0.00,0.00,0%,0.00,0%,0.0,16,22,6
http://ufcstats.com/fighter-details/6c9384138c82962f,"Sep 27, 2000",35%,25%,1.95,2.81,55%,1.72,16%,0.0,6,2,0
http://ufcstats.com/fighter-details/33fb306278dbb3e5,"Nov 18, 1989",45%,42%,4.78,4.63,35%,3.42,0%,0.0,9,2,0
http://ufcstats.com/fighter-details/acbb9c76f5894e36,"Sep 17, 1984",59%,83%,2.40,0.60,59%,5.00,0%,2.0,5,2,0
http://ufcstats.com/fighter-details/e30715382f42b772,"Apr 15, 1990",42%,35%,0.70,3.07,34%,3.00,16%,1.0,6,5,0
http://ufcstats.com/fighter-details/ee28aa7f1043756c,"Sep 29, 1984",50%,0%,0.81,0.51,79%,0.00,0%,0.0,8,3,0
http://ufcstats.com/fighter-details/f295d50c56339ab6,"Feb 05, 1997",43%,0%,4.35,10.57,52%,0.00,50%,0.0,6,2,0
http://ufcstats.com/fighter-details/6070f16bcfd89fcf,--,0%,0%,0.00,0.00,0%,0.00,0%,0.0,4,0,0
http://ufcstats.com/fighter-details/4d2e3320d815f687,"Jul 25, 1988",44%,45%,2.99,1.41,66%,3.40,75%,0.0,9,1,0
http://ufcstats.com/fighter-details/b24666e26bd750a3,"Dec 18, 1990",39%,0%,2.10,2.30,48%,0.00,35%,0.0,13,8,1
http://ufcstats.com/fighter-details/10d4575f497face4,"Nov 28, 1989",55%,0%,6.57,8.76,47%,0.00,0%,0.0,9,2,0
http://ufcstats.com/fighter-details/7f9abc4db2d05764,"Mar 02, 1989",61%,0%,2.64,4.66,11%,0.00,100%,0.0,14,5,0
http://ufcstats.com/fighter-details/f6c1ce7cfd600662,"Sep 22, 1997",30%,16%,3.73,5.00,35%,2.00,0%,2.0,9,5,0
http://ufcstats.com/fighter-details/21632ba272c0785a,"Aug 18, 1976",0%,0%,0.00,0.00,0%,0.00,0%,0.0,20,25,0
http://ufcstats.com/fighter-details/e29cf523ebd155c5,"Sep 24, 1987",41%,55%,4.59,3.16,65%,1.52,37%,0.9,21,7,1
http://ufcstats.com/fighter-details/57591bbf1623574e,"Nov 13, 1980",38%,0%,1.11,1.52,45%,0.00,46%,0.0,18,8,1
http://ufcstats.com/fighter-details/c6668eeb261588d3,"Jun 08, 1988",0%,0%,0.00,0.00,0%,0.00,0%,0.0,11,4,0
http://ufcstats.com/fighter-details/4b1896310a907656,--,0%,0%,0.00,0.00,0%,0.00,0%,0.0,3,0,0
http://ufcstats.com/fighter-details/1ec1b6a7a29ffc71,"Dec 16, 1992",37%,0%,4.62,10.77,30%,0.00,0%,0.0,11,2,0
http://ufcstats.com/fighter-details/1c8b9f4d89b92e1b,"Jul 04, 2000",0%,0%,0.00,0.00,0%,0.00,0%,0.0,13,0,0
http://ufcstats.com/fighter-details/e71c75f533a30daa,"Mar 12, 1994",0%,0%,0.00,0.00,0%,0.00,0%,0.0,14,8,0
http://ufcstats.com/fighter-details/f372a848d250e006,"Sep 29, 1994",60%,100%,2.05,2.73,42%,10.23,0%,20.4,8,2,0
http://ufcstats.com/fighter-details/8b9197746bd3e005,"Aug 11, 1986",42%,0%,2.47,2.59,67%,0.00,0%,0.9,6,2,0
http://ufcstats.com/fighter-details/737d93a42b8c2e94,--,0%,0%,0.00,0.00,0%,0.00,0%,0.0,3,1,0
http://ufcstats.com/fighter-details/b0718335e9868cfd,"Sep 07, 1980",0%,0%,0.00,0.00,0%,0.00,0%,0.0,22,10,0
http://ufcstats.com/fighter-details/e4cbc82c36e47299,"Jan 03, 1996",0%,0%,0.00,0.00,0%,0.00,0%,0.0,8,1,0
http://ufcstats.com/fighter-details/b9c75e7fc910f587,--,0%,0%,0.00,0.00,0%,0.00,0%,0.0,6,2,0
http://ufcstats.com/fighter-details/cb1b4d237b0079e6,"May 27, 1977",40%,37%,1.45,3.83,46%,1.41,33%,3.8,7,3,0
http://ufcstats.com/fighter-details/edc9eb3051f444fa,"Oct 16, 1983",0%,0%,0.00,0.00,0%,0.00,0%,0.0,7,1,0
http://ufcstats.com/fighter-details/21b54430c8eeb9cc,"Jun 24, 1978",45%,0%,1.12,3.35,56%,0.00,20%,0.0,12,5,0
http://ufcstats.com/fighter-details/8588d14c4952b9fa,"Sep 02, 1988",0%,0%,0.00,0.00,0%,0.00,0%,0.0,8,5,0
http://ufcstats.com/fighter-details/1c01d986283e6acb,"Jan 18, 1994",46%,0%,2.47,6.20,44%,0.00,50%,0.0,8,2,0
http://ufcstats.com/fighter-details/031c06c8210e357c,"Oct 26, 2000",0%,0%,0.00,0.00,0%,0.00,0%,0.0,4,0,0
http://ufcstats.com/fighter-details/df9e9c1f65805d29,"Oct 13, 1971",50%,0%,0.35,3.25,42%,0.00,0%,0.0,0,1,0
http://ufcstats.com/fighter-details/81f38d1640c4e70d,"Aug 24, 1975",32%,26%,2.59,3.74,57%,1.23,60%,0.0,21,19,5
http://ufcstats.com/fighter-details/b71667c778b6d9e5,"Nov 21, 1966",20%,0%,0.16,2.95,26%,0.00,0%,7.0,30,11,1
http://ufcstats.com/fighter-details/3abe2b6b2d9b7efc,"Aug 10, 1999",0%,0%,0.00,0.00,0%,0.00,0%,0.0,12,4,0
http://ufcstats.com/fighter-details/2ce6541127b0e232,"Aug 08, 1976",50%,50%,0.18,1.83,52%,2.75,0%,0.0,2,6,0
http://ufcstats.com/fighter-details/a4dd5c9a75763295,"Feb 10, 1976",30%,0%,0.55,1.74,57%,0.00,0%,2.1,36,16,2
http://ufcstats.com/fighter-details/59e52d56bab2b1ee,"Sep 01, 1989",48%,12%,1.93,2.67,60%,1.00,0%,1.0,12,7,0
http://ufcstats.com/fighter-details/bb56173e2275e622,"Mar 24, 1999",33%,20%,1.65,4.19,33%,1.65,0%,0.0,12,5,0
http://ufcstats.com/fighter-details/f0a381ba65d2a933,--,0%,0%,0.00,0.00,0%,0.00,0%,0.0,1,0,0
http://ufcstats.com/fighter-details/37a6c95201592fea,"Jul 04, 1965",36%,0%,1.66,3.31,57%,0.00,0%,0.0,13,8,0
http://ufcstats.com/fighter-details/b5882371e2a3900d,"Aug 10, 1979",24%,0%,3.41,12.89,51%,0.00,66%,0.0,19,9,4
http://ufcstats.com/fighter-details/a61a0cd2829e5d4e,"Mar 18, 1980",44%,0%,2.54,3.32,61%,0.00,47%,0.0,23,10,0
http://ufcstats.com/fighter-details/1e75e6c9de99fa76,--,0%,0%,0.00,0.00,0%,0.00,0%,0.0,4,3,0
http://ufcstats.com/fighter-details/05a0556072931f01,"Dec 30, 1979",25%,75%,1.20,2.07,51%,3.59,0%,1.2,19,9,1
http://ufcstats.com/fighter-details/a47c2a6e24757932,"Jan 10, 1986",42%,30%,3.27,4.47,36%,4.00,33%,0.0,11,4,0
http://ufcstats.com/fighter-details/e9095aeb36f2aeb8,"Oct 22, 1989",36%,0%,1.93,5.78,40%,0.00,0%,0.0,10,3,0
http://ufcstats.com/fighter-details/82f5c81f4e3c3eb5,"Dec 29, 1978",41%,53%,1.46,1.13,61%,4.76,33%,0.7,20,8,1
http://ufcstats.com/fighter-details/c8a49ff2acb6f3c5,"Dec 19, 1986",36%,52%,1.41,1.58,63%,3.47,100%,1.6,15,8,1
http://ufcstats.com/fighter-details/119ebea97e914dcf,"Feb 08, 1967",28%,0%,1.07,8.57,11%,0.00,50%,0.0,0,2,0
http://ufcstats.com/fighter-details/eb89dc31949a1427,"Oct 12, 1979",29%,9%,1.20,4.07,60%,1.00,0%,0.0,29,24,3
http://ufcstats.com/fighter-details/f3155a94ca420126,"Aug 05, 1968",30%,18%,1.34,2.99,59%,2.74,0%,0.0,1,5,1
http://ufcstats.com/fighter-details/f647247f0d9f3b50,"Oct 07, 1996",39%,0%,3.40,3.13,55%,0.00,62%,1.0,17,9,1
http://ufcstats.com/fighter-details/ac5f67109accb482,"Feb 07, 1977",20%,0%,1.00,3.00,70%,0.00,0%,0.0,9,6,2
http://ufcstats.com/fighter-details/243b07fc65ccbb16,"Jun 20, 1969",100%,0%,0.79,8.68,38%,0.00,0%,0.0,0,1,0
http://ufcstats.com/fighter-details/5b08af4fbc987f9c,"Jul 07, 1997",33%,0%,1.99,7.08,32%,0.00,0%,0.0,9,2,0
http://ufcstats.com/fighter-details/53e4e21f4c688801,"Jun 22, 1982",37%,70%,1.95,2.65,66%,3.35,100%,0.5,4,2,0
http://ufcstats.com/fighter-details/56c5132870a526d5,--,0%,0%,0.00,0.00,0%,0.00,0%,0.0,4,3,0
http://ufcstats.com/fighter-details/ca8da445dfa82d56,"Oct 30, 1990",48%,0%,2.24,1.31,56%,0.00,0%,0.0,7,2,0
http://ufcstats.com/fighter-details/ba17afef01ed78b6,--,0%,0%,0.00,0.00,0%,0.00,0%,0.0,1,9,0
http://ufcstats.com/fighter-details/46f557bd44da630e,"Sep 28, 1993",44%,100%,0.88,3.94,51%,3.28,100%,0.0,6,1,1
http://ufcstats.com/fighter-details/a34fecf2f4e5a317,"May 29, 1978",42%,0%,1.33,2.67,28%,0.00,44%,0.0,14,8,1
http://ufcstats.com/fighter-details/c7b0081edfef4bc7,"Nov 04, 2002",41%,50%,2.53,4.13,51%,2.00,90%,0.0,7,2,0
http://ufcstats.com/fighter-details/8f7380fb0916dc77,"Sep 25, 1980",0%,0%,0.00,0.00,0%,0.00,0%,0.0,8,1,0
http://ufcstats.com/fighter-details/335ad945324c3a2e,"Aug 21, 1979",33%,28%,2.94,3.67,58%,2.79,38%,0.9,20,4,0
http://ufcstats.com/fighter-details/805ad1801eb26abb,"Aug 02, 1969",60%,0%,2.20,1.47,56%,0.00,25%,0.0,38,18,0
http://ufcstats.com/fighter-details/99d5cf1eda8b25c1,--,57%,0%,2.26,2.71,51%,0.00,66%,0.0,6,9,0
http://ufcstats.com/fighter-details/32e8e0e8498f03c2,--,0%,0%,0.00,0.00,0%,0.00,0%,0.0,1,4,0
http://ufcstats.com/fighter-details/0e8744ded08ee5fb,--,0%,0%,0.00,0.00,0%,0.00,0%,0.0,4,2,0
http://ufcstats.com/fighter-details/ccdcb20370be62a3,"Nov 14, 1992",45%,0%,3.10,4.46,34%,0.00,50%,0.0,10,3,0
http://ufcstats.com/fighter-details/5e841bb3752b6e86,"Feb 05, 1988",37%,68%,2.41,1.58,67%,7.23,100%,0.0,11,4,0
http://ufcstats.com/fighter-details/dae85a6a83f53215,"Jul 22, 1981",0%,0%,0.00,0.00,0%,0.00,0%,0.0,19,6,0
http://ufcstats.com/fighter-details/aec273fcb765330d,"Jul 20, 1979",0%,100%,0.00,0.92,60%,6.92,0%,6.9,4,11,2
http://ufcstats.com/fighter-details/59d36ddfcb27b7dc,--,0%,0%,0.00,0.00,0%,0.00,0%,0.0,8,12,1
http://ufcstats.com/fighter-details/1c02b964466c10e4,"Jan 16, 1999",65%,100%,14.22,2.43,82%,5.20,100%,0.0,11,0,0
http://ufcstats.com/fighter-details/a5c53b3ddb31cc7d,"Aug 04, 1963",0%,0%,0.00,0.00,0%,0.00,0%,0.0,0,1,0
http://ufcstats.com/fighter-details/4eccb78d628b2238,"Jul 10, 1988",50%,0%,2.00,10.00,0%,0.00,0%,0.0,36,11,0
http://ufcstats.com/fighter-details/c14a683dac2ebc4c,"Dec 09, 2000",44%,53%,2.70,2.53,48%,2.26,50%,0.0,17,4,0
http://ufcstats.com/fighter-details/22f4b6cb6b1bd7fd,--,0%,0%,0.00,0.00,0%,0.00,0%,0.0,1,1,1
http://ufcstats.com/fighter-details/443835675e8fc6ca,--,0%,0%,0.00,0.00,0%,0.00,0%,0.0,0,1,0
http://ufcstats.com/fighter-details/fa2fca260beeb9c0,--,25%,0%,1.83,6.30,36%,0.00,0%,0.0,10,6,0
http://ufcstats.com/fighter-details/3641a0d117e9bc6c,"May 02, 1983",92%,0%,4.00,3.67,22%,0.00,90%,0.0,7,2,0
http://ufcstats.com/fighter-details/bf97ad31eae89429,"Nov 15, 1970",41%,0%,2.27,6.67,43%,0.00,0%,0.0,6,9,0
http://ufcstats.com/fighter-details/a45bab49951a45cd,--,53%,22%,2.00,4.73,31%,2.00,0%,0.0,11,3,0
http://ufcstats.com/fighter-details/552b09cbf13b6328,"Nov 09, 1990",60%,100%,5.09,1.13,33%,8.49,100%,0.0,5,1,0
http://ufcstats.com/fighter-details/6ce9a012e4c6020c,"Jul 22, 1986",68%,0%,5.92,7.80,40%,0.00,0%,0.0,6,2,0
http://ufcstats.com/fighter-details/a6aa3157e1a1d104,"Sep 11, 1994",0%,0%,0.00,0.00,0%,0.00,0%,0.0,16,0,0
http://ufcstats.com/fighter-details/f54fb3b9c4228142,"Aug 21, 1970",0%,0%,0.00,0.00,0%,0.00,0%,0.0,0,1,0
http://ufcstats.com/fighter-details/f117c3e8c1aa7b9e,--,41%,50%,2.32,3.58,56%,4.02,57%,2.7,1,4,0
http://ufcstats.com/fighter-details/bc0f994de0521926,--,0%,0%,0.00,0.00,0%,0.00,0%,0.0,2,1,0
http://ufcstats.com/fighter-details/7b223a22a6c26868,"Jul 31, 1981",0%,0%,0.00,0.00,0%,0.00,0%,0.0,11,8,0
http://ufcstats.com/fighter-details/be8dfcf0442812b1,"Oct 26, 1983",0%,0%,0.00,0.00,0%,0.00,0%,0.0,7,5,0
http://ufcstats.com/fighter-details/329aff8e958a2997,--,0%,0%,0.00,0.00,0%,0.00,0%,0.0,4,4,0
http://ufcstats.com/fighter-details/04f0471f221db717,--,0%,0%,0.00,0.00,0%,0.00,0%,0.0,1,3,0
http://ufcstats.com/fighter-details/509319d35664369e,"Nov 16, 1981",0%,0%,0.00,0.00,0%,0.00,0%,0.0,10,5,0
http://ufcstats.com/fighter-details/8a9f54b9056b07f5,--,0%,0%,0.00,0.00,0%,0.00,0%,0.0,2,6,0
http://ufcstats.com/fighter-details/1dda22d0ac3d1271,"Jan 31, 1988",80%,0%,1.78,3.11,65%,0.00,0%,0.0,7,5,0
http://ufcstats.com/fighter-details/f1fd494586ab8d5f,"Apr 12, 1985",55%,0%,7.50,30.00,42%,0.00,0%,0.0,6,1,0
http://ufcstats.com/fighter-details/e947b563eb744a21,"Jul 17, 1991",0%,0%,0.00,0.00,0%,0.00,0%,0.0,0,0,0
http://ufcstats.com/fighter-details/08b01ed84044c6bc,"May 24, 1996",46%,0%,5.87,7.60,48%,0.00,33%,0.0,6,2,0
http://ufcstats.com/fighter-details/8ecb9f42da5ef5ac,"Sep 28, 1984",0%,0%,0.00,0.00,0%,0.00,0%,0.0,9,5,0
http://ufcstats.com/fighter-details/34ca93f1791a5c50,"Aug 16, 1989",52%,20%,2.60,2.87,55%,1.00,20%,1.0,5,0,0
http://ufcstats.com/fighter-details/91cd52cb92dfdd52,"Mar 13, 1997",49%,0%,7.32,2.44,54%,0.00,66%,1.4,9,3,0
http://ufcstats.com/fighter-details/35080a7f406f9ab3,"Jul 18, 1985",33%,33%,0.57,1.71,47%,0.78,0%,2.3,11,8,0
http://ufcstats.com/fighter-details/791367e8c35cfb6a,"Oct 14, 1985",53%,0%,3.28,5.63,47%,0.00,0%,0.0,5,0,0
http://ufcstats.com/fighter-details/97f3692d5444a80a,--,25%,100%,0.89,10.34,38%,4.43,66%,0.0,1,12,0
http://ufcstats.com/fighter-details/cd039ff136d89ded,"May 08, 1981",48%,33%,1.71,2.87,52%,2.69,50%,0.0,23,12,0
http://ufcstats.com/fighter-details/410898e8dd6ca9b6,"Jan 12, 1998",51%,0%,4.21,6.23,55%,0.00,25%,0.0,8,1,0
http://ufcstats.com/fighter-details/b35d1650c78c2948,"May 26, 1978",36%,75%,0.63,1.85,56%,1.10,0%,1.5,0,4,0
http://ufcstats.com/fighter-details/13104eaed3ae96c3,"Oct 27, 1985",9%,0%,0.53,2.79,63%,0.00,0%,2.0,4,8,0
http://ufcstats.com/fighter-details/b180f05acb24d430,--,67%,0%,4.40,0.53,50%,0.00,50%,0.0,1,2,0
http://ufcstats.com/fighter-details/00a35c92b03992b0,"Nov 04, 1984",37%,0%,0.85,4.93,36%,0.00,40%,0.0,16,1,0
http://ufcstats.com/fighter-details/0565706b1e7f7e7c,"Oct 16, 1995",42%,26%,3.73,4.72,54%,1.41,92%,0.0,15,7,0
http://ufcstats.com/fighter-details/9336e86cfd4ceaa1,--,60%,0%,9.47,12.63,0%,0.00,100%,0.0,12,20,1
http://ufcstats.com/fighter-details/a46ab6c64d321c2d,"Oct 25, 1998",0%,0%,0.00,0.00,0%,0.00,0%,0.0,4,0,0
http://ufcstats.com/fighter-details/a46fa1c7972548d0,"Apr 12, 1993",54%,15%,3.83,4.90,47%,1.50,0%,0.5,13,2,1
http://ufcstats.com/fighter-details/a497e228cce8a64f,"Apr 19, 1999",53%,27%,1.69,4.50,35%,5.07,100%,0.0,6,1,0
http://ufcstats.com/fighter-details/b42d3a1469dab722,"Dec 20, 1995",41%,18%,3.63,2.90,53%,2.00,100%,0.0,12,5,0
http://ufcstats.com/fighter-details/eda579d906cf0ca2,"Oct 05, 1970",22%,0%,0.76,4.39,40%,0.00,40%,0.4,19,27,5
http://ufcstats.com/fighter-details/5345f86680378fc1,"Oct 19, 1976",0%,0%,0.00,0.94,42%,0.00,0%,3.5,0,3,0
http://ufcstats.com/fighter-details/43292ecf0e72c143,"May 29, 1985",39%,50%,4.49,5.00,54%,1.41,33%,1.9,26,7,1
http://ufcstats.com/fighter-details/4a9120fa47bafef0,"Aug 12, 2001",50%,100%,0.21,7.37,25%,3.16,0%,6.3,4,2,0
http://ufcstats.com/fighter-details/542db012217ecb83,"Dec 05, 1977",29%,57%,1.20,2.10,70%,2.00,80%,0.5,20,10,0
http://ufcstats.com/fighter-details/ebf1c247b2cba375,"Sep 17, 1982",48%,100%,2.80,1.72,68%,1.62,0%,0.0,8,2,0
http://ufcstats.com/fighter-details/fa2320781bfe4f49,"Aug 14, 1980",47%,0%,2.87,3.93,50%,0.00,72%,0.0,18,12,0
http://ufcstats.com/fighter-details/58d42b9e920b25fc,"Aug 26, 1997",51%,0%,2.83,4.59,36%,0.00,100%,0.0,6,2,0
http://ufcstats.com/fighter-details/9e91d7fd2720e241,"Jun 29, 1981",16%,0%,0.60,3.93,39%,0.00,6%,0.0,18,9,4
http://ufcstats.com/fighter-details/49f4171f14f54220,"Jan 30, 1995",41%,55%,2.54,3.79,41%,11.67,100%,0.0,10,4,0
http://ufcstats.com/fighter-details/547c5611bd366988,--,0%,0%,0.00,0.00,0%,0.00,0%,0.0,0,0,0
http://ufcstats.com/fighter-details/a72b20136239ba39,"Jun 15, 1985",0%,0%,0.00,0.00,0%,0.00,0%,0.0,6,2,0
http://ufcstats.com/fighter-details/c788481ae19e798d,"Jul 07, 1981",22%,0%,1.94,2.90,62%,0.00,0%,0.0,7,1,0
http://ufcstats.com/fighter-details/ace83095105dd205,"Aug 02, 1978",0%,0%,0.00,0.00,0%,0.00,0%,0.0,5,4,0
http://ufcstats.com/fighter-details/9b8a73b59be8d786,--,0%,0%,0.00,0.00,0%,0.00,0%,0.0,6,2,0
http://ufcstats.com/fighter-details/772022b989534f0d,"Mar 18, 1991",52%,33%,1.47,1.67,37%,1.00,84%,0.0,26,11,0
http://ufcstats.com/fighter-details/c1e4ae143cce7398,--,16%,0%,1.26,8.21,31%,0.00,0%,0.0,11,22,0
http://ufcstats.com/fighter-details/ef61d9f5176b3200,"Oct 21, 1982",42%,0%,1.91,6.22,33%,0.00,0%,14.3,9,3,0
http://ufcstats.com/fighter-details/b84f34b425dfd24b,"Apr 17, 1980",0%,0%,0.00,2.05,60%,0.00,100%,7.7,11,9,0
http://ufcstats.com/fighter-details/1aba18b5f15d4956,"Apr 16, 1984",0%,0%,0.00,0.00,0%,0.00,0%,0.0,6,0,0
http://ufcstats.com/fighter-details/0693b2eab79198ea,"Aug 18, 1980",44%,53%,3.90,3.03,54%,1.16,70%,1.0,26,6,0
http://ufcstats.com/fighter-details/3929efe0c0a83d07,"Jul 17, 1988",42%,25%,6.14,6.38,40%,3.54,0%,0.0,8,3,0
http://ufcstats.com/fighter-details/a072b512b6f4fc42,"Sep 25, 1993",61%,0%,2.60,2.80,61%,0.00,85%,0.0,21,7,0
http://ufcstats.com/fighter-details/4bbd1e5c77ef3c2f,"Apr 15, 1992",38%,14%,2.80,2.60,38%,2.00,100%,0.0,10,0,0
http://ufcstats.com/fighter-details/aaeb55084b198a39,"Feb 11, 1991",50%,20%,6.73,4.21,55%,0.73,50%,0.0,18,9,0
http://ufcstats.com/fighter-details/9c37681096c6f3a9,"Jul 23, 1978",56%,40%,3.67,0.40,14%,2.00,100%,0.0,16,4,0
http://ufcstats.com/fighter-details/8d04923f2db59b7f,"Dec 12, 1979",25%,0%,5.06,8.43,50%,0.00,66%,0.0,0,4,0
http://ufcstats.com/fighter-details/354808cf38d9d73c,"Nov 01, 1979",32%,42%,1.75,2.51,36%,3.43,0%,0.0,11,7,0
http://ufcstats.com/fighter-details/380e8b023290d091,--,0%,0%,0.00,0.00,0%,0.00,0%,0.0,13,23,0
http://ufcstats.com/fighter-details/9e0f28d1f639ad73,"Nov 20, 1976",15%,100%,0.84,3.28,63%,2.81,0%,0.0,0,1,0
http://ufcstats.com/fighter-details/831b937811804dad,"Jan 22, 1975",100%,0%,0.87,3.48,20%,0.00,0%,0.0,3,7,0
http://ufcstats.com/fighter-details/dba230fe33011201,"Mar 03, 1978",21%,0%,1.33,3.00,60%,0.00,0%,0.0,23,11,3
http://ufcstats.com/fighter-details/6343a95f1d9e6a33,"Jul 21, 1993",0%,0%,0.00,0.00,0%,0.00,0%,0.0,10,2,0
http://ufcstats.com/fighter-details/2bc47c7cc6c05bd7,"Jun 19, 1990",42%,0%,5.79,5.68,52%,0.00,50%,1.7,13,6,0
http://ufcstats.com/fighter-details/5a9f7b5ffebdd6e7,"Jan 29, 1992",46%,40%,6.77,6.32,63%,3.87,100%,0.0,11,4,0
http://ufcstats.com/fighter-details/e9712cad24948ce1,"Sep 01, 1993",57%,25%,3.18,3.73,58%,0.69,72%,0.0,10,6,1
http://ufcstats.com/fighter-details/e7ecfab8fd86d3e1,"Nov 05, 1992",53%,0%,1.53,0.87,69%,0.00,33%,0.0,12,6,0
http://ufcstats.com/fighter-details/864c07a7ff90caae,"May 25, 1997",0%,0%,0.00,0.00,0%,0.00,0%,0.0,8,1,0
http://ufcstats.com/fighter-details/c7ac79839e86ce33,"Jul 08, 1970",60%,0%,2.71,1.33,52%,0.00,55%,0.0,6,3,0
http://ufcstats.com/fighter-details/51d2aaaca56e5b40,"Jul 29, 1976",87%,0%,4.88,0.00,0%,0.00,50%,0.0,5,4,0
http://ufcstats.com/fighter-details/e2ac5bb645f33088,"Feb 04, 1980",33%,10%,0.68,2.15,45%,0.62,27%,2.1,40,14,9
http://ufcstats.com/fighter-details/e065b4a42a6c2c79,"Aug 15, 1992",59%,85%,4.47,3.23,66%,2.72,74%,0.0,9,5,0
http://ufcstats.com/fighter-details/8ad022dd81224f61,"Jul 25, 1973",33%,25%,2.55,2.42,40%,0.98,90%,0.0,8,4,0
http://ufcstats.com/fighter-details/bc3876891e155bb5,--,50%,0%,0.82,3.84,58%,0.00,0%,0.0,6,1,0
http://ufcstats.com/fighter-details/8276f28f1ad087de,--,0%,0%,0.00,0.00,0%,0.00,0%,0.0,7,0,0
http://ufcstats.com/fighter-details/02f0e04acf102ea9,"Feb 27, 1984",0%,0%,0.00,0.00,0%,0.00,0%,0.0,18,22,3
http://ufcstats.com/fighter-details/1fac46d466abd5b8,"Jul 05, 1984",0%,0%,0.00,15.56,22%,0.00,100%,0.0,12,7,1
http://ufcstats.com/fighter-details/a02652d063ef5baa,"Oct 28, 1988",33%,100%,1.01,1.66,45%,2.17,100%,0.0,21,4,4
http://ufcstats.com/fighter-details/c398235fcaf8d71d,"Feb 25, 1983",21%,11%,2.33,4.11,59%,1.67,0%,0.0,19,3,1
http://ufcstats.com/fighter-details/6d8ef8706781c49e,--,0%,0%,0.00,0.00,0%,0.00,0%,0.0,4,1,0
http://ufcstats.com/fighter-details/44c233770075cea1,--,0%,0%,0.00,0.00,0%,0.00,0%,0.0,1,0,0
http://ufcstats.com/fighter-details/5717efc6f271cd52,"Jul 16, 1976",33%,0%,0.81,4.31,46%,0.00,0%,4.0,8,4,1
http://ufcstats.com/fighter-details/33de378ce1734638,"Oct 17, 1992",45%,60%,1.12,4.49,42%,10.11,0%,0.0,10,1,0
http://ufcstats.com/fighter-details/dd39f1ca787a3d9d,"Jul 16, 1965",66%,0%,0.33,4.31,40%,0.00,0%,0.0,6,11,0
http://ufcstats.com/fighter-details/000774e57404d8c7,"Feb 01, 1998",44%,50%,3.92,3.38,42%,6.88,33%,0.6,8,3,0
http://ufcstats.com/fighter-details/aee885b8ca29ab4f,"Aug 23, 1990",39%,53%,2.84,1.92,63%,4.80,0%,0.0,19,2,0
http://ufcstats.com/fighter-details/a68d57ae177a5815,--,40%,100%,3.94,4.38,44%,6.57,100%,6.6,1,2,0
http://ufcstats.com/fighter-details/c6becb722706c7d8,"Dec 21, 1969",38%,0%,0.67,4.92,15%,0.00,25%,0.0,7,4,1
http://ufcstats.com/fighter-details/8fbcd82bf7f352bf,"May 09, 1981",22%,25%,1.47,4.87,44%,1.00,0%,0.0,12,16,0
http://ufcstats.com/fighter-details/ad0e42800a0d8977,"Mar 29, 1977",0%,0%,0.00,0.00,0%,0.00,0%,0.0,3,1,1
http://ufcstats.com/fighter-details/fc36e2352dccf2a4,--,39%,100%,3.90,4.36,50%,2.34,100%,0.0,8,0,0
http://ufcstats.com/fighter-details/db05271715bb4874,"Jan 03, 1970",100%,0%,0.82,2.47,60%,0.00,66%,4.1,5,1,0
http://ufcstats.com/fighter-details/6071d786f6187810,"May 08, 1974",0%,0%,0.00,0.00,0%,0.00,0%,0.0,5,0,0
http://ufcstats.com/fighter-details/ab16537dd1e5e81d,"Oct 04, 1989",45%,100%,0.93,3.40,39%,4.00,0%,2.0,8,1,0
http://ufcstats.com/fighter-details/66579081831db7b0,"Dec 23, 1997",50%,0%,2.11,6.97,37%,0.00,100%,0.0,7,1,0
http://ufcstats.com/fighter-details/487c170da059857d,"Mar 24, 1983",71%,0%,1.85,4.44,33%,0.00,0%,0.0,10,7,2
http://ufcstats.com/fighter-details/a272656ad662ac53,"Oct 12, 1982",0%,0%,0.00,0.00,0%,0.00,0%,0.0,1,2,0
http://ufcstats.com/fighter-details/4e77d070239699e2,"Feb 24, 1986",40%,0%,2.50,5.50,36%,0.00,50%,0.0,6,3,0
http://ufcstats.com/fighter-details/a0a625221e0dd339,"Sep 09, 2000",24%,30%,2.80,4.67,46%,6.00,60%,0.0,8,1,0
http://ufcstats.com/fighter-details/2694c4997a51ed01,"Jul 14, 1999",37%,50%,3.93,7.93,38%,2.00,50%,0.0,10,1,0
http://ufcstats.com/fighter-details/780a2897055e3ee3,"Jan 23, 1989",73%,0%,0.73,1.33,31%,0.00,69%,1.0,8,4,0
http://ufcstats.com/fighter-details/b6a73e6f11a8835c,"Aug 23, 1996",67%,14%,11.67,9.13,54%,1.00,0%,0.0,8,0,0
http://ufcstats.com/fighter-details/032b65d5fff611b2,"Jul 13, 1973",0%,0%,0.00,12.00,50%,0.00,0%,0.0,10,8,2
http://ufcstats.com/fighter-details/4c78fc005a53831d,"Apr 16, 1972",20%,0%,0.47,3.72,60%,0.00,0%,0.0,0,1,0
http://ufcstats.com/fighter-details/b490def93478ae29,--,36%,20%,1.31,2.95,52%,1.23,0%,2.5,7,5,0
http://ufcstats.com/fighter-details/aeb2bcd4371f40d5,"Jul 18, 1991",48%,40%,5.53,4.94,55%,3.53,0%,0.0,17,2,0
http://ufcstats.com/fighter-details/843dd76c50cae0f6,--,30%,0%,2.31,12.12,19%,0.00,0%,0.0,0,3,0
http://ufcstats.com/fighter-details/2545c7f47a65bca3,"Aug 01, 1970",0%,0%,0.00,0.00,0%,0.00,0%,0.0,11,16,0
http://ufcstats.com/fighter-details/849d15ed7e3a0e97,--,50%,50%,0.53,4.40,32%,8.00,0%,2.0,2,2,0
http://ufcstats.com/fighter-details/edbc609a3b0d2aba,"Nov 17, 1993",41%,0%,4.67,4.40,47%,0.00,33%,0.0,7,2,0
http://ufcstats.com/fighter-details/b3fb8d2293e17a59,"Apr 24, 1978",39%,100%,0.75,1.10,46%,3.00,0%,0.8,7,4,0
http://ufcstats.com/fighter-details/5108b169b5fe1f86,--,36%,0%,2.53,5.33,44%,0.00,71%,0.0,11,6,0
http://ufcstats.com/fighter-details/4fe1d105af549845,--,0%,0%,0.00,0.00,0%,0.00,0%,0.0,11,5,0
http://ufcstats.com/fighter-details/eb84192d1a97f69e,--,0%,0%,0.00,0.00,0%,0.00,0%,0.0,3,2,0
http://ufcstats.com/fighter-details/fbe9f4efc2153be2,"May 25, 1989",68%,100%,3.16,1.89,47%,3.16,33%,0.0,8,5,0
http://ufcstats.com/fighter-details/b40e65d71a8d4ce5,"Sep 04, 1986",0%,0%,0.00,0.00,0%,0.00,0%,0.0,6,5,0
http://ufcstats.com/fighter-details/7d06092326c52528,--,0%,0%,0.00,0.00,0%,0.00,0%,0.0,2,1,0
http://ufcstats.com/fighter-details/e62ce041bb7aeb1f,"Nov 04, 1990",39%,0%,5.34,7.23,30%,0.00,0%,0.0,7,3,0
http://ufcstats.com/fighter-details/7e062824c175f975,"Sep 09, 1973",40%,80%,0.99,0.77,43%,2.20,40%,2.2,29,16,0
http://ufcstats.com/fighter-details/d73e856f150744b2,"Aug 26, 1986",0%,0%,0.00,0.00,0%,0.00,0%,0.0,5,1,0
http://ufcstats.com/fighter-details/09422812370fbdfe,"May 11, 1975",50%,60%,1.13,1.41,42%,4.22,0%,4.2,21,2,0
http://ufcstats.com/fighter-details/b8980dd7e8fc5976,"Aug 31, 1980",0%,0%,0.00,0.00,0%,0.00,0%,0.0,5,1,0
http://ufcstats.com/fighter-details/62a72adeb0227603,"Oct 01, 1998",47%,28%,3.96,5.62,51%,1.19,50%,0.0,6,1,0
http://ufcstats.com/fighter-details/7107e53ebd7435fb,"Dec 30, 1980",0%,0%,0.00,0.00,0%,0.00,0%,0.0,6,2,0
http://ufcstats.com/fighter-details/b0826525fa17231d,"Jul 16, 1976",63%,70%,3.10,0.76,63%,11.47,0%,0.0,15,2,0
http://ufcstats.com/fighter-details/09224b76d27007ee,"Feb 17, 1991",51%,0%,3.40,7.07,31%,0.00,100%,0.0,6,2,0
http://ufcstats.com/fighter-details/aa6da8cb3a26da04,"May 03, 1994",37%,0%,0.87,2.67,34%,0.00,33%,0.0,10,3,0
http://ufcstats.com/fighter-details/5449dcccd972ff83,"May 24, 1976",0%,0%,0.00,0.00,0%,0.00,0%,0.0,9,7,0
http://ufcstats.com/fighter-details/e3162dbdbfd78287,"Mar 24, 1995",0%,0%,0.00,0.00,0%,0.00,0%,0.0,9,2,0
http://ufcstats.com/fighter-details/a571770c4016736f,"Jan 11, 1981",52%,75%,3.79,1.61,66%,5.96,87%,0.0,21,6,0
http://ufcstats.com/fighter-details/ce039df1994b18f0,"Jun 26, 1993",50%,100%,5.87,9.80,24%,1.00,50%,0.0,4,1,0
http://ufcstats.com/fighter-details/38e5d9dcb0fddc42,"Feb 12, 1981",57%,42%,1.58,1.97,44%,8.88,0%,3.0,9,5,0
http://ufcstats.com/fighter-details/e43eefb10d440cb0,"Nov 13, 1991",8%,0%,0.07,1.60,44%,0.00,0%,0.0,4,2,0
http://ufcstats.com/fighter-details/882b3f5a0774d575,"Aug 28, 1985",40%,0%,1.97,1.82,70%,0.00,100%,0.0,6,1,0
http://ufcstats.com/fighter-details/2d0b10789feafddb,"Dec 26, 1972",35%,0%,0.92,1.03,37%,0.00,50%,0.0,3,2,0
http://ufcstats.com/fighter-details/56ec58954158966a,"Jun 30, 1982",38%,45%,1.20,1.60,57%,5.00,100%,0.0,8,3,0
http://ufcstats.com/fighter-details/39c568f8c579913e,"Mar 07, 1982",0%,0%,0.00,3.05,60%,0.00,50%,0.0,17,4,0
http://ufcstats.com/fighter-details/de99da2c0d18d34a,"Jan 17, 1975",31%,100%,1.37,3.89,54%,5.15,0%,0.0,1,2,0
http://ufcstats.com/fighter-details/806975e1b4f47b27,"Jan 20, 1977",0%,33%,0.00,0.30,75%,4.57,0%,0.0,25,6,0
http://ufcstats.com/fighter-details/d9e3743bae8d703d,"Jul 09, 1971",0%,0%,0.00,9.68,21%,0.00,0%,0.0,14,10,1
http://ufcstats.com/fighter-details/0802be3516ef8f66,"Jul 17, 1977",0%,0%,0.00,0.94,33%,0.00,0%,0.0,2,4,0
http://ufcstats.com/fighter-details/b6033505c245e28b,"Sep 10, 2002",39%,0%,4.27,6.20,38%,0.00,64%,0.0,8,1,0
http://ufcstats.com/fighter-details/9fd299c8356cbf0f,"Jan 06, 1999",44%,0%,0.87,2.13,50%,0.00,63%,1.0,9,1,0
http://ufcstats.com/fighter-details/e6666480a830f764,"Jan 01, 2000",40%,0%,2.73,5.73,47%,0.00,0%,0.0,8,2,0
http://ufcstats.com/fighter-details/5817df778cc27274,"Dec 21, 1985",41%,41%,1.07,1.53,60%,5.00,0%,0.0,14,4,0
http://ufcstats.com/fighter-details/4f670b7972fa0a2e,"Oct 27, 1978",51%,80%,2.86,2.08,47%,5.19,33%,0.0,21,6,0
http://ufcstats.com/fighter-details/98cbbc06074c68a4,"Mar 15, 1994",28%,33%,1.87,3.20,53%,2.00,71%,0.0,6,0,0
http://ufcstats.com/fighter-details/90550a08f0b02b6f,"Nov 04, 1996",47%,25%,1.27,1.73,57%,1.00,0%,1.0,8,3,0
http://ufcstats.com/fighter-details/182a73d5b4e57871,"Mar 15, 2002",70%,100%,1.96,0.98,50%,0.86,55%,0.9,14,2,0
http://ufcstats.com/fighter-details/d56bb6dff2ae77eb,"Jun 03, 1974",43%,0%,2.40,6.17,68%,0.00,0%,0.0,0,3,0
http://ufcstats.com/fighter-details/fd4578cac86d75ca,--,35%,0%,0.82,6.03,45%,0.00,0%,0.0,13,9,0
http://ufcstats.com/fighter-details/f37822d5b3e47517,"Jun 23, 1989",0%,0%,0.00,0.00,0%,0.00,0%,0.0,6,0,0
http://ufcstats.com/fighter-details/e60201cfab7d656d,"Nov 29, 1972",34%,0%,1.13,0.27,60%,0.00,33%,0.0,16,17,3
http://ufcstats.com/fighter-details/86b9b51a81e9c339,"May 27, 1987",53%,18%,1.94,2.52,56%,1.72,0%,0.0,15,8,0
http://ufcstats.com/fighter-details/657d0ed181f04215,"Feb 19, 1980",0%,0%,0.00,0.00,0%,0.00,0%,0.0,9,4,0
http://ufcstats.com/fighter-details/f1fd8ec1023c89b3,"Nov 18, 1973",0%,0%,0.00,6.47,45%,0.00,0%,0.0,0,1,0
http://ufcstats.com/fighter-details/5a8e30ed38a5bc6f,"Nov 05, 1981",0%,0%,0.00,0.00,0%,0.00,0%,0.0,8,3,0
http://ufcstats.com/fighter-details/81ddc98fceb30086,--,0%,0%,0.00,0.00,0%,0.00,0%,0.0,0,3,0
http://ufcstats.com/fighter-details/6623cb1c27025634,"Aug 02, 1997",29%,15%,2.17,3.63,53%,1.00,20%,0.0,6,2,0
http://ufcstats.com/fighter-details/f60dbe6e05489c4f,"Mar 04, 1996",45%,40%,4.16,5.66,40%,3.98,50%,0.0,6,2,0
http://ufcstats.com/fighter-details/a307a10414d0ad00,"Aug 10, 1983",0%,0%,0.00,0.00,0%,0.00,0%,0.0,7,0,1
http://ufcstats.com/fighter-details/4c7afd56ef1947ac,"Mar 08, 1999",29%,0%,0.53,2.55,35%,0.00,50%,0.0,9,5,0
http://ufcstats.com/fighter-details/11b5a809c3120e27,"Jul 07, 1989",50%,0%,0.97,0.00,100%,0.00,50%,0.0,12,3,0
http://ufcstats.com/fighter-details/421ccfc6ddb17958,"Nov 26, 1983",60%,0%,0.82,7.36,51%,0.00,66%,0.0,12,10,0
http://ufcstats.com/fighter-details/998c8890a8dde1eb,"Oct 15, 1978",21%,0%,2.91,4.24,49%,0.00,0%,0.0,6,2,0
http://ufcstats.com/fighter-details/a1bf037613180253,--,41%,28%,2.25,1.75,65%,2.50,0%,1.2,17,7,0
http://ufcstats.com/fighter-details/bbb15f301e4a490a,"Nov 09, 1979",50%,100%,2.43,4.05,37%,12.16,100%,0.0,17,6,0
http://ufcstats.com/fighter-details/a53657e43b00614e,"Jul 27, 2001",42%,0%,0.53,2.47,24%,0.00,53%,1.0,5,2,0
http://ufcstats.com/fighter-details/264111bf62662fbf,"Jan 05, 1988",36%,100%,1.92,2.84,60%,0.60,46%,0.0,29,6,0
http://ufcstats.com/fighter-details/6135fd9665fbb74e,"Jan 25, 1994",63%,0%,3.07,5.67,44%,0.00,100%,0.0,7,1,0
http://ufcstats.com/fighter-details/18c49685296c60e6,--,50%,0%,6.51,8.84,36%,0.00,0%,0.0,2,4,0
http://ufcstats.com/fighter-details/a4ef92274a45143d,"Apr 21, 1997",28%,0%,1.17,3.59,26%,0.00,33%,0.0,8,2,0
http://ufcstats.com/fighter-details/008c6e1a25751575,--,0%,0%,0.00,0.00,0%,0.00,0%,0.0,4,8,0
http://ufcstats.com/fighter-details/515890922fe9ce96,"Aug 15, 2001",36%,0%,4.50,4.44,56%,0.00,66%,0.0,8,1,0
http://ufcstats.com/fighter-details/7abce81b72fbbd9b,"Jan 22, 1976",42%,0%,3.87,0.00,0%,0.00,66%,0.0,6,10,3
http://ufcstats.com/fighter-details/9caa254991a5a698,"May 19, 1992",53%,40%,1.31,3.31,52%,2.31,28%,1.2,6,2,0
http://ufcstats.com/fighter-details/d3d1ff3f3dfa0931,"May 23, 1982",0%,0%,0.00,0.00,0%,0.00,0%,0.0,31,5,0
http://ufcstats.com/fighter-details/4ab36d70d1b28b58,"Jan 24, 1995",49%,0%,5.27,6.93,44%,0.00,0%,2.0,4,2,0
http://ufcstats.com/fighter-details/6d6b9a6cb063b60d,"Apr 03, 1990",62%,21%,1.47,2.63,31%,2.50,60%,0.0,11,2,0
http://ufcstats.com/fighter-details/10e04e5e81f391a0,"Feb 18, 1978",0%,0%,0.00,0.00,0%,0.00,0%,0.0,21,37,1
http://ufcstats.com/fighter-details/989be26791d0aad4,--,0%,0%,0.00,0.00,0%,0.00,0%,0.0,6,1,0
http://ufcstats.com/fighter-details/1f70dd67ad507990,"Oct 05, 1979",0%,0%,0.00,0.00,0%,0.00,0%,0.0,29,19,0
http://ufcstats.com/fighter-details/2aa481e98185e261,"Feb 17, 1993",41%,0%,9.74,14.87,45%,0.00,0%,0.0,6,2,0
http://ufcstats.com/fighter-details/0db9d2486d564a3c,--,26%,0%,0.90,2.24,65%,0.00,30%,0.0,14,3,1
http://ufcstats.com/fighter-details/9681e0ce67dc978b,"Jan 04, 1984",23%,0%,1.78,5.35,30%,0.00,0%,0.0,10,6,0
http://ufcstats.com/fighter-details/5148a665aa527865,"Jan 30, 1986",0%,0%,0.00,0.00,0%,0.00,0%,0.0,9,1,0
http://ufcstats.com/fighter-details/92b5f4ee9ff40321,"Jan 25, 1997",54%,0%,9.71,10.40,28%,0.00,0%,0.0,8,2,0
http://ufcstats.com/fighter-details/e601d71cf8e5be22,--,0%,0%,0.00,0.00,0%,0.00,0%,0.0,4,1,0
http://ufcstats.com/fighter-details/ad044be25c94dcfd,"Dec 28, 1979",0%,0%,0.00,9.43,35%,0.00,0%,0.0,11,4,0
http://ufcstats.com/fighter-details/78ac94d54aa7f378,--,0%,0%,0.00,0.00,0%,0.00,0%,0.0,2,1,0
http://ufcstats.com/fighter-details/86248c84834238e7,"Dec 12, 1989",34%,0%,3.97,4.25,63%,0.00,0%,0.0,9,2,0
http://ufcstats.com/fighter-details/a2d23e684b3db732,"Mar 01, 1994",43%,50%,3.76,5.51,55%,2.62,100%,2.6,8,5,0
http://ufcstats.com/fighter-details/dc1bfd47c3b21ad3,--,0%,0%,0.00,0.00,0%,0.00,0%,0.0,12,7,0
http://ufcstats.com/fighter-details/9bdebbf2735d14c2,--,0%,0%,0.00,0.00,0%,0.00,0%,0.0,14,6,0
http://ufcstats.com/fighter-details/1fd9f744105024a8,"Aug 20, 1995",31%,0%,3.27,3.00,65%,0.00,0%,0.0,12,1,0
http://ufcstats.com/fighter-details/5b1effb0db45273a,"Jul 05, 1999",50%,0%,0.65,6.20,17%,0.00,0%,0.0,5,3,0
http://ufcstats.com/fighter-details/4887e5bc4dbb73ff,"Sep 03, 1974",66%,0%,3.61,7.22,40%,0.00,0%,0.0,14,4,0
http://ufcstats.com/fighter-details/12630a4aa0894da8,"Nov 05, 1992",0%,0%,0.00,0.00,0%,0.00,0%,0.0,38,9,0
http://ufcstats.com/fighter-details/5a4913108a3b9190,"Jun 25, 1993",0%,0%,0.00,0.00,0%,0.00,0%,0.0,16,6,0
http://ufcstats.com/fighter-details/edfe95e3c33a4bf8,"Nov 16, 1977",63%,0%,1.47,6.95,10%,0.00,50%,0.0,17,10,0
http://ufcstats.com/fighter-details/450bacdacd706bcd,"Apr 06, 1986",44%,0%,0.89,2.98,43%,0.00,0%,0.0,7,3,1
http://ufcstats.com/fighter-details/39831e62d12e7ad1,--,52%,33%,1.33,1.82,55%,1.05,37%,0.0,4,1,0
http://ufcstats.com/fighter-details/8cf90e41646491fd,--,43%,0%,4.13,2.93,65%,0.00,50%,1.0,6,0,0
http://ufcstats.com/fighter-details/a1a91dbf41a029c4,"May 06, 1996",32%,0%,2.40,2.87,64%,0.00,76%,0.0,16,4,0
http://ufcstats.com/fighter-details/e88b83dea18f5d31,"Jun 27, 1988",29%,18%,0.80,4.60,42%,2.00,0%,0.0,4,1,0
http://ufcstats.com/fighter-details/cc63a5f0089d8ba9,"Aug 16, 1990",38%,0%,2.31,9.56,50%,0.00,0%,0.0,15,5,0
http://ufcstats.com/fighter-details/a4bf17bd3ba3423b,"Oct 31, 1981",33%,51%,2.36,2.55,63%,2.93,50%,0.7,35,16,5
http://ufcstats.com/fighter-details/1b583c64c23f0c7f,"Jul 30, 1971",0%,0%,0.00,0.00,0%,0.00,0%,0.0,2,1,0
http://ufcstats.com/fighter-details/8db1b36dde268ef6,--,0%,0%,0.00,0.00,0%,0.00,0%,0.0,1,1,0
http://ufcstats.com/fighter-details/2015c944226ad2df,--,0%,0%,0.00,0.00,0%,0.00,0%,0.0,6,2,0
http://ufcstats.com/fighter-details/d16373b3568678d4,"Jun 10, 1990",41%,0%,4.07,4.75,41%,0.00,0%,0.0,10,2,0
http://ufcstats.com/fighter-details/e7e970d508529bf3,"Jun 08, 1975",4%,0%,0.26,3.86,42%,0.00,0%,0.0,22,8,1
http://ufcstats.com/fighter-details/d436f5d55156a521,"Aug 26, 1999",48%,50%,4.83,2.07,81%,5.17,0%,5.2,11,0,0
http://ufcstats.com/fighter-details/fb0b6593cec84356,--,29%,40%,1.71,6.92,40%,2.44,0%,0.0,10,4,1
http://ufcstats.com/fighter-details/118463dd8db16e7f,--,0%,0%,0.00,0.00,0%,0.00,0%,0.0,1,2,0
http://ufcstats.com/fighter-details/7a9c1bb08a743d7f,"Nov 30, 1986",42%,100%,1.53,1.02,63%,3.83,0%,7.7,8,3,0
http://ufcstats.com/fighter-details/03b1b79b34eaf217,"Jul 25, 1990",36%,33%,0.60,3.33,43%,1.00,0%,1.0,7,1,1
http://ufcstats.com/fighter-details/b301292b1bc92bdb,--,0%,0%,0.00,0.00,0%,0.00,0%,0.0,6,3,0
http://ufcstats.com/fighter-details/3d481aa374c954a1,"Feb 13, 1970",30%,50%,1.12,2.24,36%,2.10,0%,0.0,0,1,0
http://ufcstats.com/fighter-details/110404b505fb562c,"Mar 05, 1987",0%,0%,0.00,0.00,0%,0.00,0%,0.0,4,2,0
http://ufcstats.com/fighter-details/e5ce754b01f922be,--,56%,0%,0.87,3.47,43%,0.00,20%,0.0,2,4,0
http://ufcstats.com/fighter-details/a314687f372b2cec,"Jan 25, 1970",0%,0%,0.00,0.00,0%,0.00,0%,0.0,6,4,0
http://ufcstats.com/fighter-details/eefc73b53d4a05d7,--,0%,0%,0.00,0.00,0%,0.00,0%,0.0,0,0,0
http://ufcstats.com/fighter-details/9297ce6eee046f7a,--,33%,50%,1.94,4.52,46%,19.35,100%,0.0,0,3,0
http://ufcstats.com/fighter-details/1c0ffc63d8ec8f45,--,0%,0%,0.00,0.00,0%,0.00,0%,0.0,15,3,0
http://ufcstats.com/fighter-details/122ae3b34275fbb2,"Aug 19, 2003",50%,0%,1.30,0.67,58%,0.00,42%,3.5,10,1,0
http://ufcstats.com/fighter-details/e5767ed355a937c2,"May 11, 1976",48%,25%,3.52,2.64,51%,0.33,78%,0.0,30,14,1
http://ufcstats.com/fighter-details/b6c6d1731ff00eeb,"Dec 27, 1976",54%,0%,1.58,5.79,15%,0.00,0%,0.0,2,4,0
http://ufcstats.com/fighter-details/0eef1bf99afd4ff2,--,70%,100%,3.18,0.66,57%,1.64,60%,0.0,12,5,0
http://ufcstats.com/fighter-details/e192ebb85b68fa9e,"Nov 19, 1992",62%,0%,4.69,4.76,55%,0.00,76%,0.0,8,4,0
http://ufcstats.com/fighter-details/a23e63184c65f5b8,"Jul 21, 1987",40%,20%,2.53,2.67,66%,1.00,100%,0.0,9,7,2
http://ufcstats.com/fighter-details/4c91eb190d5e0dd9,--,0%,0%,0.00,0.00,0%,0.00,0%,0.0,5,7,0
http://ufcstats.com/fighter-details/0c1773639c795466,"Sep 09, 1975",46%,0%,6.99,4.02,60%,0.00,66%,2.4,18,8,0
http://ufcstats.com/fighter-details/0a2813f89a758ff7,"Aug 24, 1984",0%,0%,0.00,0.00,0%,0.00,0%,0.0,8,4,0
http://ufcstats.com/fighter-details/92c96df8bdab5fea,--,0%,0%,0.00,0.00,0%,0.00,0%,0.0,0,2,0
http://ufcstats.com/fighter-details/325550dab63fb25a,--,40%,0%,0.73,2.40,45%,0.00,16%,0.0,6,8,0
http://ufcstats.com/fighter-details/9acf42aebe9bb895,"Apr 19, 1990",53%,0%,2.45,4.29,51%,0.00,0%,0.0,7,1,0
http://ufcstats.com/fighter-details/feffee4fc6da3aa3,"Apr 22, 1984",27%,0%,3.07,7.33,52%,0.00,0%,0.0,42,20,1
http://ufcstats.com/fighter-details/8851bb0418d27d28,"Aug 19, 1983",50%,33%,2.88,2.16,51%,1.54,50%,9.2,29,11,0
http://ufcstats.com/fighter-details/f8c2aba4815876b5,--,31%,50%,3.40,2.30,47%,1.50,0%,0.0,9,6,0
http://ufcstats.com/fighter-details/f77afa72da84c9a8,"Sep 14, 2004",44%,45%,2.53,3.60,41%,5.00,100%,0.0,8,0,0
http://ufcstats.com/fighter-details/563d051c9e769b24,"May 19, 1978",37%,100%,1.91,5.43,42%,2.20,100%,0.0,9,8,0
http://ufcstats.com/fighter-details/69d3fa376ff2595e,--,0%,0%,0.00,0.00,0%,0.00,0%,0.0,1,1,0
http://ufcstats.com/fighter-details/c046100aea0dba9a,"Apr 24, 1983",63%,0%,1.40,0.27,55%,0.00,54%,0.0,12,9,1
http://ufcstats.com/fighter-details/aa1a873d05acc7eb,"Jul 19, 1992",41%,33%,3.83,2.23,53%,4.79,100%,0.0,11,7,0
http://ufcstats.com/fighter-details/6dedfe07640a9acc,"Jun 07, 1996",20%,0%,0.68,3.88,15%,0.00,100%,0.0,3,1,0
http://ufcstats.com/fighter-details/883922e5cd6d8473,"Sep 12, 1984",54%,15%,1.91,2.62,55%,0.67,50%,0.7,26,9,0
http://ufcstats.com/fighter-details/ca743f96dd2063d5,"Jul 31, 1994",62%,60%,3.53,2.58,50%,3.06,0%,0.0,2,1,0
http://ufcstats.com/fighter-details/eec3fe66a8b11a26,"Feb 23, 1994",46%,0%,7.84,6.70,58%,0.00,0%,0.0,8,3,0
http://ufcstats.com/fighter-details/4c33b3d37955aa85,"Dec 15, 1994",51%,37%,1.83,2.67,52%,1.50,0%,0.5,8,1,0
http://ufcstats.com/fighter-details/cd42bbe8887bba90,"Dec 05, 1972",45%,30%,0.84,1.69,55%,1.83,43%,0.4,13,29,7
http://ufcstats.com/fighter-details/56cc76c55cee8410,"Sep 08, 1999",0%,0%,0.00,0.00,0%,0.00,0%,0.0,6,1,0
http://ufcstats.com/fighter-details/2fb6f197d1fbc779,"Mar 07, 1986",26%,0%,1.90,3.50,31%,0.00,0%,0.0,15,3,1
http://ufcstats.com/fighter-details/5ad226da6c74a48e,"Oct 08, 1992",47%,52%,2.70,2.83,59%,9.00,33%,0.0,13,6,0
http://ufcstats.com/fighter-details/990060b2a68a7b82,"Mar 31, 1976",32%,100%,3.30,2.20,63%,1.50,0%,0.0,12,16,11
http://ufcstats.com/fighter-details/18e4f61f16f458c6,"Jan 23, 1988",52%,0%,5.11,4.96,51%,0.00,100%,0.0,8,7,0
http://ufcstats.com/fighter-details/6e2b1d631832921d,--,0%,0%,0.00,3.53,0%,0.00,0%,0.0,5,4,0
http://ufcstats.com/fighter-details/a16ce18149021139,"Dec 16, 1978",60%,0%,2.07,2.40,53%,0.00,50%,1.0,7,4,0
http://ufcstats.com/fighter-details/c32fdfe75cda5b22,"Oct 23, 1986",0%,0%,0.00,0.00,0%,0.00,0%,0.0,13,10,0
http://ufcstats.com/fighter-details/1b41c21d947d6f2f,--,34%,60%,1.92,3.20,63%,3.20,0%,2.1,0,1,0
http://ufcstats.com/fighter-details/7b3c13fe33556a21,"Sep 23, 1997",44%,50%,1.83,0.75,65%,3.23,0%,0.0,4,1,0
http://ufcstats.com/fighter-details/7e7d81bf162a5ec1,"Aug 23, 1983",0%,0%,0.00,1.33,50%,0.00,0%,0.0,14,7,0
http://ufcstats.com/fighter-details/ef6f45095119d416,--,83%,0%,2.56,1.03,50%,0.00,33%,7.7,1,3,0
http://ufcstats.com/fighter-details/2a9f9db24cd032ba,"Mar 15, 1990",51%,42%,6.93,4.53,60%,6.00,50%,2.0,9,2,0
http://ufcstats.com/fighter-details/b43620395f655046,"Dec 09, 1997",55%,50%,6.20,2.47,53%,1.00,0%,0.0,7,1,0
http://ufcstats.com/fighter-details/11e3fd7546359fc5,"May 26, 1977",36%,100%,2.47,2.84,59%,0.46,68%,0.0,19,8,0
http://ufcstats.com/fighter-details/08ae3100bf2100ed,--,0%,0%,0.00,0.00,0%,0.00,0%,0.0,1,0,0
http://ufcstats.com/fighter-details/b507a76087e3ed9f,--,57%,50%,0.80,3.40,33%,9.00,0%,0.0,9,5,0
http://ufcstats.com/fighter-details/a3f8356ace5e3eb5,"Aug 13, 1991",45%,0%,5.10,4.00,43%,0.00,100%,1.0,2,1,0
http://ufcstats.com/fighter-details/49c29e57d4e2be6f,"Jan 04, 1980",26%,0%,4.59,12.79,41%,0.00,0%,0.0,6,4,0
http://ufcstats.com/fighter-details/e4e0993befecdaf8,"Oct 04, 1982",48%,100%,1.28,1.92,50%,0.51,0%,2.5,12,2,0
http://ufcstats.com/fighter-details/856ec65948b7d234,"Jan 17, 1980",29%,0%,2.22,2.22,57%,0.00,0%,0.0,13,7,0
http://ufcstats.com/fighter-details/00a905a4a4a2b071,"Apr 21, 1980",30%,50%,0.79,1.36,41%,5.09,0%,0.0,6,4,0
http://ufcstats.com/fighter-details/f3ec0214794a699e,--,32%,100%,2.75,0.92,80%,11.01,100%,11.0,8,0,0
http://ufcstats.com/fighter-details/6488729da7ac1c79,"May 12, 1984",0%,0%,0.00,0.00,0%,0.00,0%,0.0,6,2,0
http://ufcstats.com/fighter-details/8336d7a85ce45481,"Jun 03, 1977",0%,0%,0.00,0.00,0%,0.00,0%,0.0,6,7,0
http://ufcstats.com/fighter-details/acd8a53f7c0ce85e,--,0%,0%,0.00,0.00,0%,0.00,0%,0.0,3,0,0
http://ufcstats.com/fighter-details/7b03d9df5910917d,"Jan 14, 1983",77%,0%,3.36,0.00,0%,0.00,100%,21.6,15,37,0
http://ufcstats.com/fighter-details/263af068bd986548,--,70%,100%,2.06,0.29,83%,4.41,0%,4.4,8,5,0
http://ufcstats.com/fighter-details/f53fb9d9e57cc38e,--,0%,0%,0.00,0.00,0%,0.00,0%,0.0,21,15,1
http://ufcstats.com/fighter-details/27c59ac201539d10,"Apr 05, 1994",42%,25%,0.71,4.47,38%,7.06,0%,0.0,1,1,0
http://ufcstats.com/fighter-details/c0a93b52096b7682,--,21%,0%,1.14,5.32,54%,0.00,0%,0.0,2,3,0
http://ufcstats.com/fighter-details/6c7dafd03b6cc3f8,"May 30, 1985",14%,16%,1.93,4.53,48%,1.00,0%,0.0,19,9,0
http://ufcstats.com/fighter-details/41dca66f9dadfc86,--,12%,0%,0.33,7.29,24%,0.00,0%,0.0,3,5,0
http://ufcstats.com/fighter-details/6eae26c44e505775,--,62%,0%,3.49,6.98,50%,0.00,0%,0.0,3,1,0
http://ufcstats.com/fighter-details/64b8561624d3b15e,"Aug 08, 1997",0%,0%,0.00,0.00,0%,0.00,0%,0.0,11,0,0
http://ufcstats.com/fighter-details/8a028648f3f0761d,"Jun 28, 1975",35%,0%,0.86,3.94,50%,0.00,0%,0.0,11,8,0
http://ufcstats.com/fighter-details/28200bc87367614f,--,0%,0%,0.00,0.00,0%,0.00,0%,0.0,0,1,0
http://ufcstats.com/fighter-details/869d68b5383131fd,"Feb 15, 1988",0%,0%,0.00,0.00,0%,0.00,0%,0.0,13,0,0
http://ufcstats.com/fighter-details/3bc27ec15facbcf3,"Dec 06, 1977",0%,0%,0.00,9.51,42%,0.00,0%,0.0,9,13,2
http://ufcstats.com/fighter-details/36120738148f203f,"May 17, 1982",0%,0%,0.00,0.00,0%,0.00,0%,0.0,3,3,0
http://ufcstats.com/fighter-details/c1135a6892e916db,--,50%,100%,2.63,2.11,55%,7.89,100%,7.9,5,3,0
http://ufcstats.com/fighter-details/2f6dc878d653c442,--,0%,0%,0.00,0.00,0%,0.00,0%,0.0,0,0,0
http://ufcstats.com/fighter-details/5bdcbd8dd681a257,"Jul 09, 1981",59%,66%,1.74,0.27,60%,4.02,100%,2.0,13,7,0
http://ufcstats.com/fighter-details/8f003ef7e0d9a139,"Jun 25, 2004",44%,16%,5.67,7.53,48%,2.00,100%,1.0,7,1,0
http://ufcstats.com/fighter-details/f5e4ce11afbdfb61,"Nov 20, 1982",0%,0%,0.00,0.00,0%,0.00,0%,0.0,4,14,0
http://ufcstats.com/fighter-details/f903967fd320da38,"Jul 10, 1983",27%,0%,3.03,9.70,48%,0.00,0%,0.0,30,21,2
http://ufcstats.com/fighter-details/a36a14985a57a1c6,"Aug 21, 1976",53%,12%,5.56,4.72,54%,0.70,100%,0.0,15,3,0
http://ufcstats.com/fighter-details/2b284840ca89876a,"Feb 14, 1988",61%,28%,1.60,1.73,48%,2.00,0%,1.0,5,3,0
http://ufcstats.com/fighter-details/a6fa5dd90528e9f7,--,0%,0%,0.00,0.00,0%,0.00,0%,0.0,9,9,0
http://ufcstats.com/fighter-details/45a2ba3ef82b9700,"Jul 16, 1969",36%,25%,1.25,2.16,54%,0.55,60%,0.0,6,16,0
http://ufcstats.com/fighter-details/3ff0d0dc7a14bb50,"Feb 14, 1987",33%,37%,1.33,2.15,54%,0.98,21%,2.0,20,8,0
http://ufcstats.com/fighter-details/a4d055f1435d6d75,--,0%,0%,0.00,0.00,0%,0.00,0%,0.0,14,10,0
http://ufcstats.com/fighter-details/39019970ac8543e9,"Aug 10, 1992",45%,80%,1.87,1.33,60%,4.00,0%,0.0,6,0,0
http://ufcstats.com/fighter-details/2b6a37a97541a4fd,"Oct 31, 1995",32%,50%,2.13,5.94,47%,3.36,0%,1.7,10,3,0
http://ufcstats.com/fighter-details/f2c934689243fe4e,"Aug 04, 1967",0%,0%,0.00,3.36,22%,0.00,0%,7.2,0,2,0
http://ufcstats.com/fighter-details/56c975c4a2b357a5,"Feb 06, 1985",0%,0%,0.00,0.00,0%,0.00,0%,0.0,20,0,0
http://ufcstats.com/fighter-details/9f2c07bd65fde55c,"Sep 10, 2000",52%,0%,1.45,5.38,36%,0.00,53%,0.0,6,1,0
http://ufcstats.com/fighter-details/1ccaeae54725d897,"Oct 28, 1998",33%,0%,1.62,6.49,52%,0.00,0%,0.0,7,1,0
http://ufcstats.com/fighter-details/c8aa3541bec4042e,--,0%,0%,0.00,0.00,0%,0.00,0%,0.0,0,0,0
http://ufcstats.com/fighter-details/be8ad887e4d674b0,--,0%,0%,0.00,0.00,0%,0.00,0%,0.0,7,5,0
http://ufcstats.com/fighter-details/992c82450d96f726,"Aug 02, 1974",50%,0%,0.84,9.86,35%,0.00,0%,0.0,9,4,0
http://ufcstats.com/fighter-details/5e7a28f20927d64a,"Apr 25, 1976",40%,38%,2.85,2.74,63%,0.72,51%,0.6,25,11,2
http://ufcstats.com/fighter-details/3f87218a7aca84c4,"Mar 07, 1988",40%,0%,3.27,7.73,46%,0.00,0%,0.0,9,5,0
http://ufcstats.com/fighter-details/7263e0dc082adc87,"Oct 10, 1974",33%,0%,1.15,4.20,52%,0.00,100%,1.9,4,2,0
http://ufcstats.com/fighter-details/3d960455f880bb25,--,85%,0%,1.63,0.00,0%,0.00,100%,4.1,1,2,0
http://ufcstats.com/fighter-details/568bebed6366b667,"Jun 29, 1987",55%,0%,3.80,3.54,60%,0.00,100%,0.0,11,2,0
http://ufcstats.com/fighter-details/509697e08673d2e5,"Sep 22, 1981",34%,50%,2.12,2.12,58%,2.23,69%,0.6,12,7,0
http://ufcstats.com/fighter-details/f64e4ecd214c6378,"Nov 09, 1980",0%,0%,0.00,0.00,0%,0.00,0%,0.0,7,4,0
http://ufcstats.com/fighter-details/f1a9c0998c683782,"Jan 27, 1998",60%,0%,4.56,6.78,45%,0.00,53%,0.0,7,1,0
http://ufcstats.com/fighter-details/c9885b1b7c7055a0,"Jul 20, 1981",65%,80%,1.67,0.93,33%,4.00,0%,2.0,17,9,7
http://ufcstats.com/fighter-details/af70d268e5352186,"Jan 29, 1976",52%,46%,2.04,1.82,63%,4.31,68%,0.0,15,9,0
http://ufcstats.com/fighter-details/9649d75defe0dedb,"Apr 23, 1985",28%,0%,1.23,3.91,61%,0.00,0%,0.0,7,3,0
http://ufcstats.com/fighter-details/478c8706bdb92440,"Jun 02, 1981",37%,25%,2.25,3.52,53%,1.19,40%,3.6,16,12,1
http://ufcstats.com/fighter-details/65239fccecd03404,--,0%,0%,0.00,0.00,0%,0.00,0%,0.0,1,1,0
http://ufcstats.com/fighter-details/606136dee6f6ecea,"Jun 14, 1984",0%,0%,0.00,5.58,60%,0.00,0%,20.9,13,9,0
http://ufcstats.com/fighter-details/a8e133139286df84,"Oct 23, 1973",25%,0%,1.67,9.76,34%,0.00,0%,0.0,18,11,4
http://ufcstats.com/fighter-details/72c9c2eadfc3277e,--,0%,0%,0.00,0.00,0%,0.00,0%,0.0,9,12,1
http://ufcstats.com/fighter-details/4e30f2761b6bd3b5,"Mar 08, 1985",0%,0%,0.00,0.00,0%,0.00,0%,0.0,5,2,0
http://ufcstats.com/fighter-details/3e38b1ea16bd4d86,"Jul 02, 1995",41%,33%,2.57,6.43,28%,0.50,65%,1.0,18,6,1
http://ufcstats.com/fighter-details/8b1b051038354655,"Jun 18, 1999",38%,25%,5.58,9.48,44%,0.62,100%,0.0,6,3,0
http://ufcstats.com/fighter-details/e31502e3f79d00c5,"Dec 30, 1983",26%,14%,1.83,2.30,57%,0.78,54%,0.0,16,7,0
http://ufcstats.com/fighter-details/518e5202a91980d4,"Apr 06, 1983",25%,16%,2.21,2.87,42%,1.23,25%,0.0,8,4,0
http://ufcstats.com/fighter-details/831de97afe326478,--,0%,0%,0.00,0.00,0%,0.00,0%,0.0,0,2,0
http://ufcstats.com/fighter-details/26927dab41dbd5fc,"Oct 16, 1993",75%,0%,0.20,2.07,42%,0.00,25%,0.0,10,5,0
http://ufcstats.com/fighter-details/2dc7f1762dc0a7ef,"Feb 26, 1967",37%,0%,2.86,2.39,53%,0.00,0%,0.0,10,4,1
http://ufcstats.com/fighter-details/6a125ba3ec37e27e,"Jan 14, 1981",42%,57%,5.93,6.33,48%,4.00,0%,0.0,8,3,0
http://ufcstats.com/fighter-details/2e2cdb6e9eb84bb9,"Nov 09, 1979",40%,100%,1.26,2.08,48%,5.56,100%,0.0,9,1,0
http://ufcstats.com/fighter-details/bb2eee4fb3259c01,--,51%,0%,1.27,1.07,58%,0.00,44%,0.0,6,5,0
http://ufcstats.com/fighter-details/938ea36fe9c269f0,"May 14, 1991",44%,0%,3.71,2.78,47%,0.00,0%,0.0,11,5,0
http://ufcstats.com/fighter-details/dab0e6cb8c932162,"Mar 29, 1984",33%,0%,1.70,0.49,80%,0.00,50%,0.0,20,12,0
http://ufcstats.com/fighter-details/38fccd44d669bb2f,--,0%,0%,0.00,19.31,40%,0.00,0%,0.0,0,3,0
http://ufcstats.com/fighter-details/a5fa51a81d0c5ed9,"May 18, 1994",27%,30%,1.27,4.20,57%,3.00,0%,1.0,8,5,0
http://ufcstats.com/fighter-details/5da4e8dc02e50ac0,"Dec 07, 1965",0%,0%,0.00,0.00,0%,0.00,0%,0.0,3,4,0
http://ufcstats.com/fighter-details/ae922e7d9e852d7a,--,33%,42%,2.30,1.93,62%,1.67,50%,1.7,8,3,0
http://ufcstats.com/fighter-details/d0c325dfefdde31f,"Jan 29, 1989",0%,0%,0.00,0.00,0%,0.00,0%,0.0,3,3,0
http://ufcstats.com/fighter-details/2252b2c892397f0d,--,16%,0%,0.54,0.00,100%,0.00,0%,8.0,4,2,0
http://ufcstats.com/fighter-details/a59bc10f5e9f5fbb,"Sep 18, 1998",43%,0%,4.44,4.72,52%,0.00,66%,0.7,10,4,0
http://ufcstats.com/fighter-details/fd0b4e3eb18eafb7,--,76%,20%,2.60,2.87,32%,1.00,42%,0.0,15,2,0
http://ufcstats.com/fighter-details/c3dd69333eb8085a,"Dec 21, 1993",36%,100%,2.60,2.20,61%,1.00,55%,0.0,6,0,0
http://ufcstats.com/fighter-details/cfbccfed4e4796fe,"Nov 29, 1973",0%,0%,0.00,0.00,0%,0.00,0%,0.0,5,5,0
http://ufcstats.com/fighter-details/e3a6c6d6d0ac0815,"Aug 27, 1976",36%,50%,0.84,1.89,50%,4.74,100%,3.2,8,3,1
http://ufcstats.com/fighter-details/9b6dcc335ad03696,--,0%,0%,0.00,0.00,0%,0.00,0%,0.0,9,2,0
http://ufcstats.com/fighter-details/3a51f8d30900b580,"May 15, 2001",59%,33%,4.17,1.98,48%,5.74,0%,1.0,8,1,0
http://ufcstats.com/fighter-details/4b90384d7c3519b8,"Mar 21, 1991",21%,0%,1.21,7.17,40%,0.00,0%,0.0,12,4,0
http://ufcstats.com/fighter-details/6f4d199c0adc06f5,"Aug 28, 1999",75%,66%,1.50,0.50,44%,6.01,0%,1.5,11,0,0
http://ufcstats.com/fighter-details/de25520d54eab12d,"Jun 14, 1985",0%,100%,0.00,1.93,30%,4.13,0%,0.0,1,1,0
http://ufcstats.com/fighter-details/1b5c146ee7b86e34,"Aug 09, 1977",66%,0%,3.93,8.85,43%,0.00,0%,0.0,6,4,0
http://ufcstats.com/fighter-details/eca7e064746c161a,--,66%,0%,3.40,0.80,42%,0.00,50%,1.0,5,3,0
http://ufcstats.com/fighter-details/d0147e906106cd2e,"Jan 26, 1993",28%,0%,2.38,7.72,43%,0.00,0%,0.0,8,4,0
http://ufcstats.com/fighter-details/d0d43cb9b14f231c,--,0%,0%,0.00,10.59,35%,0.00,0%,0.0,11,5,0
http://ufcstats.com/fighter-details/f4c40f8a64d3151d,"Nov 07, 1987",50%,0%,8.20,13.00,45%,0.00,0%,0.0,6,3,0
http://ufcstats.com/fighter-details/062e57ca1a3c95a8,"May 13, 1977",27%,0%,1.44,5.45,34%,0.00,0%,0.0,6,3,0
http://ufcstats.com/fighter-details/2719f300b0439039,"Nov 01, 1986",16%,0%,3.16,3.16,83%,0.00,0%,0.0,13,5,1
http://ufcstats.com/fighter-details/d5ae8074631762fc,"Oct 31, 1973",19%,28%,1.05,1.50,63%,0.98,28%,0.0,6,7,3
http://ufcstats.com/fighter-details/e49c2db95e572dc8,"Apr 24, 1968",40%,0%,1.45,14.46,4%,0.00,0%,0.0,0,2,0
http://ufcstats.com/fighter-details/342422bb6ced1e8d,"Oct 18, 1983",50%,0%,0.41,2.69,37%,0.00,0%,1.2,1,3,0
http://ufcstats.com/fighter-details/47e0b5833e6bc91a,"Jun 20, 1989",51%,0%,1.93,2.27,39%,0.00,37%,0.0,1,1,0
http://ufcstats.com/fighter-details/7be328bb3c2ea22e,"Feb 28, 1977",33%,0%,1.54,5.13,60%,0.00,0%,0.0,15,6,2
http://ufcstats.com/fighter-details/50c469e0cb73be10,"Apr 26, 1996",44%,9%,1.22,5.33,28%,1.67,0%,0.0,6,1,0
http://ufcstats.com/fighter-details/7a9ca95a92d7b64c,"Mar 12, 1983",44%,0%,2.68,1.90,57%,0.00,72%,0.4,5,4,2
http://ufcstats.com/fighter-details/a196332ee4aa8a82,"Jun 10, 1980",30%,40%,0.94,1.38,61%,0.46,30%,3.6,28,19,1
http://ufcstats.com/fighter-details/03e8df49c4a059ba,"Jun 21, 1986",45%,0%,1.72,3.67,55%,0.00,83%,0.0,14,4,1
http://ufcstats.com/fighter-details/eb9446a4f44e19cf,"Jul 28, 1996",44%,37%,1.10,1.57,45%,3.00,0%,0.0,12,4,0
http://ufcstats.com/fighter-details/e18012194473e8b0,"Jun 25, 1972",35%,46%,1.73,2.06,64%,2.69,0%,0.5,9,3,0
http://ufcstats.com/fighter-details/6083f497c22cc075,"Oct 27, 1974",50%,25%,0.14,3.65,38%,2.11,0%,4.2,25,16,4
http://ufcstats.com/fighter-details/307064d3e0f036c2,"Mar 18, 1981",38%,0%,2.94,4.63,55%,0.00,55%,0.8,11,6,0
http://ufcstats.com/fighter-details/769fa803bf9d2e3b,"Oct 06, 1991",87%,50%,1.03,0.29,75%,2.20,40%,0.0,9,1,0
http://ufcstats.com/fighter-details/154a6b3ffae264cd,"Jun 26, 1970",43%,60%,1.30,1.73,50%,3.00,0%,1.5,5,6,0
http://ufcstats.com/fighter-details/618f72750ec50b05,"May 27, 1983",32%,25%,3.83,4.62,57%,2.17,100%,0.0,17,7,0
http://ufcstats.com/fighter-details/52f7d300738961ac,"Sep 17, 1978",0%,0%,0.00,0.00,0%,0.00,0%,0.0,14,14,0
http://ufcstats.com/fighter-details/0b534765dca35e71,--,0%,0%,0.00,0.00,0%,0.00,0%,0.0,5,11,0
http://ufcstats.com/fighter-details/5751267660c734cb,"Jul 29, 1986",19%,0%,1.87,3.80,66%,0.00,0%,0.0,6,2,0
http://ufcstats.com/fighter-details/f4db63258ecf0613,"Aug 05, 1987",0%,0%,0.00,0.00,0%,0.00,0%,0.0,6,4,0
http://ufcstats.com/fighter-details/1d688fa375d9431c,"Mar 16, 2000",65%,66%,7.69,6.15,55%,5.77,0%,0.0,7,2,0
http://ufcstats.com/fighter-details/195d0d3e14a2e256,"Apr 25, 1994",35%,25%,1.98,4.81,51%,1.06,76%,0.0,33,1,0
http://ufcstats.com/fighter-details/f562238becb9ec50,"Mar 17, 1986",46%,0%,3.53,4.07,36%,0.00,33%,0.0,14,2,0
http://ufcstats.com/fighter-details/fbbbc68d368832fa,"Jan 02, 1984",49%,100%,1.92,1.35,51%,2.02,0%,0.0,26,12,1
http://ufcstats.com/fighter-details/fd08d6536b7b91f0,"May 15, 1999",54%,0%,3.84,1.83,71%,0.00,90%,0.0,6,2,0
http://ufcstats.com/fighter-details/3edf45e1717fa764,"Oct 28, 1984",53%,16%,1.67,8.73,33%,1.79,0%,0.0,7,4,0
http://ufcstats.com/fighter-details/52a003d768f10d91,--,0%,0%,0.00,5.73,44%,0.00,0%,0.0,6,10,0
http://ufcstats.com/fighter-details/4956f60b7fa57c1a,"Oct 23, 1959",0%,0%,0.00,0.00,0%,0.00,0%,0.0,9,7,0
http://ufcstats.com/fighter-details/346f789951e85f3f,--,0%,0%,0.00,0.00,0%,0.00,0%,0.0,0,0,0
http://ufcstats.com/fighter-details/6810d8d2dd557cf9,"Mar 02, 1967",0%,0%,0.00,0.00,0%,0.00,0%,0.0,5,10,1
http://ufcstats.com/fighter-details/5cde96e0a1a1fffe,"May 15, 1973",37%,0%,1.72,5.59,56%,0.00,0%,0.0,0,5,0
http://ufcstats.com/fighter-details/7beecbe0a08cf002,"Dec 06, 2002",0%,0%,0.00,0.00,0%,0.00,0%,0.0,21,3,6
http://ufcstats.com/fighter-details/6c9383ffab2725a5,"Aug 08, 1983",57%,0%,1.59,1.26,57%,0.00,52%,0.3,13,8,1
http://ufcstats.com/fighter-details/4acf03bdec2025d7,"Dec 26, 1989",0%,0%,0.00,0.00,0%,0.00,0%,0.0,11,2,0
http://ufcstats.com/fighter-details/9bff1b4c37ebbede,"Jul 29, 1980",0%,0%,0.00,0.00,0%,0.00,0%,0.0,3,11,0
http://ufcstats.com/fighter-details/4c27ca8c8481f79a,"Jan 15, 1978",20%,0%,0.60,4.18,57%,0.00,0%,0.0,18,6,3
http://ufcstats.com/fighter-details/a3d1d060f9af97fe,"Oct 13, 1985",0%,0%,0.00,0.00,0%,0.00,0%,0.0,6,0,0
http://ufcstats.com/fighter-details/d665de9b4da87c22,"Mar 04, 1981",0%,0%,0.00,0.00,0%,0.00,0%,0.0,5,4,0
http://ufcstats.com/fighter-details/bd4389b71fdc0ce2,"Apr 11, 1975",51%,0%,3.32,4.50,32%,0.00,66%,2.9,2,6,0
http://ufcstats.com/fighter-details/f21a3d68fb9df387,"Mar 15, 1973",30%,25%,0.67,0.34,60%,2.52,0%,0.0,7,1,0
http://ufcstats.com/fighter-details/6b0e83b094f816ac,"Oct 19, 1997",37%,17%,1.52,2.17,52%,2.23,14%,3.6,12,5,2
http://ufcstats.com/fighter-details/9e8e5c529057fe60,"Mar 02, 1981",0%,0%,0.00,0.00,0%,0.00,0%,0.0,13,5,0
http://ufcstats.com/fighter-details/b37321c0bb9e8570,"Jan 01, 1994",56%,44%,0.60,1.60,25%,4.00,0%,0.0,13,2,1
http://ufcstats.com/fighter-details/689502703bbfe5f2,"Aug 02, 1997",0%,0%,0.00,0.00,0%,0.00,0%,0.0,13,2,0
http://ufcstats.com/fighter-details/69ea0119f6f0dfe0,"Nov 17, 1982",56%,0%,4.00,5.10,54%,0.00,100%,0.0,6,6,0
http://ufcstats.com/fighter-details/46effbd1135423c5,"Feb 25, 1971",57%,0%,8.28,22.76,21%,0.00,0%,0.0,4,2,0
http://ufcstats.com/fighter-details/338fda4ec7034c5d,"Oct 25, 1977",40%,0%,1.15,7.50,23%,0.00,0%,0.0,13,25,0
http://ufcstats.com/fighter-details/7139cd2ae4bf6a29,"Aug 14, 1976",25%,0%,0.23,1.82,69%,0.00,0%,0.0,5,7,1
http://ufcstats.com/fighter-details/6e3282d57d2467a0,"Jan 15, 1981",28%,50%,0.63,2.53,55%,0.50,41%,0.5,12,5,1
http://ufcstats.com/fighter-details/2d6d6ffe5a446ea2,"Feb 05, 1996",53%,0%,1.73,5.27,34%,0.00,63%,0.0,2,1,0
http://ufcstats.com/fighter-details/629bac37f70891fb,"Feb 13, 1998",62%,100%,2.07,1.93,38%,4.00,25%,0.0,8,3,0
http://ufcstats.com/fighter-details/f43907e75f8d9baa,"May 08, 1975",0%,0%,0.00,0.00,0%,0.00,0%,0.0,13,3,0
http://ufcstats.com/fighter-details/4b2390cfaceb91d8,"Mar 31, 1968",42%,100%,2.41,1.66,47%,1.25,66%,1.2,7,2,0
http://ufcstats.com/fighter-details/5c020ee6ab450870,"Jul 20, 1993",0%,0%,0.00,0.00,0%,0.00,0%,0.0,7,2,1
http://ufcstats.com/fighter-details/6a8a06b542e1516d,"Nov 15, 1967",29%,0%,0.28,3.13,48%,0.00,33%,0.0,0,2,0
http://ufcstats.com/fighter-details/32541eb5d12668b4,"May 08, 1973",0%,0%,0.00,0.00,0%,0.00,0%,0.0,3,3,2
http://ufcstats.com/fighter-details/aa40fe6038db56cb,"Nov 04, 1990",55%,0%,6.93,5.27,50%,0.00,100%,0.0,7,1,0
http://ufcstats.com/fighter-details/33454ad90754cb49,"Jun 30, 1979",38%,25%,1.53,1.97,46%,0.51,36%,2.0,7,9,0
http://ufcstats.com/fighter-details/02a65a55f25fb4f3,"Jan 16, 1976",0%,0%,0.00,4.27,34%,0.00,0%,4.3,8,5,0
http://ufcstats.com/fighter-details/bec2746f033802c3,--,0%,0%,0.00,0.00,0%,0.00,0%,0.0,5,3,1
http://ufcstats.com/fighter-details/1e85912c9bab7e2b,"May 02, 1984",33%,0%,3.44,4.92,54%,0.00,0%,0.0,8,2,0
http://ufcstats.com/fighter-details/037cfd34a27d59e9,"Jan 21, 1998",52%,0%,8.28,3.35,64%,0.00,100%,0.0,10,0,0
http://ufcstats.com/fighter-details/e96d8538d3f9d0ed,"Jun 12, 1983",57%,100%,2.36,0.32,85%,0.68,80%,0.0,3,1,0
http://ufcstats.com/fighter-details/dfbb95ca0c143988,"Dec 17, 1980",0%,0%,0.00,0.00,0%,0.00,0%,0.0,5,2,0
http://ufcstats.com/fighter-details/7613773461b276f4,--,60%,57%,2.48,0.00,100%,3.54,100%,1.8,14,5,0
http://ufcstats.com/fighter-details/8e0709784259402d,--,42%,40%,1.02,5.27,38%,2.77,0%,0.0,14,11,0
http://ufcstats.com/fighter-details/5a9104718439ef44,"Nov 22, 1989",47%,42%,3.13,2.20,57%,3.00,100%,1.0,7,3,0
http://ufcstats.com/fighter-details/887e09328cd63df1,"Apr 18, 1994",55%,0%,5.60,3.40,52%,0.00,100%,0.0,5,0,0
http://ufcstats.com/fighter-details/6b8db407d49c6e4b,"Jun 17, 1985",56%,33%,7.68,1.44,70%,3.60,100%,0.0,13,3,0
http://ufcstats.com/fighter-details/9c5828c6fd9dc948,--,58%,0%,3.53,2.80,73%,0.00,0%,0.0,18,9,1
http://ufcstats.com/fighter-details/8eb239a52fc4ec14,"Nov 04, 1976",35%,58%,2.34,2.14,63%,0.91,68%,0.7,20,11,2
http://ufcstats.com/fighter-details/f84dfc5a8d178403,--,0%,0%,0.00,0.00,0%,0.00,0%,0.0,4,1,0
http://ufcstats.com/fighter-details/4512e46543b960ad,"Dec 17, 1967",0%,0%,0.00,0.00,0%,0.00,0%,0.0,19,8,0
http://ufcstats.com/fighter-details/865aa315ea62c511,"Jul 17, 1971",55%,43%,0.90,1.16,51%,1.51,53%,0.8,5,13,0
http://ufcstats.com/fighter-details/6b8f28da9a483049,"Aug 22, 1986",27%,27%,1.29,2.12,67%,1.64,65%,0.0,22,13,2
http://ufcstats.com/fighter-details/7ce21433c2a53168,"Oct 22, 1992",0%,0%,0.00,0.00,0%,0.00,0%,0.0,12,3,0
http://ufcstats.com/fighter-details/1ef0eae31904e534,"Feb 27, 1979",33%,75%,1.20,1.67,82%,3.00,33%,0.0,9,6,0
http://ufcstats.com/fighter-details/871ce0b4a01922b6,"Apr 11, 1992",33%,75%,0.13,0.80,71%,3.00,0%,3.0,8,4,0
http://ufcstats.com/fighter-details/20e403a1acfef130,"Aug 17, 1976",34%,50%,0.93,1.49,58%,1.86,0%,4.7,30,32,0
http://ufcstats.com/fighter-details/4bb9d7a32d02a03e,"Feb 14, 1973",0%,0%,0.00,0.00,0%,0.00,0%,0.0,0,3,0
http://ufcstats.com/fighter-details/47b7e4e60813b7b2,"Apr 11, 1974",25%,57%,0.64,1.96,57%,1.07,62%,0.5,14,19,0
http://ufcstats.com/fighter-details/8997ee20b6a43d76,"Dec 15, 2001",35%,0%,1.20,1.07,55%,0.00,36%,0.0,6,1,2
http://ufcstats.com/fighter-details/373be586f370d400,"Oct 14, 1990",56%,0%,1.71,3.42,46%,0.00,18%,0.0,6,5,0
http://ufcstats.com/fighter-details/4652b685fa11e7fd,"Apr 09, 1996",0%,0%,0.00,0.00,0%,0.00,0%,0.0,7,2,0
http://ufcstats.com/fighter-details/c51da79b0346b5b7,"Jul 28, 1984",53%,100%,4.69,2.68,63%,5.03,100%,5.0,10,5,0
http://ufcstats.com/fighter-details/856c4d2668a875f9,"Jan 23, 1978",0%,0%,0.00,0.00,0%,0.00,0%,0.0,3,3,0
http://ufcstats.com/fighter-details/01dd4cdc2446f665,"May 04, 1980",27%,0%,2.20,2.00,76%,0.00,50%,0.0,12,6,0
http://ufcstats.com/fighter-details/1e12c1dbbb1e2dda,"Apr 05, 1991",0%,0%,0.00,0.00,0%,0.00,0%,0.0,8,2,0
http://ufcstats.com/fighter-details/ad3a5e465c76e499,"May 26, 1988",41%,0%,2.60,2.73,67%,0.00,81%,0.0,13,8,0
http://ufcstats.com/fighter-details/de20ffb3fc2e7629,"Nov 10, 1982",70%,0%,2.67,1.00,79%,0.00,50%,1.7,3,2,0
http://ufcstats.com/fighter-details/797ddccda75f169f,"Jul 05, 1987",53%,0%,7.73,3.27,59%,0.00,100%,0.0,10,1,0
http://ufcstats.com/fighter-details/ab7c212de9f66af0,"Jan 29, 1967",0%,0%,0.00,0.00,0%,0.00,0%,0.0,11,7,1
http://ufcstats.com/fighter-details/f31c0905045fa100,"Feb 20, 1973",0%,0%,0.00,0.00,0%,0.00,0%,0.0,16,4,0
http://ufcstats.com/fighter-details/2742f028399bf8c7,"Dec 07, 1996",51%,20%,2.53,5.60,46%,1.00,50%,0.0,6,2,0
http://ufcstats.com/fighter-details/36d811b015635b67,"Aug 30, 1996",50%,57%,3.65,2.55,60%,2.64,36%,0.0,9,1,0
http://ufcstats.com/fighter-details/bd381cde8426077a,"Apr 28, 1993",23%,0%,1.00,4.27,43%,0.00,0%,0.0,3,2,0
http://ufcstats.com/fighter-details/56116537d71a578c,"Oct 22, 1968",36%,40%,1.11,4.59,45%,4.75,33%,0.0,13,16,0
http://ufcstats.com/fighter-details/7573d25a078b5732,"Aug 31, 1978",0%,0%,0.00,2.86,45%,0.00,0%,0.0,13,6,0
http://ufcstats.com/fighter-details/9df394db5ca103eb,"Dec 16, 1986",43%,0%,2.60,2.20,47%,0.00,0%,0.0,11,7,1
http://ufcstats.com/fighter-details/b709b534b6873744,"Mar 22, 1986",50%,0%,3.77,7.21,33%,0.00,0%,0.0,12,3,0
http://ufcstats.com/fighter-details/fe1595732dfb08fc,"Dec 10, 2001",67%,85%,1.75,1.36,45%,2.31,22%,0.4,8,4,0
http://ufcstats.com/fighter-details/f79e7f138bf50cc0,"Dec 26, 2001",40%,0%,3.78,3.92,47%,0.00,0%,0.0,9,2,1
http://ufcstats.com/fighter-details/504d3a11e4408253,"May 14, 1999",38%,22%,4.03,3.53,55%,1.00,77%,0.0,10,3,0
http://ufcstats.com/fighter-details/c0231720fe516994,"Aug 15, 1963",0%,0%,0.00,0.00,0%,0.00,0%,0.0,13,6,1
http://ufcstats.com/fighter-details/64be3dc99eaa42b6,"Sep 18, 1989",22%,0%,1.50,9.00,14%,0.00,0%,0.0,4,5,0
http://ufcstats.com/fighter-details/86ad0ae839331bd7,"Nov 04, 1983",0%,0%,0.00,0.00,0%,0.00,0%,0.0,5,2,0
http://ufcstats.com/fighter-details/8b2a18d3c6735083,"Aug 26, 1990",40%,21%,3.29,2.37,60%,1.54,50%,1.0,11,2,0
http://ufcstats.com/fighter-details/15b1f83a90302adf,"Oct 15, 2001",62%,100%,5.98,2.99,39%,3.20,100%,0.0,4,0,0
http://ufcstats.com/fighter-details/e5a59983f4603621,"Aug 07, 1991",20%,0%,0.65,5.22,48%,0.00,0%,4.9,10,3,0
http://ufcstats.com/fighter-details/6b16024d44eb03a2,"Aug 29, 1990",53%,100%,2.88,6.13,33%,2.70,0%,0.0,6,4,0
http://ufcstats.com/fighter-details/66d42e9503fa108e,"Jul 19, 1993",50%,0%,0.31,7.64,31%,0.00,0%,0.0,8,1,0
http://ufcstats.com/fighter-details/eafedba0617ced81,"Sep 30, 1984",0%,0%,0.00,0.00,0%,0.00,0%,0.0,6,4,0
http://ufcstats.com/fighter-details/2dc7c49cfaeb867c,"Dec 07, 1985",0%,0%,0.00,0.00,0%,0.00,0%,0.0,9,3,0
http://ufcstats.com/fighter-details/dda67d7d3df6b406,"Oct 15, 1994",33%,0%,7.33,8.67,64%,0.00,0%,0.0,11,4,0
http://ufcstats.com/fighter-details/748d4e35f846a029,--,16%,0%,0.29,2.06,30%,0.00,0%,0.0,1,4,0
http://ufcstats.com/fighter-details/122806b56775a53a,"Mar 28, 1978",18%,0%,0.59,3.51,33%,0.00,0%,4.4,45,30,1
http://ufcstats.com/fighter-details/f354c50b8d63d9b3,--,0%,0%,0.00,0.00,0%,0.00,0%,0.0,3,1,0
http://ufcstats.com/fighter-details/e7bfdb5e0112891e,"Oct 26, 1965",0%,0%,0.00,0.00,0%,0.00,0%,0.0,9,10,1
http://ufcstats.com/fighter-details/bfe95ec546692b13,"Mar 20, 1980",25%,100%,0.59,0.89,66%,4.43,0%,0.0,11,13,0
http://ufcstats.com/fighter-details/566ff9546fc29acd,"Oct 19, 1991",0%,0%,0.00,0.00,0%,0.00,0%,0.0,0,0,0
http://ufcstats.com/fighter-details/abd64006fd37298d,"Oct 14, 1996",33%,0%,1.28,2.55,33%,0.00,0%,0.0,6,1,0
http://ufcstats.com/fighter-details/34b634cb2471bdde,"Dec 08, 1983",0%,0%,0.00,0.00,0%,0.00,0%,0.0,5,0,0
http://ufcstats.com/fighter-details/0699c4b2a7c3c76f,--,0%,0%,0.00,0.00,0%,0.00,0%,0.0,3,3,0
http://ufcstats.com/fighter-details/a2ac473d74eb157c,"May 04, 1982",0%,0%,0.00,0.00,0%,0.00,0%,0.0,4,3,0
http://ufcstats.com/fighter-details/9a70f67ad2187fa3,"Jul 02, 1975",25%,0%,0.18,2.39,32%,0.00,33%,0.0,13,22,0
http://ufcstats.com/fighter-details/44f46b0592ca0814,"Dec 13, 1990",0%,0%,0.00,0.00,0%,0.00,0%,0.0,9,2,0
http://ufcstats.com/fighter-details/d7ee49bf3c779fa6,"Jan 09, 2001",0%,0%,0.00,0.00,0%,0.00,0%,0.0,13,1,0
http://ufcstats.com/fighter-details/4a9e305633f3ef47,--,36%,0%,4.23,4.83,63%,0.00,100%,0.0,7,5,2
http://ufcstats.com/fighter-details/eee8efec7b951d84,--,100%,100%,1.36,0.68,66%,10.23,0%,10.2,7,5,1
http://ufcstats.com/fighter-details/89578ae236ee04e9,--,0%,0%,0.00,0.00,0%,0.00,0%,0.0,1,0,0
http://ufcstats.com/fighter-details/d84033157714ee94,"Aug 17, 1999",46%,30%,3.30,4.56,39%,2.36,87%,0.8,15,2,0
http://ufcstats.com/fighter-details/8d3b4a630b1bf1e6,"Jan 08, 2002",0%,0%,0.00,32.00,0%,0.00,0%,0.0,5,1,0
http://ufcstats.com/fighter-details/f3743d8ef5dde970,"Jan 15, 1984",0%,0%,0.00,24.62,44%,0.00,0%,0.0,0,2,0
http://ufcstats.com/fighter-details/7aabd61419f747d1,--,0%,0%,0.00,0.00,0%,0.00,0%,0.0,2,3,0
http://ufcstats.com/fighter-details/5df10509264586e5,"Feb 04, 1979",60%,0%,2.17,6.51,40%,0.00,0%,0.0,2,1,0
http://ufcstats.com/fighter-details/7ea5d60d2e6a8ad0,"Dec 20, 1990",29%,0%,2.61,8.24,48%,0.00,0%,0.0,5,3,0
http://ufcstats.com/fighter-details/81b57acd6975ac06,--,30%,0%,0.66,3.28,31%,0.00,0%,0.0,1,3,0
http://ufcstats.com/fighter-details/09a82bd51ff61376,"Jun 17, 1983",0%,0%,0.00,0.00,0%,0.00,0%,0.0,7,7,0
http://ufcstats.com/fighter-details/99020eeb8cd5689d,"Jan 12, 1980",0%,0%,0.00,2.00,25%,0.00,0%,10.0,13,7,0
http://ufcstats.com/fighter-details/44f234a36324e6c8,"Apr 06, 1998",73%,48%,1.25,1.07,40%,17.46,50%,0.0,12,2,0
http://ufcstats.com/fighter-details/7922e8269adcc25a,--,0%,0%,0.00,0.00,0%,0.00,0%,0.0,5,1,0
http://ufcstats.com/fighter-details/a5cb1c29461853ca,"Dec 16, 1996",43%,44%,3.20,6.03,42%,8.00,100%,0.0,7,1,0
http://ufcstats.com/fighter-details/fa399f7f6e17f7f5,"Oct 23, 1988",50%,60%,4.61,2.83,71%,2.96,100%,3.0,9,0,0
http://ufcstats.com/fighter-details/9561eb5f0d63ffcc,"Jan 04, 1994",0%,0%,0.00,0.00,0%,0.00,0%,0.0,5,0,0
http://ufcstats.com/fighter-details/df7d386a54e07446,--,0%,0%,0.00,0.00,0%,0.00,0%,0.0,12,7,1
http://ufcstats.com/fighter-details/1c7308d2957a12d2,"Mar 03, 1996",42%,0%,0.40,0.87,31%,0.00,36%,3.0,9,3,0
http://ufcstats.com/fighter-details/9756095cb76b67c3,"Jun 11, 1985",0%,0%,0.00,0.00,0%,0.00,0%,0.0,24,5,1
http://ufcstats.com/fighter-details/543cd2258f4fa339,--,50%,0%,0.43,0.00,0%,0.00,0%,0.0,1,1,0
http://ufcstats.com/fighter-details/3bb030257966b022,"Dec 27, 1965",38%,0%,2.00,1.33,57%,0.00,0%,0.0,1,1,0
http://ufcstats.com/fighter-details/56bf3ed155bd0fcd,"Apr 06, 1992",54%,0%,3.88,8.69,33%,0.00,0%,0.0,21,6,0
http://ufcstats.com/fighter-details/303e017a9074f3aa,"Nov 23, 1987",0%,0%,0.00,0.00,0%,0.00,0%,0.0,9,2,0
http://ufcstats.com/fighter-details/61e47575b24a06bf,"Jan 14, 1995",48%,0%,3.10,5.78,46%,0.00,33%,1.1,10,6,0
http://ufcstats.com/fighter-details/b51d0ed3782a1bf5,"Jun 02, 1990",57%,0%,2.21,7.83,37%,0.00,0%,0.0,10,2,0
http://ufcstats.com/fighter-details/6597b611f1c32555,--,72%,0%,0.80,0.70,63%,0.00,0%,0.0,10,14,0
http://ufcstats.com/fighter-details/46caf130099206cd,"Apr 12, 1985",39%,38%,1.73,2.27,59%,5.00,0%,2.0,8,0,0
http://ufcstats.com/fighter-details/2a470ad41c22c25a,"Jan 17, 1981",44%,50%,1.47,2.72,43%,2.40,83%,1.0,6,2,0
http://ufcstats.com/fighter-details/66e0a70352fef46a,"Oct 09, 1981",68%,50%,2.77,1.17,38%,1.21,81%,9.0,8,0,0
http://ufcstats.com/fighter-details/fdba548aff9763d9,"Jan 20, 1988",39%,100%,1.27,1.27,67%,1.00,0%,0.0,23,6,0
http://ufcstats.com/fighter-details/6cf2352cdb3de59d,--,67%,57%,2.87,2.60,23%,4.00,80%,0.0,3,3,0
http://ufcstats.com/fighter-details/308279bd246c211f,--,63%,66%,4.47,3.27,57%,4.00,69%,0.0,6,3,0
http://ufcstats.com/fighter-details/16867810070dc520,"Mar 16, 1983",0%,0%,0.00,0.00,0%,0.00,0%,0.0,17,8,0
http://ufcstats.com/fighter-details/4fd140eea593526e,"Apr 24, 1989",56%,0%,3.12,4.56,22%,0.00,33%,0.0,9,2,0
http://ufcstats.com/fighter-details/126bdc1710a8cbf4,"Jul 08, 1997",46%,18%,3.51,1.78,67%,0.67,68%,0.0,16,9,0
http://ufcstats.com/fighter-details/d365ee924f5cc3fc,"Sep 04, 1979",0%,0%,0.00,0.00,0%,0.00,0%,0.0,19,10,1
http://ufcstats.com/fighter-details/f7b4cbe93f3bac06,"Apr 11, 1971",0%,0%,0.00,0.00,0%,0.00,0%,0.0,3,5,0
http://ufcstats.com/fighter-details/cc23ed51619421a3,--,41%,0%,2.31,1.67,48%,0.00,0%,1.9,13,7,1
http://ufcstats.com/fighter-details/6cc25d19a891f435,--,0%,100%,0.00,7.46,37%,4.86,0%,0.0,1,3,0
http://ufcstats.com/fighter-details/bc7f7f0ba3db74d2,"Dec 07, 1974",25%,0%,0.67,0.00,100%,0.00,50%,0.0,11,10,0
http://ufcstats.com/fighter-details/63ff619c52ff7976,"Jun 21, 1998",0%,0%,0.00,0.00,0%,0.00,0%,0.0,4,1,0
http://ufcstats.com/fighter-details/96c05ba5ab9eccaf,--,50%,16%,3.03,0.67,75%,2.53,100%,0.0,2,3,0
http://ufcstats.com/fighter-details/4311e9d23604205c,--,0%,0%,0.00,0.00,0%,0.00,0%,0.0,5,2,0
http://ufcstats.com/fighter-details/ac31f869959860bc,"Jun 14, 1990",51%,33%,4.93,2.07,69%,1.00,0%,0.0,5,4,0
http://ufcstats.com/fighter-details/3b5f2faaa2f2c1f6,--,0%,0%,0.00,0.00,0%,0.00,0%,0.0,4,4,0
http://ufcstats.com/fighter-details/abc8e1423cf5b74e,"Jul 22, 1985",0%,0%,0.00,0.00,0%,0.00,0%,0.0,7,8,0
http://ufcstats.com/fighter-details/fa4dcb2c8de482ee,"Dec 31, 1993",52%,25%,2.30,2.67,47%,1.82,33%,0.0,8,3,0
http://ufcstats.com/fighter-details/ed069a95aaaf4f56,--,16%,0%,2.01,6.75,60%,0.00,0%,0.0,0,1,0
http://ufcstats.com/fighter-details/9d61d8cb1c354867,--,0%,0%,0.00,0.00,0%,0.00,0%,0.0,2,3,0
http://ufcstats.com/fighter-details/31e1ea6fe6b682f8,--,0%,0%,0.00,0.00,0%,0.00,0%,0.0,2,3,0
http://ufcstats.com/fighter-details/8c90c1563972e44d,"Mar 05, 1983",38%,16%,2.71,2.96,63%,0.28,53%,0.0,7,3,0
http://ufcstats.com/fighter-details/d92e6e17f637fe4d,"Dec 17, 1984",0%,0%,0.00,0.00,0%,0.00,0%,0.0,13,0,0
http://ufcstats.com/fighter-details/bdd16cd6b29cb499,--,0%,0%,0.00,0.00,0%,0.00,0%,0.0,3,3,0
http://ufcstats.com/fighter-details/a303588c33d8c5ae,"Dec 23, 1984",42%,50%,1.20,1.40,53%,2.00,75%,0.0,2,1,0
http://ufcstats.com/fighter-details/c36e1f4fa755ffb4,"Jul 15, 1976",28%,0%,2.89,5.42,42%,0.00,100%,0.0,33,15,0
http://ufcstats.com/fighter-details/972197a8c61ac413,"Oct 16, 1980",32%,33%,2.19,3.29,58%,2.82,75%,0.5,9,4,0
http://ufcstats.com/fighter-details/49d78120e0a4f607,"Jun 13, 1982",39%,0%,2.61,2.92,58%,0.00,0%,0.0,24,8,0
http://ufcstats.com/fighter-details/4a35913bd9aa4161,"Sep 11, 1969",0%,0%,0.00,0.00,0%,0.00,0%,0.0,45,62,1
http://ufcstats.com/fighter-details/11337d069261bf3a,"Oct 27, 1988",44%,22%,2.04,3.84,38%,1.06,53%,0.0,6,1,0
http://ufcstats.com/fighter-details/fb4ca5c7e4448645,--,0%,0%,0.00,0.00,0%,0.00,0%,0.0,11,6,0
http://ufcstats.com/fighter-details/e9ec08ebb3f92aa3,"Dec 21, 1980",0%,0%,0.00,0.00,0%,0.00,0%,0.0,11,10,0
http://ufcstats.com/fighter-details/be5fd2ae27d20842,"Feb 28, 2001",41%,0%,3.53,3.13,73%,0.00,55%,0.0,11,2,0
http://ufcstats.com/fighter-details/24d98df7556ac8af,"Aug 05, 1991",60%,100%,1.41,4.93,23%,3.52,0%,0.0,9,4,0
http://ufcstats.com/fighter-details/ee7b7768a4e6dc45,"Jun 27, 1987",46%,43%,1.80,1.53,54%,7.00,0%,0.0,17,2,1
http://ufcstats.com/fighter-details/b2d9758cdd124143,"Feb 07, 1998",64%,0%,4.67,5.32,36%,0.00,66%,1.4,9,4,0
http://ufcstats.com/fighter-details/01dfb60661153735,"Jan 25, 1994",45%,0%,4.89,5.18,56%,0.00,100%,0.0,12,3,0
http://ufcstats.com/fighter-details/ce6b5b93a96dd15b,"Feb 05, 1997",44%,50%,5.20,3.53,61%,2.00,100%,0.0,8,2,0
http://ufcstats.com/fighter-details/1507214bbc7a79e2,"Dec 31, 1972",0%,0%,0.00,0.00,0%,0.00,0%,0.0,18,28,4
http://ufcstats.com/fighter-details/f57cf3d54a641385,"Dec 31, 1968",0%,0%,0.00,0.00,0%,0.00,0%,0.0,1,3,0
http://ufcstats.com/fighter-details/7333d6e0f6428acb,--,0%,0%,0.00,0.00,0%,0.00,0%,0.0,15,7,0
http://ufcstats.com/fighter-details/e9bbcc6530e4cbe6,"Aug 05, 1986",63%,0%,5.80,4.75,42%,0.00,100%,0.0,11,5,0
http://ufcstats.com/fighter-details/64db35f7782fe274,"Nov 11, 1986",62%,0%,7.79,3.90,44%,0.00,0%,11.7,6,2,0
http://ufcstats.com/fighter-details/042cc07ad5a53a33,"Jun 24, 1992",46%,33%,4.07,4.40,45%,1.00,0%,0.0,8,2,0
http://ufcstats.com/fighter-details/a757c06bbdba61d2,"Feb 24, 1979",28%,26%,1.00,1.95,48%,1.58,100%,1.2,20,5,0
http://ufcstats.com/fighter-details/8f4616698508f24d,"Feb 17, 1983",28%,100%,1.83,1.64,74%,1.15,50%,2.9,10,2,0
http://ufcstats.com/fighter-details/343d57cde1a14338,"Mar 11, 1987",44%,22%,3.70,4.80,47%,1.00,81%,0.0,6,1,0
http://ufcstats.com/fighter-details/b3e5a460b6851080,"May 22, 1982",0%,0%,0.00,0.00,0%,0.00,0%,0.0,3,5,1
http://ufcstats.com/fighter-details/ad23903ef3af7406,"Oct 17, 1980",58%,0%,17.65,5.29,72%,0.00,0%,0.0,7,2,0
http://ufcstats.com/fighter-details/d6a740cf6e898e27,"Jun 23, 1985",44%,0%,4.06,3.49,43%,0.00,76%,0.0,18,7,0
http://ufcstats.com/fighter-details/98b76850b5f1e836,"Jan 05, 1989",59%,0%,4.29,5.53,42%,0.00,25%,0.0,18,4,0
http://ufcstats.com/fighter-details/d8a58e797518f011,"Jul 25, 1993",0%,0%,0.00,0.00,0%,0.00,0%,0.0,0,0,0
http://ufcstats.com/fighter-details/f1a9ad7485e5024a,"Dec 17, 1982",0%,0%,0.00,0.00,0%,0.00,0%,0.0,7,8,0
http://ufcstats.com/fighter-details/995af04c697d78b7,"Sep 22, 1975",0%,0%,0.00,9.68,33%,0.00,50%,0.0,10,7,0
http://ufcstats.com/fighter-details/9be3728f3f7badb2,"Apr 20, 1977",34%,50%,0.80,1.00,71%,1.00,37%,0.0,23,11,3
http://ufcstats.com/fighter-details/fa9746fa5d23c202,"Jul 14, 2000",38%,33%,5.11,9.15,38%,4.04,0%,0.0,6,1,0
http://ufcstats.com/fighter-details/868a78f2e810a837,--,0%,0%,0.00,0.00,0%,0.00,0%,0.0,13,6,0
http://ufcstats.com/fighter-details/2f5754b48eab1486,--,0%,0%,0.00,0.00,0%,0.00,0%,0.0,4,2,0
http://ufcstats.com/fighter-details/9ec12134b1515f12,"May 31, 1983",34%,50%,2.93,4.13,56%,2.00,100%,0.0,2,3,0
http://ufcstats.com/fighter-details/1c7cce2f5c17160d,"Sep 27, 1970",100%,0%,1.00,6.00,50%,0.00,0%,0.0,56,83,0
http://ufcstats.com/fighter-details/0f7210aa8d61af8d,--,0%,0%,0.00,8.41,20%,0.00,0%,0.0,6,8,0
http://ufcstats.com/fighter-details/145df84ea4dfd904,--,49%,0%,4.36,3.90,60%,0.00,0%,0.0,4,2,0
http://ufcstats.com/fighter-details/60917f79b7271d83,"Jun 12, 1985",20%,0%,1.82,2.42,78%,0.00,0%,0.0,9,10,0
http://ufcstats.com/fighter-details/8aabef76351401d0,"Aug 10, 1994",48%,40%,5.93,8.40,40%,2.00,0%,0.0,5,1,0
http://ufcstats.com/fighter-details/3b2485c8d5c8b580,"Jul 29, 1980",37%,0%,0.67,3.20,47%,0.00,0%,0.0,14,18,1
http://ufcstats.com/fighter-details/610caee730f9b89e,"Jul 05, 1984",46%,33%,3.73,9.40,44%,2.00,0%,0.0,6,3,0
http://ufcstats.com/fighter-details/c5ec23983dc2d8f4,--,0%,0%,0.00,0.00,0%,0.00,0%,0.0,3,12,0
http://ufcstats.com/fighter-details/b2aa1e07b5b3306e,"Aug 18, 1975",0%,0%,0.00,0.00,0%,0.00,0%,0.0,13,2,0
http://ufcstats.com/fighter-details/2782235b078b72a7,"Jun 10, 1995",0%,0%,0.00,0.00,0%,0.00,0%,0.0,6,1,1
http://ufcstats.com/fighter-details/5921fd3f889afa3b,--,0%,0%,0.00,0.00,0%,0.00,0%,0.0,1,0,0
http://ufcstats.com/fighter-details/1abf785143f8d5ec,--,30%,0%,2.64,2.38,60%,0.00,50%,0.0,15,16,1
http://ufcstats.com/fighter-details/9ac4e43ed56429ed,"Oct 15, 1996",50%,0%,3.74,7.27,28%,0.00,57%,0.0,5,2,0
http://ufcstats.com/fighter-details/9141bb39310773c7,"Feb 17, 1981",44%,0%,3.17,3.20,46%,0.00,58%,0.0,17,10,0
http://ufcstats.com/fighter-details/f304aff405c4a8fa,"Feb 15, 1984",38%,50%,4.79,5.76,58%,1.22,100%,0.6,14,9,0
http://ufcstats.com/fighter-details/36f3d235493d35ad,--,15%,0%,0.66,1.71,65%,0.00,0%,0.0,2,4,0
http://ufcstats.com/fighter-details/3b83fec860a45ca1,"Jun 08, 1985",40%,100%,0.60,2.40,40%,1.00,16%,0.0,3,4,0
http://ufcstats.com/fighter-details/6f81399074fcdbba,"Feb 25, 1997",52%,22%,5.87,4.00,65%,2.00,100%,0.0,8,0,0
http://ufcstats.com/fighter-details/33df417d0017eb0c,"Apr 19, 1996",48%,8%,2.60,3.27,50%,1.00,0%,1.0,6,2,0
http://ufcstats.com/fighter-details/f7faf5b19e0dec2e,"Jul 28, 1995",46%,18%,7.19,10.66,44%,1.12,50%,0.6,13,7,0
http://ufcstats.com/fighter-details/b9163ec845c3bfc8,"Nov 11, 1992",33%,0%,2.33,6.13,44%,0.00,100%,0.0,4,2,0
http://ufcstats.com/fighter-details/208b6926916867c7,--,0%,0%,0.00,14.21,25%,0.00,0%,0.0,3,2,0
http://ufcstats.com/fighter-details/ff3a915256b899c0,"Nov 18, 1981",35%,0%,2.80,4.33,35%,0.00,100%,0.0,26,19,1
http://ufcstats.com/fighter-details/872b018076f831b0,"Jun 03, 1966",33%,0%,0.53,1.06,33%,0.00,50%,0.0,4,6,0
http://ufcstats.com/fighter-details/cba3a2dfbc06ce79,--,21%,33%,0.54,3.22,28%,2.69,0%,0.0,2,1,0
http://ufcstats.com/fighter-details/9d7fbf438766791f,--,46%,0%,0.87,3.00,26%,0.00,100%,0.0,4,1,0
http://ufcstats.com/fighter-details/712aa894b3a344df,--,0%,0%,0.00,1.63,14%,0.00,0%,4.1,2,2,0
http://ufcstats.com/fighter-details/09f8c233de88998d,--,0%,0%,0.00,0.00,0%,0.00,0%,0.0,1,2,0
http://ufcstats.com/fighter-details/90e7447d8b7f3f35,"May 22, 1980",45%,45%,2.48,1.85,53%,1.97,37%,1.2,20,13,1
http://ufcstats.com/fighter-details/657c21cb133f1445,"Nov 03, 1977",64%,31%,2.56,1.67,28%,1.43,21%,0.0,33,22,0
http://ufcstats.com/fighter-details/babc0b19e89cec6e,"Jun 23, 1987",33%,0%,1.40,1.40,75%,0.00,100%,20.9,7,4,0
http://ufcstats.com/fighter-details/e5a898f2a1afec67,"Feb 16, 1996",0%,0%,0.00,0.00,0%,0.00,0%,0.0,20,4,1
http://ufcstats.com/fighter-details/5b1b383265433f51,"Jun 27, 1987",0%,0%,0.00,0.00,0%,0.00,0%,0.0,7,3,0
http://ufcstats.com/fighter-details/b1669a810fae4220,"Mar 31, 1985",45%,60%,0.57,0.96,66%,5.73,0%,1.0,16,4,1
http://ufcstats.com/fighter-details/7956f026e2672c47,--,0%,0%,0.00,0.00,0%,0.00,0%,0.0,3,15,0
http://ufcstats.com/fighter-details/cb7ee07982de2a28,"Mar 31, 1993",57%,75%,2.07,0.20,25%,3.00,100%,1.0,9,1,0
http://ufcstats.com/fighter-details/cc4e571964b084d4,"Sep 18, 1990",44%,0%,6.67,9.91,43%,0.00,66%,0.0,11,5,0
http://ufcstats.com/fighter-details/96c76dd695eb3b88,"May 09, 1997",33%,0%,1.36,6.43,26%,0.00,0%,0.0,9,2,0
http://ufcstats.com/fighter-details/6a6c4709ebc5499a,"Dec 11, 1997",28%,0%,0.81,5.35,41%,0.00,33%,1.2,5,1,0
http://ufcstats.com/fighter-details/94a5aaf573f780ad,"Jul 26, 1973",25%,100%,0.30,2.40,50%,4.50,0%,9.0,6,7,0
http://ufcstats.com/fighter-details/d7907a9a968e4d29,"Mar 11, 1973",61%,0%,1.11,2.08,31%,0.00,0%,0.0,11,14,0
http://ufcstats.com/fighter-details/ff9578cdbfabd323,"Sep 18, 1971",48%,100%,1.80,3.44,58%,0.52,36%,1.6,24,24,6
http://ufcstats.com/fighter-details/3e36811b7bc1f6ad,--,50%,0%,0.99,1.86,40%,0.00,50%,0.0,4,8,1
http://ufcstats.com/fighter-details/74d5f71eeb0c66c7,"Nov 20, 1984",0%,0%,0.00,0.00,0%,0.00,0%,0.0,5,2,1
http://ufcstats.com/fighter-details/a049aa06508b9c7b,"Jan 28, 1986",40%,0%,2.88,6.08,20%,0.00,57%,0.0,8,6,0
http://ufcstats.com/fighter-details/a7a3fb5f6c67b122,"May 20, 1993",37%,0%,4.34,11.57,46%,0.00,0%,0.0,5,2,0
http://ufcstats.com/fighter-details/b23388ff8ac6637b,"Sep 11, 1975",40%,50%,1.32,2.64,50%,9.89,0%,9.9,3,1,0
http://ufcstats.com/fighter-details/983e281d257c24dc,--,0%,0%,0.00,0.00,0%,0.00,0%,0.0,8,3,0
http://ufcstats.com/fighter-details/438d497617ecb16e,"Jan 28, 2003",75%,0%,5.95,0.00,100%,0.00,100%,0.0,11,1,0
http://ufcstats.com/fighter-details/6a0047ac8c99fece,"Dec 15, 1989",0%,0%,0.00,0.00,100%,0.00,100%,0.0,10,35,0
http://ufcstats.com/fighter-details/bb140b121283acbb,"Aug 18, 1984",50%,0%,0.58,1.16,55%,0.00,50%,0.0,31,17,0
http://ufcstats.com/fighter-details/243a336eaa2d2eb4,"Aug 11, 1990",35%,6%,4.45,4.17,55%,0.25,16%,0.5,15,3,0
http://ufcstats.com/fighter-details/ef3663798164adf0,"Oct 04, 1990",0%,0%,0.00,0.00,0%,0.00,0%,0.0,8,3,0
http://ufcstats.com/fighter-details/9d51bcc281aa0514,--,0%,0%,0.00,0.00,0%,0.00,0%,0.0,2,3,0
http://ufcstats.com/fighter-details/f9ad10f6a49e5452,--,0%,0%,0.00,0.00,0%,0.00,0%,0.0,3,3,0
http://ufcstats.com/fighter-details/4c12aa7ca246e7a4,"Feb 02, 1965",0%,0%,0.00,0.00,0%,0.00,0%,0.0,0,4,0
http://ufcstats.com/fighter-details/3143e5daff9e5b71,--,51%,0%,3.60,2.53,74%,0.00,80%,0.0,3,4,0
http://ufcstats.com/fighter-details/19809d475ed832d5,"Jun 04, 1991",42%,0%,0.82,1.65,40%,0.00,0%,2.8,6,1,0
http://ufcstats.com/fighter-details/86989ee8fe97884d,"Jul 10, 1996",34%,0%,1.67,2.00,52%,0.00,0%,0.0,7,3,1
http://ufcstats.com/fighter-details/39792c2f42c9f527,"Oct 25, 1984",0%,0%,0.00,0.00,0%,0.00,0%,0.0,17,6,1
http://ufcstats.com/fighter-details/4920292f5d9b76df,"Feb 08, 1983",39%,50%,1.47,5.53,56%,1.00,100%,0.0,9,5,0
http://ufcstats.com/fighter-details/9f95d6b5b459cc6b,"Oct 10, 1992",49%,0%,3.87,4.87,42%,0.00,25%,0.0,7,2,0
http://ufcstats.com/fighter-details/8299206ccebc44a7,"Jan 18, 1980",0%,0%,0.00,0.00,0%,0.00,0%,0.0,10,3,0
http://ufcstats.com/fighter-details/012fc7cd0779c09a,"Oct 26, 1972",12%,0%,1.40,7.31,52%,0.00,100%,0.0,18,8,0
http://ufcstats.com/fighter-details/99bf06f20491cb54,"Dec 12, 1977",36%,100%,3.94,6.01,49%,0.78,50%,0.4,21,18,0
http://ufcstats.com/fighter-details/7701377be464d2ef,"Jan 02, 1980",57%,0%,4.40,4.00,64%,0.00,0%,0.0,63,10,1
http://ufcstats.com/fighter-details/5b5b78116d1fc3eb,--,34%,29%,2.77,4.17,41%,2.50,75%,0.0,38,10,0
http://ufcstats.com/fighter-details/d12ee718fb35c35c,"Aug 20, 1988",31%,0%,3.40,4.40,64%,0.00,75%,0.0,33,7,0
http://ufcstats.com/fighter-details/4cb79988b2a9bd07,"Dec 12, 1992",54%,100%,4.40,4.07,53%,1.00,66%,1.0,10,3,0
http://ufcstats.com/fighter-details/78719f6663ad9160,"May 03, 1992",48%,0%,1.55,7.09,26%,0.00,25%,0.0,12,3,1
http://ufcstats.com/fighter-details/9f3d6ddef3d3cccc,"Sep 22, 1974",55%,100%,3.19,1.88,49%,0.58,72%,0.0,11,20,0
http://ufcstats.com/fighter-details/026b4f7049085842,"Sep 09, 1983",25%,60%,0.84,3.46,36%,2.36,57%,0.0,36,26,0
http://ufcstats.com/fighter-details/2097b1a5ff47dfb0,"Jan 17, 1989",66%,0%,1.43,2.06,42%,0.00,75%,0.0,35,6,0
http://ufcstats.com/fighter-details/23bd78c3f89bdb54,"Oct 07, 1979",45%,0%,0.33,0.93,46%,0.00,0%,0.0,3,7,4
http://ufcstats.com/fighter-details/b7bcf6dfbbb7c16c,"Sep 30, 1994",49%,40%,2.76,2.42,48%,3.76,61%,1.9,11,3,1
http://ufcstats.com/fighter-details/f4a031ac205ac580,"Aug 17, 1965",35%,0%,1.40,3.76,41%,0.00,58%,0.0,1,8,1
http://ufcstats.com/fighter-details/c982b98d33825763,"Jun 08, 1993",25%,0%,2.14,25.71,29%,0.00,0%,0.0,5,1,0
http://ufcstats.com/fighter-details/f6f9d41669dd3eaa,"Mar 05, 1991",30%,50%,0.66,0.82,84%,2.47,0%,2.5,8,5,0
http://ufcstats.com/fighter-details/36ab6af06e312b41,"Nov 11, 1970",0%,0%,0.00,0.00,0%,0.00,0%,0.0,25,12,0
http://ufcstats.com/fighter-details/4fe9492959834bf7,--,0%,0%,0.00,0.00,0%,0.00,0%,0.0,7,2,0
http://ufcstats.com/fighter-details/67f0d1b1b0b39bec,"Aug 29, 1992",45%,0%,1.39,6.95,23%,0.00,12%,0.0,10,2,1
http://ufcstats.com/fighter-details/402ea3b5ee233852,"Jun 30, 1978",41%,75%,2.54,2.37,48%,7.63,0%,2.5,6,5,0
http://ufcstats.com/fighter-details/72b7c071910990b1,"Apr 23, 1981",0%,0%,0.00,0.00,0%,0.00,0%,0.0,5,1,0
http://ufcstats.com/fighter-details/22a1f83edb865aee,"Oct 05, 1996",28%,0%,2.27,3.03,52%,0.00,100%,0.0,13,3,0
http://ufcstats.com/fighter-details/66e981516e2476d1,"Apr 22, 1978",42%,42%,1.43,1.07,54%,3.00,0%,1.0,15,6,0
http://ufcstats.com/fighter-details/a296ad1d238d97df,"Nov 04, 1992",36%,0%,1.33,3.00,47%,0.00,100%,0.0,14,7,0
http://ufcstats.com/fighter-details/a3244e3238541482,"Jun 01, 1974",26%,40%,0.72,2.12,55%,1.31,0%,0.4,5,5,0
http://ufcstats.com/fighter-details/f41fad444939056b,--,52%,0%,2.84,2.64,48%,0.00,44%,0.0,2,5,0
http://ufcstats.com/fighter-details/89ea01f5a7ada40c,"May 19, 1983",0%,0%,0.00,0.00,0%,0.00,0%,0.0,10,6,0
http://ufcstats.com/fighter-details/bd02e222a6166d50,--,0%,0%,0.00,0.00,0%,0.00,0%,0.0,2,3,0
http://ufcstats.com/fighter-details/aa943b9bc00cb0ed,"Mar 12, 1982",48%,50%,2.17,2.50,50%,2.50,60%,0.0,11,7,0
http://ufcstats.com/fighter-details/b0353e7f5038dd09,"Sep 22, 1997",0%,0%,0.00,9.86,53%,0.00,0%,0.0,5,1,0
http://ufcstats.com/fighter-details/d86e913c548c07c2,"Mar 03, 1965",0%,0%,0.00,0.00,0%,0.00,0%,0.0,20,17,1
http://ufcstats.com/fighter-details/e44c679c30403cba,"Jul 16, 1988",0%,0%,0.00,0.00,0%,0.00,0%,0.0,11,10,0
http://ufcstats.com/fighter-details/99c80d2bd5dbe5a9,--,44%,0%,1.27,0.87,45%,0.00,50%,1.0,1,1,0
http://ufcstats.com/fighter-details/79cbdf233e5e0496,--,0%,0%,0.00,0.00,0%,0.00,0%,0.0,2,0,0
http://ufcstats.com/fighter-details/0b235384fe23fc9c,--,55%,100%,3.90,7.79,37%,11.69,0%,0.0,3,4,0
http://ufcstats.com/fighter-details/4327506eb9ee342f,"Feb 26, 2000",58%,66%,5.35,0.81,71%,2.43,100%,0.0,10,0,0
http://ufcstats.com/fighter-details/0c01568b1ac77bff,"Jul 30, 1977",68%,0%,5.50,3.33,50%,0.00,33%,0.0,13,15,1
http://ufcstats.com/fighter-details/b9af9f8834e39d3e,"Jul 07, 1993",40%,0%,1.50,5.25,22%,0.00,60%,0.0,10,3,0
http://ufcstats.com/fighter-details/d1ce40aca99a9b70,"Sep 26, 1986",20%,100%,0.51,0.81,50%,3.03,0%,3.0,8,4,0
http://ufcstats.com/fighter-details/55e94a9b525dcf45,"Oct 21, 1980",66%,0%,3.21,1.28,0%,0.00,40%,14.4,4,7,0
http://ufcstats.com/fighter-details/d6b68eaf4b68b160,"Apr 10, 1972",0%,0%,0.00,0.43,0%,0.00,0%,0.0,0,2,0
http://ufcstats.com/fighter-details/646d5dbe509accd4,"Feb 15, 1971",31%,0%,0.86,1.71,72%,0.00,66%,0.0,2,2,0
http://ufcstats.com/fighter-details/e4bb7e483c4ad318,"Jul 03, 1976",45%,62%,2.60,0.60,84%,5.00,100%,0.0,23,19,1
http://ufcstats.com/fighter-details/5e1062e066c601e6,"Feb 08, 1994",0%,0%,0.00,0.00,0%,0.00,0%,0.0,14,8,1
http://ufcstats.com/fighter-details/3ed134d85dfbd7b4,"May 21, 1981",0%,0%,0.00,0.00,0%,0.00,0%,0.0,2,2,0
http://ufcstats.com/fighter-details/762572d67204fadb,"Mar 20, 1992",27%,20%,1.07,2.40,58%,0.50,42%,0.0,7,4,0
http://ufcstats.com/fighter-details/0505e27a5d00704a,"Aug 22, 1990",63%,0%,4.91,3.35,41%,0.00,0%,0.0,7,3,1
http://ufcstats.com/fighter-details/88b250ba222c3a98,"Oct 10, 1980",37%,0%,0.87,5.19,60%,0.00,0%,0.0,3,6,0
http://ufcstats.com/fighter-details/2f04c4183523be2e,"Jun 23, 1979",27%,0%,5.29,17.65,41%,0.00,0%,0.0,8,9,0
http://ufcstats.com/fighter-details/253d3f9e97ca149a,"May 24, 1980",48%,55%,4.94,3.10,46%,1.84,67%,1.8,8,5,0
http://ufcstats.com/fighter-details/efab191f204ffa17,--,55%,0%,4.38,3.94,59%,0.00,0%,0.0,1,1,0
http://ufcstats.com/fighter-details/dadaeb402526dca5,"Jun 15, 1983",0%,0%,0.00,3.33,75%,0.00,0%,0.0,10,8,0
http://ufcstats.com/fighter-details/5c38639f860a5542,--,67%,0%,2.40,0.53,50%,0.00,72%,3.0,0,1,0
http://ufcstats.com/fighter-details/9eed2bcc9e0b92af,"Nov 18, 1995",52%,50%,6.10,8.45,33%,1.41,0%,0.0,12,5,0
http://ufcstats.com/fighter-details/5a7350645bc9bd6e,"Mar 15, 1986",32%,100%,1.27,1.27,60%,2.00,0%,0.0,32,8,0
http://ufcstats.com/fighter-details/5f23eaf9e9c34667,"Aug 29, 1991",16%,0%,1.33,3.20,40%,0.00,55%,0.0,5,2,0
http://ufcstats.com/fighter-details/285e32e41f61a5b1,--,0%,0%,0.00,0.00,0%,0.00,0%,0.0,3,3,0
http://ufcstats.com/fighter-details/d4da8995fc91e7ef,"Nov 17, 1979",35%,50%,2.06,2.40,53%,0.49,53%,0.7,4,11,1
http://ufcstats.com/fighter-details/5d1700cfbaafbe06,"Jun 22, 1989",33%,0%,3.60,6.00,16%,0.00,50%,0.0,13,4,1
http://ufcstats.com/fighter-details/b94ac19bad67a389,--,0%,0%,0.00,0.00,0%,0.00,0%,0.0,6,1,0
http://ufcstats.com/fighter-details/d9e1942637bd57a4,"Oct 07, 1986",0%,0%,0.00,0.00,0%,0.00,0%,0.0,18,11,1
http://ufcstats.com/fighter-details/a79bfbc01b2264d6,"Apr 02, 1980",100%,0%,1.02,4.07,55%,0.00,0%,0.0,26,14,2
http://ufcstats.com/fighter-details/ad863b0d57952c57,"Mar 08, 1977",0%,0%,0.00,0.00,0%,0.00,0%,0.0,7,1,0
http://ufcstats.com/fighter-details/ed3ea649b34ddb6c,"May 20, 1984",60%,0%,4.36,1.71,63%,0.00,0%,0.0,56,9,0
http://ufcstats.com/fighter-details/b0c95dc8e858452c,"Jan 31, 1974",34%,73%,1.03,2.63,53%,1.79,82%,0.4,14,17,5
http://ufcstats.com/fighter-details/35cc17760b06f36d,"Jun 14, 1976",0%,0%,0.00,0.00,0%,0.00,0%,0.0,11,19,1
http://ufcstats.com/fighter-details/1f4b1d7d12601c5f,"Jun 09, 1988",0%,0%,0.00,0.00,0%,0.00,0%,0.0,15,0,1
http://ufcstats.com/fighter-details/585f9ffdb0cd0466,"Feb 01, 1976",33%,0%,0.68,1.36,0%,0.00,0%,10.2,7,6,0
http://ufcstats.com/fighter-details/762226efa2b01654,"May 05, 1996",66%,0%,0.63,6.17,25%,0.00,25%,0.0,7,1,0
http://ufcstats.com/fighter-details/cf772fb504842dc3,"Aug 17, 1988",28%,0%,2.87,4.48,61%,0.00,0%,0.0,11,4,0
http://ufcstats.com/fighter-details/3cf68c1d17f66af7,"Oct 08, 1970",26%,50%,1.08,1.96,50%,1.47,80%,0.0,12,5,0
http://ufcstats.com/fighter-details/9a08c2753184ac6d,"Jun 06, 1994",36%,100%,1.02,1.53,57%,3.83,0%,0.0,5,5,0
http://ufcstats.com/fighter-details/55b8dc4e54fe2c59,"Jul 21, 1963",15%,100%,0.40,2.72,47%,0.42,16%,0.4,2,6,0
http://ufcstats.com/fighter-details/a1153013cb5f628f,--,14%,0%,2.69,5.37,50%,0.00,0%,0.0,14,12,0
http://ufcstats.com/fighter-details/a6c32678efd4f434,"Feb 27, 1972",65%,100%,2.86,3.30,34%,3.30,0%,0.0,8,4,0
http://ufcstats.com/fighter-details/2ba479b409011527,"Mar 31, 1982",11%,0%,0.09,5.90,38%,0.00,0%,0.0,1,8,0
http://ufcstats.com/fighter-details/a31358d90d4bb40a,"Mar 20, 1985",50%,0%,0.67,0.73,67%,0.00,25%,1.0,28,6,0
http://ufcstats.com/fighter-details/b19aecbfbb5508cc,"Aug 27, 1990",51%,0%,6.33,5.93,57%,0.00,42%,0.0,7,4,0
http://ufcstats.com/fighter-details/f6f2ea21a67be3a7,"Feb 23, 1988",44%,100%,4.17,4.92,56%,1.51,66%,0.0,6,4,0
http://ufcstats.com/fighter-details/0d09efd31eb9fadf,"May 30, 1995",40%,0%,0.46,2.32,33%,0.00,0%,0.0,7,2,0
http://ufcstats.com/fighter-details/4408865b4e65e374,"Dec 19, 1995",57%,100%,3.00,1.13,62%,2.00,55%,0.5,8,1,0
http://ufcstats.com/fighter-details/4784a5b4a452464a,"Feb 16, 1992",0%,0%,0.00,1.50,62%,0.00,0%,0.0,5,1,0
http://ufcstats.com/fighter-details/4e33534d1e036444,"Apr 24, 1997",52%,0%,4.86,9.85,44%,0.00,0%,0.0,8,2,0
http://ufcstats.com/fighter-details/79f60d34ad48d7a3,"Aug 25, 2004",0%,0%,0.00,0.00,0%,0.00,0%,0.0,7,1,0
http://ufcstats.com/fighter-details/04e0507b94014dbb,"Jan 02, 1996",27%,0%,2.58,8.61,37%,0.00,0%,0.0,13,5,1
http://ufcstats.com/fighter-details/28e088bbcaaa6366,"Apr 23, 1992",40%,50%,1.07,0.54,50%,24.11,0%,0.0,12,4,0
http://ufcstats.com/fighter-details/79e2cb1e813f881b,"Sep 06, 1997",42%,25%,2.85,3.64,55%,3.49,100%,0.0,7,2,0
http://ufcstats.com/fighter-details/9eedac48b497de5a,"Jan 18, 1974",0%,0%,0.00,0.00,0%,0.00,0%,0.0,3,4,0
http://ufcstats.com/fighter-details/59c6d5af765df641,"Sep 04, 1988",66%,0%,0.81,2.19,30%,0.00,42%,1.2,4,1,0
http://ufcstats.com/fighter-details/3b65c9dd39741bc4,"Feb 20, 1980",33%,0%,1.20,1.73,73%,0.00,50%,0.0,13,5,0
http://ufcstats.com/fighter-details/254ed71756cfd18c,"May 09, 1997",0%,0%,0.00,9.05,27%,0.00,0%,0.0,11,2,0
http://ufcstats.com/fighter-details/f985ca2370a37078,"Jul 25, 2000",0%,0%,0.00,19.51,23%,0.00,0%,0.0,7,4,0
http://ufcstats.com/fighter-details/71ef1111bf829b82,"Apr 09, 1996",56%,20%,5.50,9.98,46%,1.53,0%,0.0,4,1,0
http://ufcstats.com/fighter-details/a46fdda658fee832,"Jun 23, 1994",100%,0%,0.80,3.41,19%,0.00,0%,0.0,19,5,0
http://ufcstats.com/fighter-details/a7ac3b1b0c4146db,"Jul 27, 1991",42%,0%,2.80,7.37,29%,0.00,75%,0.0,6,3,0
http://ufcstats.com/fighter-details/fce9b4056a8ef559,--,0%,0%,0.00,0.00,0%,0.00,0%,0.0,1,2,0
http://ufcstats.com/fighter-details/436cdea7bdfdc016,"Dec 25, 1974",0%,0%,0.00,0.00,0%,0.00,0%,0.0,0,1,0
http://ufcstats.com/fighter-details/44a1dd0ef4373edc,--,0%,0%,0.00,0.00,0%,0.00,0%,0.0,3,1,0
http://ufcstats.com/fighter-details/caced97768818230,"Jan 23, 1967",0%,0%,0.00,0.54,0%,0.00,66%,0.0,0,1,0
http://ufcstats.com/fighter-details/c337c3c85b1871e0,--,50%,27%,0.53,2.40,32%,5.00,100%,1.0,10,11,0
http://ufcstats.com/fighter-details/9db861c26b63daa8,--,48%,100%,4.00,1.85,70%,9.23,100%,0.0,9,9,1
http://ufcstats.com/fighter-details/a2d1d3d144fed708,"Jul 14, 1985",0%,0%,0.00,0.00,0%,0.00,0%,0.0,8,1,0
http://ufcstats.com/fighter-details/1979c80150f630c4,"Apr 08, 1976",52%,50%,4.95,5.05,54%,1.55,100%,1.6,24,8,2
http://ufcstats.com/fighter-details/9114c8ded5ccd71d,--,0%,0%,0.00,0.00,0%,0.00,0%,0.0,1,1,0
http://ufcstats.com/fighter-details/f626aa1c85f8af03,"Jul 02, 1982",28%,0%,0.73,1.40,54%,0.00,57%,2.0,9,8,0
http://ufcstats.com/fighter-details/e955046551f8c7dd,--,0%,0%,0.00,0.00,0%,0.00,0%,0.0,5,1,0
http://ufcstats.com/fighter-details/754968e325d6f60d,--,0%,0%,0.00,0.00,0%,0.00,0%,0.0,0,3,0
http://ufcstats.com/fighter-details/ffee353f55e3aa2c,"Jan 07, 1984",0%,0%,0.00,0.00,0%,0.00,0%,0.0,0,0,0
http://ufcstats.com/fighter-details/0bbb69f69c9a2eea,"Apr 09, 1995",38%,0%,1.28,2.04,35%,0.00,33%,2.3,6,1,0
http://ufcstats.com/fighter-details/625b65b45c1c6888,--,36%,33%,2.95,3.53,68%,2.16,57%,0.0,4,5,0
http://ufcstats.com/fighter-details/c5776fa8f4bf77aa,--,0%,0%,0.00,0.00,0%,0.00,0%,0.0,10,7,1
http://ufcstats.com/fighter-details/1b0491ef0f9c965e,"Aug 22, 2000",34%,33%,3.52,8.67,56%,3.52,50%,0.0,8,2,0
http://ufcstats.com/fighter-details/7684c8137b4545ba,"Jul 21, 1995",68%,26%,2.60,6.73,25%,4.00,100%,0.0,4,2,0
http://ufcstats.com/fighter-details/03b1e846b09f721d,"Aug 26, 1975",0%,0%,0.00,5.45,33%,0.00,0%,0.0,4,7,0
http://ufcstats.com/fighter-details/f1451d605bad178e,"Jun 10, 1993",60%,50%,1.16,1.35,26%,1.45,50%,0.0,14,4,0
http://ufcstats.com/fighter-details/324c7a749128df8d,--,0%,0%,0.00,2.80,37%,0.00,33%,0.0,0,0,0
http://ufcstats.com/fighter-details/9775eabcb1be1a00,"Jan 20, 1987",0%,0%,0.00,0.00,0%,0.00,0%,0.0,2,2,0
http://ufcstats.com/fighter-details/0efb0d4ebb950fcb,"Jan 03, 1996",56%,0%,2.42,2.11,53%,0.00,48%,0.6,10,2,1
http://ufcstats.com/fighter-details/c5dc1bf9b78f262c,"Apr 23, 2002",0%,0%,0.00,0.00,0%,0.00,0%,0.0,8,1,0
http://ufcstats.com/fighter-details/fe759b24e344d7eb,"Jun 26, 1992",46%,21%,1.47,1.73,48%,5.00,0%,0.0,14,5,0
http://ufcstats.com/fighter-details/3324129f3745b300,--,0%,0%,0.00,0.00,0%,0.00,0%,0.0,3,7,0
http://ufcstats.com/fighter-details/4c9b84d559822830,"Feb 15, 1991",50%,0%,4.79,4.79,48%,0.00,100%,8.3,16,7,0
http://ufcstats.com/fighter-details/cac3aaa66c20bee1,--,23%,0%,1.43,5.23,42%,0.00,0%,0.0,7,2,0
http://ufcstats.com/fighter-details/72782745eb47161a,"Oct 20, 1996",50%,25%,2.82,2.99,28%,0.52,37%,0.5,15,3,0
http://ufcstats.com/fighter-details/22b43be04d7454d0,"Dec 15, 1994",33%,0%,1.62,1.62,50%,0.00,0%,0.0,9,2,1
http://ufcstats.com/fighter-details/c278e8843b8abfec,"Mar 11, 1988",0%,0%,0.00,0.00,0%,0.00,0%,0.0,14,26,0
http://ufcstats.com/fighter-details/b9eb5b4ed07d1525,"Nov 07, 1978",0%,0%,0.00,0.00,0%,0.00,0%,0.0,9,3,0
http://ufcstats.com/fighter-details/743fd9080892501d,--,0%,0%,0.00,0.00,0%,0.00,0%,0.0,8,3,0
http://ufcstats.com/fighter-details/ae4650eb56ab6a11,--,0%,0%,0.00,0.00,0%,0.00,0%,0.0,7,3,0
http://ufcstats.com/fighter-details/221b2a3070c7ce3e,"Apr 04, 1976",62%,11%,3.27,3.27,54%,1.75,75%,1.8,9,5,0
http://ufcstats.com/fighter-details/7d68f3bec89e08ec,--,25%,0%,1.40,1.40,66%,0.00,0%,0.0,3,4,0
http://ufcstats.com/fighter-details/5f2197acaba7d5ef,"Sep 28, 1966",52%,42%,2.81,1.53,47%,2.09,71%,1.4,13,4,0
http://ufcstats.com/fighter-details/71caa995674203aa,"Jan 01, 1976",100%,0%,10.00,10.00,0%,0.00,0%,0.0,12,13,1
http://ufcstats.com/fighter-details/6436029b50a9c255,--,20%,45%,1.00,2.89,34%,7.48,100%,0.0,8,3,0
http://ufcstats.com/fighter-details/289a57039d742bfe,"Jun 09, 1978",37%,0%,1.09,5.00,47%,0.00,33%,0.0,35,14,0
http://ufcstats.com/fighter-details/93e4754d0984c82f,--,25%,100%,1.60,3.20,66%,12.00,0%,0.0,1,5,0
http://ufcstats.com/fighter-details/16044bd8762cf794,--,0%,0%,0.00,0.00,0%,0.00,0%,0.0,0,1,0
http://ufcstats.com/fighter-details/09a6ed4ee97a5606,"May 26, 1988",70%,0%,4.07,2.93,50%,0.00,91%,0.0,6,0,0
http://ufcstats.com/fighter-details/377bc9dc0b2745f9,"Jun 22, 1983",0%,0%,0.00,0.00,0%,0.00,0%,0.0,5,1,0
http://ufcstats.com/fighter-details/6000b5ae6c462142,"Sep 12, 1979",0%,0%,0.00,0.00,100%,0.00,0%,0.0,14,7,0
http://ufcstats.com/fighter-details/310c4d4b2b32796b,"May 28, 1985",26%,0%,0.45,1.79,46%,0.00,0%,0.0,21,10,0
http://ufcstats.com/fighter-details/f7e856a73c96048e,"May 31, 2000",71%,0%,15.46,5.89,58%,0.00,0%,0.0,4,1,0
http://ufcstats.com/fighter-details/27b1a406ac171b19,--,56%,33%,3.75,2.34,53%,3.75,50%,1.9,6,3,0
http://ufcstats.com/fighter-details/2cf520143e76cd2e,"Jan 17, 1986",23%,100%,2.80,4.60,56%,0.50,0%,0.5,30,10,0
http://ufcstats.com/fighter-details/4d25497994da569c,"Mar 22, 1989",29%,0%,1.82,1.97,59%,0.00,0%,0.0,12,5,0
http://ufcstats.com/fighter-details/8d477c3fbe001f9d,"Feb 03, 1977",36%,0%,2.53,2.53,71%,0.00,0%,0.0,8,1,0
http://ufcstats.com/fighter-details/61dd409cb40d1a55,--,0%,0%,0.00,0.00,0%,0.00,0%,0.0,7,9,0
http://ufcstats.com/fighter-details/e1a4568fec1fc24f,"Feb 09, 1979",0%,0%,0.00,0.00,0%,0.00,0%,0.0,12,10,0
http://ufcstats.com/fighter-details/495add4fbede0a44,--,0%,0%,0.00,0.00,0%,0.00,0%,0.0,0,1,0
http://ufcstats.com/fighter-details/15347cd4cdf01b03,"Jul 27, 1984",43%,15%,4.76,2.99,57%,0.84,81%,1.1,24,7,0
http://ufcstats.com/fighter-details/d30415ec5e8783cd,"Feb 01, 1963",0%,0%,0.00,0.00,0%,0.00,0%,0.0,0,1,0
http://ufcstats.com/fighter-details/3a7513372f79c8c8,--,50%,0%,1.80,1.20,63%,0.00,60%,0.0,22,11,3
http://ufcstats.com/fighter-details/b160e4f251283d70,"Jun 15, 1993",67%,0%,5.70,4.89,28%,0.00,100%,0.0,8,1,0
http://ufcstats.com/fighter-details/8215e4fe24e8e81b,"Oct 12, 1980",0%,50%,0.00,0.22,80%,3.27,0%,3.3,10,8,1
http://ufcstats.com/fighter-details/06c60fc2c8dcd7bd,"May 31, 1970",40%,66%,1.37,2.08,53%,1.33,0%,0.0,1,3,0
http://ufcstats.com/fighter-details/b205d4f2ff44bc89,"Feb 03, 1978",48%,100%,2.59,2.45,71%,2.05,66%,0.0,12,5,0
http://ufcstats.com/fighter-details/fe1fdc6be470f773,"May 11, 1984",0%,100%,0.00,2.40,42%,9.00,0%,9.0,18,6,0
http://ufcstats.com/fighter-details/31f9a1f56cbb6ac5,"Nov 16, 1989",48%,100%,2.68,7.64,34%,2.87,0%,0.0,7,3,0
http://ufcstats.com/fighter-details/6d537248fe7cccf1,"Nov 07, 1991",42%,11%,2.20,3.53,48%,1.00,0%,0.0,8,4,0
http://ufcstats.com/fighter-details/22af3546bd967280,--,0%,0%,0.00,0.00,0%,0.00,0%,0.0,6,4,0
http://ufcstats.com/fighter-details/cc5834a495d1ea08,"Aug 07, 1973",83%,0%,2.07,4.97,36%,0.00,0%,0.0,0,1,0
http://ufcstats.com/fighter-details/556347e2b0e33979,"Aug 07, 1982",0%,0%,0.00,0.00,0%,0.00,0%,0.0,2,2,0
http://ufcstats.com/fighter-details/3d99e5aa85d7576a,"Dec 04, 1991",55%,0%,4.09,11.73,51%,0.00,0%,0.0,9,2,0
http://ufcstats.com/fighter-details/81d59c1e07478361,"Sep 08, 2004",51%,100%,6.87,2.29,67%,1.01,100%,0.0,9,1,0
http://ufcstats.com/fighter-details/cc39185f2d7d89e4,"Jan 30, 1991",44%,0%,0.80,3.20,40%,0.00,0%,6.0,20,10,1
http://ufcstats.com/fighter-details/9094a881a7513de3,"Jul 29, 1993",69%,40%,5.60,4.03,48%,1.00,77%,2.0,10,1,0
http://ufcstats.com/fighter-details/58a36b4ccf5dc30e,"Sep 03, 1973",0%,0%,0.00,6.58,27%,0.00,0%,0.0,10,16,0
http://ufcstats.com/fighter-details/87b7df65c30008c4,"Jan 27, 1978",0%,0%,0.00,10.12,12%,0.00,0%,0.0,11,3,0
http://ufcstats.com/fighter-details/d2d05dda5f887f87,"Dec 30, 1994",28%,0%,1.13,8.07,30%,0.00,0%,0.0,11,2,0
http://ufcstats.com/fighter-details/224050896306f00c,"Sep 18, 1997",33%,0%,2.70,3.52,47%,0.00,0%,0.0,8,3,1
http://ufcstats.com/fighter-details/e7bc606d269896aa,"Sep 12, 1963",0%,0%,0.00,0.00,0%,0.00,0%,0.0,0,4,0
http://ufcstats.com/fighter-details/bb01bc3c57f39b04,--,0%,0%,0.00,0.00,0%,0.00,0%,0.0,1,3,0
http://ufcstats.com/fighter-details/6751b11102b6adfe,"Apr 12, 1992",0%,0%,0.00,0.00,0%,0.00,0%,0.0,13,3,1
http://ufcstats.com/fighter-details/9bf126927843e184,"Jun 27, 1984",42%,40%,4.18,4.55,59%,5.45,100%,1.4,23,7,1
http://ufcstats.com/fighter-details/34fbfc3f65b64645,"Aug 14, 1999",45%,50%,2.90,3.23,64%,2.50,50%,0.0,12,3,0
http://ufcstats.com/fighter-details/a25b71fe5e31fa97,"Apr 12, 1962",24%,20%,0.31,1.92,39%,1.15,0%,0.0,2,6,2
http://ufcstats.com/fighter-details/01f86e2d604e2f3c,"Apr 20, 1973",54%,0%,5.11,8.78,48%,0.00,0%,0.0,15,12,2
http://ufcstats.com/fighter-details/0d16bdb7d32e88e9,"Jun 10, 1977",33%,45%,3.18,3.16,60%,0.90,66%,0.0,21,14,2
http://ufcstats.com/fighter-details/d856a0080ac09ed7,"Sep 19, 1968",54%,33%,3.40,5.69,29%,0.67,55%,0.0,1,4,0
http://ufcstats.com/fighter-details/a7724f51e32e763e,"Dec 08, 1979",39%,50%,1.37,1.71,55%,1.48,25%,1.1,6,5,0
http://ufcstats.com/fighter-details/6aab5c20395ee722,"Jul 10, 1996",57%,0%,4.29,7.09,31%,0.00,100%,0.0,7,2,0
http://ufcstats.com/fighter-details/eaa0a728cc91ef60,"Jul 16, 1966",0%,0%,0.00,26.67,50%,0.00,0%,0.0,0,3,0
http://ufcstats.com/fighter-details/bfd4d50591033a1f,"Aug 22, 1985",0%,0%,0.00,0.00,0%,0.00,0%,0.0,10,0,0
http://ufcstats.com/fighter-details/30e8b4505f5ccf92,"Dec 17, 1969",53%,60%,2.44,1.44,60%,0.58,45%,0.2,32,13,3
http://ufcstats.com/fighter-details/c95fbc085e17a532,"May 31, 1980",43%,0%,3.73,1.94,78%,0.00,20%,1.0,21,18,2
http://ufcstats.com/fighter-details/1bf49bf829964144,"Mar 09, 1983",50%,66%,0.19,2.05,38%,5.59,0%,0.0,2,2,0
http://ufcstats.com/fighter-details/078b732efa497f49,"Jan 11, 1992",50%,33%,6.60,6.67,63%,2.00,0%,0.0,6,1,0
http://ufcstats.com/fighter-details/b9124c308671e303,"Apr 09, 1998",68%,36%,4.20,4.20,49%,4.50,85%,0.0,10,2,0
http://ufcstats.com/fighter-details/0eec866a077889f0,"Mar 14, 1981",21%,40%,2.69,4.74,58%,0.49,66%,0.2,12,14,1
http://ufcstats.com/fighter-details/37ac9e0f4fc86171,"Sep 02, 1979",0%,0%,0.00,0.00,0%,0.00,0%,0.0,8,3,0
http://ufcstats.com/fighter-details/7abf7f8778472b7b,"Aug 21, 1993",44%,18%,4.85,5.00,60%,0.89,64%,0.0,11,1,0
http://ufcstats.com/fighter-details/ef927e4fe2117ab8,"Aug 28, 1977",43%,28%,2.13,1.82,59%,2.00,50%,0.3,17,5,0
http://ufcstats.com/fighter-details/681d07e328798ec0,--,0%,0%,0.00,0.00,0%,0.00,0%,0.0,1,6,0
http://ufcstats.com/fighter-details/88e53ec16b801740,"Oct 11, 1987",0%,0%,0.00,0.00,0%,0.00,0%,0.0,13,8,1
http://ufcstats.com/fighter-details/49bddfee9ed54cf3,"May 12, 1979",32%,28%,2.06,1.24,68%,2.48,100%,0.0,13,4,0
http://ufcstats.com/fighter-details/637a4d8825464c62,--,0%,0%,0.00,0.00,0%,0.00,0%,0.0,1,3,0
http://ufcstats.com/fighter-details/17c6e35e4da505b0,--,80%,100%,3.17,3.70,26%,3.96,0%,7.9,7,7,0
http://ufcstats.com/fighter-details/b47c9ea5f2895d6e,"Feb 13, 1998",28%,0%,5.70,18.44,32%,0.00,0%,0.0,9,2,0
http://ufcstats.com/fighter-details/5bb70ebd65075c5c,"Feb 13, 1992",42%,0%,1.40,13.31,21%,0.00,0%,0.0,5,2,0
http://ufcstats.com/fighter-details/de9e331b3e6bae70,"Feb 13, 1982",39%,0%,2.00,3.22,35%,0.00,33%,0.0,3,1,0
http://ufcstats.com/fighter-details/87911d22a79d3203,"Jun 15, 1989",55%,0%,5.67,3.40,71%,0.00,100%,0.0,5,1,0
http://ufcstats.com/fighter-details/61d6368013f8637f,"Sep 27, 1989",0%,0%,0.00,0.00,0%,0.00,0%,0.0,15,3,1
http://ufcstats.com/fighter-details/b9aa0024f295609e,"May 10, 1978",43%,38%,2.62,2.80,48%,3.28,100%,0.0,7,7,0
http://ufcstats.com/fighter-details/5befa793316d3469,"Mar 16, 1981",32%,36%,3.23,4.77,64%,3.31,75%,0.0,19,9,0
http://ufcstats.com/fighter-details/60f86c449cd31e23,--,50%,0%,1.09,9.27,19%,0.00,100%,0.0,2,3,0
http://ufcstats.com/fighter-details/ca936c67687789e9,--,0%,0%,0.00,5.48,19%,0.00,0%,4.8,6,2,0
http://ufcstats.com/fighter-details/319c15b8aac5bfde,"Mar 27, 1981",13%,0%,0.44,4.99,33%,0.00,0%,1.3,14,7,0
http://ufcstats.com/fighter-details/2b33e57c4d0a4502,--,0%,0%,0.00,0.00,0%,0.00,0%,0.0,5,2,0
http://ufcstats.com/fighter-details/ed5f04f833459877,--,0%,0%,0.00,0.00,0%,0.00,0%,0.0,10,6,0
http://ufcstats.com/fighter-details/9e30f69cc0869301,"Dec 16, 1978",52%,36%,5.13,3.19,41%,3.14,53%,1.3,20,16,0
http://ufcstats.com/fighter-details/083e15da67d9b0fa,"May 24, 1984",50%,66%,1.20,3.13,38%,2.00,42%,2.0,8,8,0
http://ufcstats.com/fighter-details/3848cd6cac73e091,"May 08, 2001",37%,40%,4.27,3.13,60%,2.00,57%,0.0,18,7,0
http://ufcstats.com/fighter-details/7b461ccae8270207,--,0%,0%,0.00,0.00,0%,0.00,0%,0.0,0,0,0
http://ufcstats.com/fighter-details/c830bc2eb134b646,"Feb 09, 2000",0%,0%,0.00,2.11,69%,0.00,0%,0.0,8,1,0
http://ufcstats.com/fighter-details/57481f1f10530c61,--,0%,0%,0.00,0.00,0%,0.00,0%,0.0,3,3,0
http://ufcstats.com/fighter-details/274ca7b799b402cc,"Nov 30, 1987",0%,0%,0.00,0.00,0%,0.00,0%,0.0,8,0,0
http://ufcstats.com/fighter-details/2d5fbe2103f97053,"Aug 22, 1977",37%,34%,1.78,2.01,65%,0.87,44%,2.3,34,29,2
http://ufcstats.com/fighter-details/679ae8c4fd022c6b,"Feb 17, 1990",72%,100%,3.51,0.54,66%,2.03,100%,0.0,25,2,0
http://ufcstats.com/fighter-details/3a89481e3a9d47c0,"Aug 01, 2005",50%,0%,1.16,2.03,39%,0.00,10%,2.2,6,2,1
http://ufcstats.com/fighter-details/9de7c97e1c0d7927,"May 25, 1973",5%,0%,0.16,1.09,36%,0.00,0%,0.0,1,2,0
http://ufcstats.com/fighter-details/5ee87e0432205755,"Mar 15, 1972",0%,0%,0.00,0.00,0%,0.00,0%,0.0,3,3,0
http://ufcstats.com/fighter-details/1ff10dee2f7ae60c,--,0%,0%,0.00,0.00,0%,0.00,0%,0.0,0,0,0
http://ufcstats.com/fighter-details/e175a261a280f7cb,"Oct 29, 1982",0%,0%,0.00,0.00,0%,0.00,0%,0.0,4,3,0
http://ufcstats.com/fighter-details/971aebf56267de20,"Jan 06, 1997",64%,0%,4.80,11.78,48%,0.00,100%,0.0,7,2,0
http://ufcstats.com/fighter-details/01762e1d4ff4dc51,"Oct 19, 1997",22%,50%,0.79,8.29,53%,5.92,0%,0.0,12,4,0
http://ufcstats.com/fighter-details/c8d46028907bcece,"Apr 26, 1995",34%,33%,1.10,1.24,65%,2.06,50%,0.0,16,2,0
http://ufcstats.com/fighter-details/04076783ca83d6ae,"Jun 12, 1978",0%,0%,0.00,0.00,0%,0.00,0%,0.0,2,5,0
http://ufcstats.com/fighter-details/ff2ec83f44000f78,"May 09, 1993",0%,0%,0.00,0.00,0%,0.00,0%,0.0,5,0,0
http://ufcstats.com/fighter-details/008cf84faae9c7a5,"Apr 11, 1983",48%,28%,2.33,3.93,55%,2.00,63%,0.0,15,4,0
http://ufcstats.com/fighter-details/73abb7a5c57fb443,--,0%,0%,0.00,0.00,0%,0.00,0%,0.0,7,7,0
http://ufcstats.com/fighter-details/0cf9f5518d6063bb,"Jun 10, 1993",54%,0%,5.19,3.90,47%,0.00,100%,0.0,7,3,0
http://ufcstats.com/fighter-details/cb1c09c8126dbee0,"Aug 23, 1979",0%,0%,0.00,0.00,0%,0.00,0%,0.0,7,6,0
http://ufcstats.com/fighter-details/cc18abc046b382c9,--,0%,0%,0.00,0.00,0%,0.00,0%,0.0,0,1,0
http://ufcstats.com/fighter-details/e6b233a007cb06c4,"Jan 01, 1982",0%,0%,0.00,0.00,0%,0.00,0%,0.0,21,19,0
http://ufcstats.com/fighter-details/b9aa7d230865b5fe,--,0%,100%,0.00,2.14,0%,32.14,0%,0.0,0,3,0
http://ufcstats.com/fighter-details/63f8775391301891,--,53%,60%,2.25,0.93,50%,7.50,0%,0.0,10,6,0
http://ufcstats.com/fighter-details/96eff1a628adcc7f,"Jun 14, 1969",0%,0%,0.00,0.00,0%,0.00,0%,0.0,0,1,0
http://ufcstats.com/fighter-details/885adaff8fe15cf7,"Sep 25, 1990",66%,0%,4.29,6.43,0%,0.00,0%,0.0,8,2,0
http://ufcstats.com/fighter-details/cb680d85b84cbfd9,"Aug 16, 1995",48%,16%,2.46,2.85,50%,1.48,0%,0.0,10,2,0
http://ufcstats.com/fighter-details/1d76f07ffdd765c2,"Sep 30, 2002",40%,20%,0.42,0.63,25%,3.17,0%,6.3,9,2,0
http://ufcstats.com/fighter-details/bcd124bcd3d5be46,"Apr 17, 1976",21%,100%,0.13,1.40,46%,0.50,0%,1.5,12,18,5
http://ufcstats.com/fighter-details/10ccf4ec9913cadc,"Aug 04, 1985",0%,0%,0.00,0.00,0%,0.00,0%,0.0,5,0,0
http://ufcstats.com/fighter-details/4a1a492f299581d9,--,0%,0%,0.00,0.00,0%,0.00,0%,0.0,11,6,0
http://ufcstats.com/fighter-details/4793a2d90f5ab8ae,--,0%,0%,0.00,0.00,0%,0.00,0%,0.0,5,2,0
http://ufcstats.com/fighter-details/1e310618d02ff93b,--,0%,0%,0.00,0.00,0%,0.00,0%,0.0,13,7,0
http://ufcstats.com/fighter-details/58258914525740a5,"Jun 20, 1981",37%,28%,1.05,2.38,48%,2.85,50%,1.4,14,12,2
http://ufcstats.com/fighter-details/5e23f30e9c6ed74e,"Apr 22, 1994",66%,0%,2.55,16.60,27%,0.00,0%,0.0,5,1,0
http://ufcstats.com/fighter-details/47fcdcaccb58ca80,"Oct 09, 1993",37%,0%,3.85,6.17,50%,0.00,0%,0.0,3,1,0
http://ufcstats.com/fighter-details/4252b09f0c8c4472,"Feb 18, 1997",43%,0%,1.01,3.89,22%,0.00,57%,4.3,8,2,0
http://ufcstats.com/fighter-details/e78c4c3d329c531b,"Sep 26, 1985",45%,0%,3.61,5.06,36%,0.00,0%,0.0,10,3,0
http://ufcstats.com/fighter-details/fe30c5f5cc3e028b,"May 08, 2000",0%,0%,0.00,0.00,0%,0.00,0%,0.0,4,1,0
http://ufcstats.com/fighter-details/0d1190beced94f7c,"Jun 27, 1998",38%,50%,1.87,0.93,67%,3.00,100%,3.0,14,2,0
http://ufcstats.com/fighter-details/f7adc1fd115f8fdd,"Apr 14, 1993",38%,40%,1.80,2.20,60%,4.00,71%,0.0,25,4,0
http://ufcstats.com/fighter-details/43e549b803ec7375,"Apr 04, 1991",85%,0%,3.88,0.68,80%,0.00,100%,0.0,3,1,0
http://ufcstats.com/fighter-details/fc1868f56d3036eb,"Dec 23, 1978",0%,0%,0.00,0.00,0%,0.00,0%,0.0,29,12,0
http://ufcstats.com/fighter-details/45b82ebf0b9e0fd2,"Nov 17, 1992",0%,0%,0.00,9.60,33%,0.00,0%,0.0,8,2,0
http://ufcstats.com/fighter-details/2a898bf9fb7710b3,"Jun 28, 1987",0%,0%,0.00,0.00,0%,0.00,0%,0.0,5,7,0
http://ufcstats.com/fighter-details/02177caefe7c07d4,"Mar 05, 1972",0%,0%,0.00,3.01,15%,0.00,0%,0.0,0,1,0
http://ufcstats.com/fighter-details/f6bbc6ba4f06ad60,"Jun 11, 1993",0%,0%,0.00,0.00,0%,0.00,0%,0.0,8,0,0
http://ufcstats.com/fighter-details/26d61e92a6069cd2,--,0%,0%,0.00,0.00,0%,0.00,0%,0.0,7,5,0
http://ufcstats.com/fighter-details/a148dfe3485be79d,"Jun 03, 1983",37%,50%,3.39,2.13,54%,2.46,50%,0.0,18,5,0
http://ufcstats.com/fighter-details/61428ed51f5ff465,"Dec 02, 1983",0%,0%,0.00,1.36,50%,0.00,0%,0.0,12,17,0
http://ufcstats.com/fighter-details/8d4d25fd9218860b,"Nov 19, 1993",41%,33%,1.47,2.67,48%,1.00,0%,1.0,11,2,0
http://ufcstats.com/fighter-details/93c9897f0f9f5dab,"May 21, 1995",35%,0%,2.27,5.67,47%,0.00,100%,0.0,2,1,0
http://ufcstats.com/fighter-details/34a81ebbce32b06b,"Sep 23, 1993",0%,0%,0.00,1.52,0%,0.00,0%,0.0,6,1,0
http://ufcstats.com/fighter-details/602bb270f2bdbf02,"Mar 09, 1971",33%,0%,0.81,1.51,67%,0.00,60%,0.0,4,3,0
http://ufcstats.com/fighter-details/6e62bb64f7cc5026,"Nov 17, 1972",0%,0%,0.00,0.00,0%,0.00,0%,0.0,14,6,1
http://ufcstats.com/fighter-details/df0a1c1e11ad199b,--,0%,0%,0.00,0.00,0%,0.00,0%,0.0,2,0,0
http://ufcstats.com/fighter-details/2b266e623e20737a,"Oct 18, 1995",58%,100%,9.27,3.82,50%,8.18,0%,0.0,22,1,1
http://ufcstats.com/fighter-details/d6f58b8cd1a6ff52,"Jan 12, 1995",43%,0%,3.13,3.53,53%,0.00,66%,0.0,5,2,0
http://ufcstats.com/fighter-details/13a0fb8fbdafb54f,"Jul 26, 1977",60%,0%,2.74,2.13,41%,0.00,0%,0.0,4,3,0
http://ufcstats.com/fighter-details/393b8e03fb410a78,--,40%,66%,2.92,2.72,59%,1.20,77%,0.0,7,3,0
http://ufcstats.com/fighter-details/744f50016c39c26c,"Dec 02, 1979",30%,0%,3.10,8.28,52%,0.00,0%,0.0,12,3,1
http://ufcstats.com/fighter-details/024158997e7c5829,"May 06, 1994",66%,0%,2.70,2.65,26%,0.00,60%,0.8,4,0,0
http://ufcstats.com/fighter-details/2e88f2030d8a928a,"Oct 26, 1979",46%,50%,3.93,4.07,67%,1.00,0%,0.0,17,5,0
http://ufcstats.com/fighter-details/0275e33febc2818c,--,0%,0%,0.00,0.00,0%,0.00,0%,0.0,1,3,0
http://ufcstats.com/fighter-details/39f68882def7a507,"May 01, 1970",53%,0%,5.18,4.86,35%,0.00,0%,0.0,22,28,3
http://ufcstats.com/fighter-details/454c1f0b638972ab,"Aug 08, 1989",55%,25%,3.23,4.30,52%,3.23,0%,0.0,5,2,0
http://ufcstats.com/fighter-details/34f93dfbd43b2144,"Jan 26, 1987",42%,50%,2.79,3.25,65%,2.50,33%,0.0,12,3,0
http://ufcstats.com/fighter-details/15515e797aedc137,"Oct 17, 1975",38%,40%,2.05,3.26,52%,0.71,53%,1.1,29,10,0
http://ufcstats.com/fighter-details/7c4ec656d8fcb867,"May 06, 1984",45%,20%,2.55,3.76,42%,0.67,0%,0.0,13,3,0
http://ufcstats.com/fighter-details/90b57b19d20e1969,"Mar 05, 1996",46%,16%,4.47,2.87,65%,1.00,0%,0.0,8,3,0
http://ufcstats.com/fighter-details/d73a7c36746fbc5b,"Jul 19, 2000",46%,0%,9.86,0.00,100%,0.00,0%,12.3,7,0,0
http://ufcstats.com/fighter-details/277ffed20cf07aea,--,0%,0%,0.00,0.00,100%,0.00,0%,0.0,20,11,1
http://ufcstats.com/fighter-details/ef0344ed552d8a22,--,32%,0%,3.87,4.19,51%,0.00,50%,0.8,5,3,1
http://ufcstats.com/fighter-details/7929be8290289a47,"Aug 06, 1973",49%,66%,1.59,0.97,63%,1.19,50%,0.5,55,10,0
http://ufcstats.com/fighter-details/6291decf7f3b6608,"Feb 08, 1972",0%,0%,0.00,0.00,0%,0.00,0%,0.0,4,11,0
http://ufcstats.com/fighter-details/aeb6c57b9bd8bc3a,"Sep 19, 1986",28%,33%,1.03,6.72,38%,7.76,0%,0.0,11,2,0
http://ufcstats.com/fighter-details/18944a1a6ac1becf,"Nov 22, 1972",31%,0%,2.28,4.36,34%,0.00,0%,0.0,1,5,0
http://ufcstats.com/fighter-details/bd92e38aef641673,"Mar 03, 1962",67%,100%,3.42,0.45,46%,1.94,100%,0.0,2,0,0
http://ufcstats.com/fighter-details/b87c3f460709f74c,"Feb 13, 1987",0%,0%,0.00,0.00,0%,0.00,0%,0.0,4,6,0
http://ufcstats.com/fighter-details/95cf6be9071e68b0,"Mar 01, 1989",38%,50%,1.13,4.11,45%,2.13,0%,0.0,15,6,0
http://ufcstats.com/fighter-details/4078de7181a19142,"Nov 17, 1992",28%,0%,0.52,3.41,35%,0.00,0%,0.0,5,2,0
http://ufcstats.com/fighter-details/d57e6a8971b6d2bd,"Jun 20, 1976",41%,66%,0.63,2.66,40%,3.80,0%,1.9,3,3,0
http://ufcstats.com/fighter-details/a1d6b308781aa2f5,--,25%,20%,0.92,4.31,30%,1.16,0%,0.0,5,2,0
http://ufcstats.com/fighter-details/d538f13ab21d9633,"Nov 16, 1992",40%,100%,2.95,4.43,60%,1.17,66%,0.0,5,2,0
http://ufcstats.com/fighter-details/67cd6495280b0a57,"Jun 28, 1988",60%,0%,7.20,2.76,52%,0.00,100%,3.6,14,5,0
http://ufcstats.com/fighter-details/c0c1bc0766df4c00,"Oct 31, 1976",46%,46%,2.15,2.39,52%,6.14,60%,0.0,15,6,0
http://ufcstats.com/fighter-details/c4c4c7dd26c15d91,"Jun 05, 1974",21%,0%,1.16,4.63,57%,0.00,0%,0.0,18,17,1
http://ufcstats.com/fighter-details/1e47dba648ea438c,--,0%,0%,0.00,0.00,0%,0.00,0%,0.0,3,3,0
http://ufcstats.com/fighter-details/8a19676a3388845a,"Dec 11, 1989",31%,0%,0.40,3.53,46%,0.00,20%,0.0,2,14,0
http://ufcstats.com/fighter-details/2abe38b81d68a24a,"Jan 31, 1976",40%,100%,0.60,3.40,35%,1.00,37%,0.0,8,13,3
http://ufcstats.com/fighter-details/951ffadfc4e917ea,"May 18, 1983",50%,0%,0.62,0.94,0%,0.00,14%,0.0,0,1,0
http://ufcstats.com/fighter-details/103e2e67919379c5,"Feb 08, 1985",0%,0%,0.00,0.00,0%,0.00,0%,0.0,1,2,0
http://ufcstats.com/fighter-details/1836639ecf9b6e7f,--,18%,40%,0.13,0.73,62%,2.00,60%,1.0,2,2,0
http://ufcstats.com/fighter-details/117580b232409824,--,62%,0%,5.45,7.64,61%,0.00,0%,0.0,5,1,0
http://ufcstats.com/fighter-details/a31dfd9e8b2dc6ca,"Sep 22, 1984",37%,100%,0.93,1.60,22%,2.00,33%,0.0,4,2,0
http://ufcstats.com/fighter-details/a99d4aa689bdca18,--,0%,0%,0.00,0.00,0%,0.00,0%,0.0,3,1,0
http://ufcstats.com/fighter-details/d44a84409bf0da64,--,80%,40%,0.91,3.85,15%,6.79,0%,0.0,2,2,0
http://ufcstats.com/fighter-details/7b9dade6bedaabbe,"Nov 22, 1984",42%,50%,5.71,4.05,61%,0.84,83%,0.0,39,9,0
http://ufcstats.com/fighter-details/5f5763b3a4de8dd4,--,0%,0%,0.00,0.00,0%,0.00,0%,0.0,6,6,0
http://ufcstats.com/fighter-details/1ce7998e0a215caa,"Jan 11, 1979",32%,0%,2.27,4.33,45%,0.00,77%,0.0,9,5,0
http://ufcstats.com/fighter-details/e57f0b06ea39e360,"Oct 11, 1978",22%,37%,1.88,3.16,59%,0.87,33%,2.6,14,5,0
http://ufcstats.com/fighter-details/d181689653115b6a,--,0%,0%,0.00,0.00,0%,0.00,0%,0.0,1,4,0
http://ufcstats.com/fighter-details/4debc6c4c6249690,"Jun 11, 1993",49%,0%,9.77,6.28,60%,0.00,50%,0.0,9,2,0
http://ufcstats.com/fighter-details/b6debbda44d4a5a0,"Jul 12, 1981",0%,0%,0.00,0.00,0%,0.00,0%,0.0,17,27,0
http://ufcstats.com/fighter-details/13935768cf8aeb86,"Oct 04, 1994",60%,0%,0.65,6.52,41%,0.00,80%,0.0,12,6,0
http://ufcstats.com/fighter-details/4a482a0100cfcd0a,"Mar 12, 1979",28%,16%,3.82,2.63,71%,1.43,100%,0.0,14,7,0
http://ufcstats.com/fighter-details/781014fb7e8e647a,"Apr 12, 1982",54%,0%,1.00,2.00,72%,0.00,0%,0.0,19,11,0
http://ufcstats.com/fighter-details/6f812143641ceff8,"Apr 09, 1976",0%,0%,0.00,1.39,60%,0.00,0%,0.0,0,1,0
http://ufcstats.com/fighter-details/b8e2f10efb6eca85,"Mar 30, 1980",36%,33%,1.55,2.32,58%,2.90,100%,0.0,4,5,0
http://ufcstats.com/fighter-details/95883dbdab4fcf0f,--,0%,0%,0.00,0.00,0%,0.00,0%,0.0,0,5,0
http://ufcstats.com/fighter-details/9cc84087ee768342,"Oct 02, 1988",0%,0%,0.00,0.00,0%,0.00,0%,0.0,2,3,0
http://ufcstats.com/fighter-details/b8e6393c39cb9740,"Oct 20, 1982",31%,0%,1.01,5.88,62%,0.00,0%,0.0,36,29,0
http://ufcstats.com/fighter-details/81254702b51cc832,"Apr 29, 1993",49%,0%,7.56,8.27,52%,0.00,0%,0.0,9,3,0
http://ufcstats.com/fighter-details/b99b3620839ea911,"Dec 09, 1994",65%,66%,2.67,0.87,62%,2.00,100%,1.0,9,2,0
http://ufcstats.com/fighter-details/daa89f01e1c0f42a,--,0%,0%,0.00,0.00,0%,0.00,0%,0.0,0,1,0
http://ufcstats.com/fighter-details/751aa58b7fb03c74,"Jul 24, 1995",40%,0%,3.93,5.37,56%,0.00,73%,0.0,14,7,0
http://ufcstats.com/fighter-details/8de471543d9c933e,"Feb 05, 1985",0%,0%,0.00,0.00,0%,0.00,0%,0.0,8,17,0
http://ufcstats.com/fighter-details/133a9d2e6efd8a50,"May 30, 1994",0%,0%,0.00,0.00,0%,0.00,0%,0.0,5,1,0
http://ufcstats.com/fighter-details/8fb808fc2e145bd6,--,0%,0%,0.00,0.00,0%,0.00,0%,0.0,7,3,0
http://ufcstats.com/fighter-details/eb6edce3028f05c0,--,48%,66%,1.76,3.12,28%,4.07,0%,2.0,5,1,0
http://ufcstats.com/fighter-details/2a0b19a96f848eff,"Jan 12, 1976",0%,0%,0.00,0.00,0%,0.00,0%,0.0,1,0,0
http://ufcstats.com/fighter-details/7182146226dabe22,--,0%,0%,0.00,0.00,0%,0.00,0%,0.0,8,5,1
http://ufcstats.com/fighter-details/2d077e22886298be,"Apr 09, 1990",50%,50%,0.41,2.84,41%,6.08,0%,0.0,29,12,1
http://ufcstats.com/fighter-details/e6dac752a2418a88,"Sep 08, 1974",42%,40%,0.77,1.82,21%,2.10,25%,1.1,5,3,0
http://ufcstats.com/fighter-details/e415ea6f8d41c917,"Feb 28, 1998",44%,42%,4.10,2.81,59%,2.60,40%,0.0,15,6,0
http://ufcstats.com/fighter-details/2cdb479a0ef0ee1d,"Jan 12, 1988",35%,0%,4.64,7.62,37%,0.00,75%,0.0,19,4,0
http://ufcstats.com/fighter-details/eed2b71d77d95416,"Jul 04, 1970",38%,20%,1.65,3.05,53%,1.00,50%,0.6,14,25,1
http://ufcstats.com/fighter-details/351264d11286d09a,"Oct 02, 1980",39%,33%,1.97,1.27,70%,1.12,100%,0.0,19,11,3
http://ufcstats.com/fighter-details/283645128ae57eda,"Oct 24, 1978",26%,0%,2.10,3.54,63%,0.00,100%,0.0,13,3,0
http://ufcstats.com/fighter-details/9e1a7101fefe9746,"Jan 05, 1993",54%,0%,1.66,1.01,66%,0.00,0%,4.3,21,3,0
http://ufcstats.com/fighter-details/d8bf3df51ff3a270,"Jun 22, 1999",52%,0%,4.01,3.57,62%,0.00,66%,0.0,7,2,0
http://ufcstats.com/fighter-details/d1d20e651e6cbc02,"May 25, 1977",25%,50%,0.57,1.57,47%,4.50,100%,1.0,15,12,3
http://ufcstats.com/fighter-details/5c9c2e247c836b67,"Oct 21, 1996",46%,69%,4.38,5.06,54%,3.68,62%,0.0,25,5,0
http://ufcstats.com/fighter-details/7c592bf20095fd17,"Oct 16, 2000",33%,0%,0.30,3.32,42%,0.00,100%,4.5,8,2,0
http://ufcstats.com/fighter-details/49e7e05f902479ca,"Oct 09, 1963",73%,14%,2.70,0.85,60%,0.75,0%,0.0,2,4,0
http://ufcstats.com/fighter-details/620be7e0712d431b,"Jul 19, 1956",0%,0%,0.00,5.57,48%,0.00,0%,0.0,0,2,0
http://ufcstats.com/fighter-details/920632ca1b78fae5,--,0%,0%,0.00,0.00,0%,0.00,0%,0.0,4,6,0
http://ufcstats.com/fighter-details/cc2fcae2c0dc501d,"Nov 13, 1989",41%,0%,2.87,5.50,54%,0.00,81%,0.0,24,13,1
http://ufcstats.com/fighter-details/a78dc3910554dbae,"Jan 01, 1997",43%,40%,4.31,4.58,52%,4.12,78%,0.0,18,7,0
http://ufcstats.com/fighter-details/35585d970300d45a,"Jun 08, 1978",33%,41%,1.52,3.42,38%,1.87,66%,0.4,11,5,0
http://ufcstats.com/fighter-details/a8e8587a06e73c87,"Apr 03, 1978",31%,0%,0.67,1.13,57%,0.00,0%,0.0,25,7,3
http://ufcstats.com/fighter-details/40eb2aef4d5577d4,--,0%,0%,0.00,0.00,0%,0.00,0%,0.0,0,1,0
http://ufcstats.com/fighter-details/00b490982afd1b17,"Jan 18, 1990",65%,100%,4.83,6.11,40%,0.53,69%,0.5,8,2,0
http://ufcstats.com/fighter-details/ad99fa5325519169,"Aug 24, 1972",36%,29%,0.99,2.33,51%,1.60,33%,1.3,9,9,0
http://ufcstats.com/fighter-details/29ab96eae72bad9f,"May 10, 1994",48%,28%,5.70,2.15,64%,1.90,100%,0.0,8,3,1
http://ufcstats.com/fighter-details/2eae41f61776c60f,"Sep 03, 1969",36%,33%,1.05,1.89,62%,1.09,71%,2.2,6,8,1
http://ufcstats.com/fighter-details/2e517966267a468a,"Oct 10, 1999",50%,0%,4.32,4.96,54%,0.00,100%,0.0,6,2,0
http://ufcstats.com/fighter-details/79ff6545b0abc685,"Sep 15, 1985",26%,100%,2.83,6.33,51%,2.50,0%,0.0,7,9,1
http://ufcstats.com/fighter-details/8d4943a9ce9f521b,"Jul 16, 1980",0%,0%,0.00,0.00,0%,0.00,0%,0.0,10,12,0
http://ufcstats.com/fighter-details/bf5183e1c1afc3b2,"Jun 19, 1976",22%,20%,1.43,5.13,50%,1.13,0%,1.1,11,9,0
http://ufcstats.com/fighter-details/67ec58d7cf599835,--,0%,0%,0.00,0.00,0%,0.00,0%,0.0,0,1,0
http://ufcstats.com/fighter-details/6b614bda982f5214,"Mar 16, 1993",0%,0%,0.00,0.00,0%,0.00,0%,0.0,10,3,0
http://ufcstats.com/fighter-details/cc3878d1ab41a5fa,"Dec 14, 1989",56%,0%,0.87,6.67,20%,0.00,26%,0.0,10,7,0
http://ufcstats.com/fighter-details/abcf7e55a0a9ed89,"Jul 30, 1980",34%,42%,5.02,5.93,50%,0.73,73%,0.0,20,9,0
http://ufcstats.com/fighter-details/04ff3a711504d6b3,"Jan 02, 1995",59%,50%,10.30,2.93,62%,2.00,85%,0.0,9,0,0
http://ufcstats.com/fighter-details/3794e5e0bb0defb6,"Sep 09, 1976",9%,0%,0.61,4.65,61%,0.00,0%,0.0,4,3,0
http://ufcstats.com/fighter-details/c879d8620261b1a3,"Feb 17, 1999",32%,0%,1.67,4.07,33%,0.00,0%,0.0,14,2,0
http://ufcstats.com/fighter-details/3144121470023e9a,"Sep 10, 1973",36%,100%,1.18,0.53,70%,1.60,33%,3.2,18,12,0
http://ufcstats.com/fighter-details/cbf69fa846c7e3ee,"Sep 05, 1978",65%,0%,4.36,2.28,68%,0.00,100%,0.0,3,4,0
http://ufcstats.com/fighter-details/45c7979c71751fcf,"Nov 05, 2001",33%,0%,2.87,4.73,49%,0.00,50%,0.0,16,8,1
http://ufcstats.com/fighter-details/286e1d61fb315355,--,0%,0%,0.00,0.00,0%,0.00,0%,0.0,7,2,0
http://ufcstats.com/fighter-details/fd52e5f9ab25c94c,"Sep 15, 1999",40%,65%,1.86,2.36,55%,7.74,53%,1.4,9,2,0
http://ufcstats.com/fighter-details/d027fff39a34a9df,--,0%,0%,0.00,0.00,0%,0.00,0%,0.0,13,4,0
http://ufcstats.com/fighter-details/6f4ec5aa3eced219,"Jan 16, 1996",48%,100%,2.93,1.64,66%,0.32,50%,0.0,21,5,0
http://ufcstats.com/fighter-details/6d3398b910461f2f,--,35%,0%,0.87,0.87,40%,0.00,0%,2.0,8,4,0
http://ufcstats.com/fighter-details/0aa74d04c196800c,"Apr 20, 1986",42%,0%,2.95,0.00,0%,0.00,0%,0.0,0,1,0
http://ufcstats.com/fighter-details/be124bdd60fab7d5,"Mar 05, 1980",0%,0%,0.00,0.00,0%,0.00,0%,0.0,5,7,0
http://ufcstats.com/fighter-details/02d808afb96669de,--,0%,0%,0.00,0.00,0%,0.00,0%,0.0,6,3,0
http://ufcstats.com/fighter-details/1291dd6b8ab4d952,--,38%,0%,7.64,5.45,37%,0.00,100%,0.0,3,1,0
http://ufcstats.com/fighter-details/392878af4680849f,"Mar 10, 1996",15%,0%,1.86,5.57,59%,0.00,0%,0.0,9,1,0
http://ufcstats.com/fighter-details/0c277f3ff66b0208,"Jun 26, 1982",48%,30%,3.34,4.87,39%,1.31,50%,0.0,15,6,1
http://ufcstats.com/fighter-details/874cfc98877daecd,"Aug 28, 1996",55%,0%,11.00,4.00,42%,0.00,0%,0.0,12,2,0
http://ufcstats.com/fighter-details/5182316da3c1d891,"Jul 16, 2001",47%,100%,9.01,4.38,50%,1.83,0%,0.0,10,0,0
http://ufcstats.com/fighter-details/34d4cae19105eb68,"Jul 28, 1998",58%,36%,2.73,2.60,50%,4.00,100%,0.0,8,1,0
http://ufcstats.com/fighter-details/bf60dd3256801649,"Apr 21, 1999",50%,0%,4.42,7.10,58%,0.00,0%,0.0,9,1,0
http://ufcstats.com/fighter-details/8e4902b4a8045070,"Mar 21, 1993",27%,0%,5.10,5.44,45%,0.00,100%,0.0,7,1,0
http://ufcstats.com/fighter-details/a9936818d709e2d7,"Sep 04, 1996",71%,0%,13.31,6.32,50%,0.00,100%,0.0,4,1,0
http://ufcstats.com/fighter-details/d958ed9e5a08c849,"Jun 24, 1994",23%,0%,1.80,3.95,56%,0.00,0%,0.0,9,3,0
http://ufcstats.com/fighter-details/23a81656507b56a3,"May 05, 1997",25%,0%,0.22,1.12,44%,0.00,66%,3.4,5,2,0
http://ufcstats.com/fighter-details/5be51426ff3c1929,"May 12, 2000",41%,28%,8.20,9.13,45%,2.00,66%,0.0,6,0,0
http://ufcstats.com/fighter-details/b34976c022b24568,"Sep 14, 1995",66%,33%,3.56,0.20,83%,2.97,100%,3.0,8,0,0
http://ufcstats.com/fighter-details/abde3388a589103c,"Aug 12, 1994",38%,11%,3.07,4.47,43%,1.00,0%,0.0,13,2,0
http://ufcstats.com/fighter-details/651d209fa8c8cd83,"Nov 16, 2002",52%,57%,3.73,7.07,38%,4.00,0%,1.0,7,2,0
http://ufcstats.com/fighter-details/eabece0edc2d62ca,"Aug 08, 1996",53%,0%,5.70,3.53,72%,0.00,100%,0.0,9,1,0
http://ufcstats.com/fighter-details/5f926979c980b87e,"Jan 29, 1993",38%,100%,3.80,2.80,58%,1.00,62%,2.0,17,2,0
http://ufcstats.com/fighter-details/5847c1a960bb23af,"Jul 11, 1994",47%,0%,7.50,6.00,57%,0.00,50%,0.0,7,2,0
http://ufcstats.com/fighter-details/6266abf6e4245c72,"Oct 18, 2000",45%,0%,3.70,4.44,68%,0.00,0%,11.1,10,2,0
http://ufcstats.com/fighter-details/dfcadfcbd3a3f097,"May 03, 1997",31%,0%,4.44,3.70,54%,0.00,0%,0.0,19,4,0
http://ufcstats.com/fighter-details/b01a5e0dcd9f231d,"Jan 10, 1996",45%,0%,6.11,3.46,63%,0.00,0%,0.0,10,0,0
http://ufcstats.com/fighter-details/bc5a51159ec2fdf2,"Dec 30, 1999",43%,57%,2.33,2.60,66%,8.00,100%,1.0,7,0,0
http://ufcstats.com/fighter-details/99223fbb4a05326b,"Nov 23, 2001",25%,14%,1.07,4.93,43%,1.00,66%,0.0,10,1,0
http://ufcstats.com/fighter-details/0e6bc8d1d6c0ad90,"Aug 02, 1997",65%,50%,4.96,3.35,45%,1.14,66%,3.4,16,2,0
http://ufcstats.com/fighter-details/b852ad2b35354fcb,"May 18, 2000",54%,66%,0.40,0.47,65%,12.00,100%,3.0,8,0,0
http://ufcstats.com/fighter-details/e03187ec8b5b6abc,"Oct 01, 1998",57%,0%,9.00,6.60,56%,0.00,0%,0.0,6,0,0
http://ufcstats.com/fighter-details/df619b9a86ce0a9a,"Jan 04, 1997",35%,0%,0.47,0.40,45%,0.00,33%,1.0,5,1,0
http://ufcstats.com/fighter-details/40a7ec5d1ad6ffa8,"May 20, 1997",33%,0%,0.49,1.23,28%,0.00,50%,0.0,6,2,0
http://ufcstats.com/fighter-details/a54b961a1f8be1d5,"Oct 30, 2002",43%,0%,5.47,5.73,35%,0.00,77%,0.0,6,2,0
http://ufcstats.com/fighter-details/e047d3b541afd4a7,"Feb 02, 1997",42%,33%,2.56,2.42,51%,2.07,100%,0.0,20,3,0
http://ufcstats.com/fighter-details/4b85abc5abbe657c,"Nov 19, 1998",48%,0%,2.42,2.56,57%,0.00,66%,0.0,13,1,0
http://ufcstats.com/fighter-details/feef5f8f5629e5e7,"Apr 09, 2000",35%,0%,3.49,10.78,33%,0.00,0%,0.0,8,4,0
http://ufcstats.com/fighter-details/a69a7120cf26669d,"Oct 02, 1996",54%,0%,15.65,0.00,100%,0.00,0%,0.0,15,3,0
http://ufcstats.com/fighter-details/70fc8214822b5a85,"Mar 08, 2000",55%,0%,5.07,3.87,34%,0.00,44%,3.0,8,0,0
http://ufcstats.com/fighter-details/9911989cf48b195d,"Jul 27, 1994",57%,37%,1.87,0.67,68%,3.00,100%,3.0,12,3,0
http://ufcstats.com/fighter-details/3138df4d117ebc12,"Mar 21, 1995",58%,0%,15.59,7.69,63%,0.00,0%,1.6,8,2,0
http://ufcstats.com/fighter-details/b3cb9dfccff3be76,"Dec 04, 1997",70%,0%,4.65,5.42,54%,0.00,0%,0.0,24,2,0
http://ufcstats.com/fighter-details/22e3458965d5d08a,"Aug 21, 1997",31%,0%,0.67,1.87,42%,0.00,62%,1.0,13,4,0
http://ufcstats.com/fighter-details/130b65b53f30f33c,"Sep 01, 2003",0%,0%,0.00,0.00,0%,0.00,0%,0.0,11,3,0
http://ufcstats.com/fighter-details/2bbdbc925f4323ac,"Aug 05, 2004",0%,0%,0.00,0.00,0%,0.00,0%,0.0,13,1,0
http://ufcstats.com/fighter-details/71758ab9f337716c,"Nov 27, 1994",0%,0%,0.00,0.00,0%,0.00,0%,0.0,9,0,0
http://ufcstats.com/fighter-details/8a81a0707350c4a8,"Jun 19, 1995",61%,50%,7.93,3.93,62%,1.00,50%,3.0,9,3,0
