first_name,last_name,nickname,height,weight,reach,stance,wins,losses,draws,belt,fighter_url
Tom,Aaron,,--,155 lbs.,--,,5,3,0,,http://ufcstats.com/fighter-details/93fe7332d16c6ad9
Danny,Abbadi,The Assassin,"5' 11""",155 lbs.,--,Orthodox,4,6,0,,http://ufcstats.com/fighter-details/15df64c02b6b0fde
Nariman,Abbasov,Bayraktar,"5' 8""",155 lbs.,"66.0""",Orthodox,28,4,0,,http://ufcstats.com/fighter-details/59a9d6dac61c2540
Darion,Abbey,,"6' 2""",265 lbs.,"80.0""",Orthodox,9,5,0,,http://ufcstats.com/fighter-details/4961467134abd8be
David,Abbott,Tank,"6' 0""",265 lbs.,--,Switch,10,15,0,,http://ufcstats.com/fighter-details/b361180739bed4b0
Hamdy,Abdelwahab,The Hammer,"6' 2""",265 lbs.,"72.0""",Southpaw,7,1,0,,http://ufcstats.com/fighter-details/3329d692aea4dc28
Farida,Abdueva,,--,115 lbs.,--,,6,1,0,,http://ufcstats.com/fighter-details/8f3837b4c06f3d1e
Mansur,Abdul-Malik,,"6' 2""",185 lbs.,"80.0""",Orthodox,9,1,1,,http://ufcstats.com/fighter-details/841695e02c99a521
Shamil,Abdurakhimov,Abrek,"6' 3""",235 lbs.,"76.0""",Orthodox,20,8,0,,http://ufcstats.com/fighter-details/2f5cbecbbe18bac4
Hiroyuki,Abe,Abe Ani,"5' 6""",145 lbs.,--,Orthodox,8,15,3,,http://ufcstats.com/fighter-details/c0ed7b208197e8de
Daichi,Abe,,"5' 11""",170 lbs.,"71.0""",Orthodox,6,2,0,,http://ufcstats.com/fighter-details/5140122c3eecd307
Papy,Abedi,Makambo,"5' 11""",185 lbs.,--,Southpaw,10,4,0,,http://ufcstats.com/fighter-details/c9f6385af6df66d7
Ricardo,Abreu,Demente,"5' 11""",185 lbs.,--,Orthodox,5,1,0,,http://ufcstats.com/fighter-details/aa6e591c2a2cdecd
Klidson,Abreu,White Bear,"6' 0""",205 lbs.,"74.0""",Orthodox,15,4,0,,http://ufcstats.com/fighter-details/7279654c7674cd24
Cyborg,Abreu,,--,--,--,,0,0,0,,http://ufcstats.com/fighter-details/f689bd7bbd14b392
Daniel,Acacio,,"5' 8""",180 lbs.,--,Orthodox,30,18,0,,http://ufcstats.com/fighter-details/1c5879330d42255f
John,Adajar,The Outlaw,"5' 9""",170 lbs.,"75.0""",Orthodox,6,2,0,,http://ufcstats.com/fighter-details/989b85f6540c86b1
Scott,Adams,,"6' 0""",225 lbs.,--,Southpaw,8,1,0,,http://ufcstats.com/fighter-details/2620f3eb21c79614
Juan,Adams,The Kraken,"6' 5""",265 lbs.,"80.0""",Orthodox,5,3,0,,http://ufcstats.com/fighter-details/83b00f7597e5ac83
Anthony,Adams,Sugafoot,"6' 1""",185 lbs.,"76.0""",Orthodox,8,2,0,,http://ufcstats.com/fighter-details/a77633a989013265
Zarrukh,Adashev,The Lion,"5' 5""",125 lbs.,"65.0""",Southpaw,4,4,0,,http://ufcstats.com/fighter-details/79cb2a690b9ba5e8
Israel,Adesanya,The Last Stylebender,"6' 4""",185 lbs.,"80.0""",Switch,24,6,0,,http://ufcstats.com/fighter-details/1338e2c7480bdf9e
Sam,Adkins,The Experience,"6' 3""",225 lbs.,--,Orthodox,7,20,2,,http://ufcstats.com/fighter-details/0e9869d712e81f8f
Mohamed,Ado,,"5' 11""",170 lbs.,"76.0""",Switch,5,1,0,,http://ufcstats.com/fighter-details/7a846fcbf182a7c8
Nick,Agallar,,"5' 8""",155 lbs.,--,Orthodox,24,6,0,,http://ufcstats.com/fighter-details/ebc5af72ad5a28cb
Mariya,Agapova,Money Mashka,"5' 6""",125 lbs.,"68.0""",Southpaw,10,5,0,,http://ufcstats.com/fighter-details/a08ddd04eaffd81d
Kantharaj,Agasa,Kannadiga,--,135 lbs.,--,,12,3,0,,http://ufcstats.com/fighter-details/26f4288e83188c61
Marcelo,Aguiar,,"5' 10""",170 lbs.,--,Orthodox,2,3,1,,http://ufcstats.com/fighter-details/44aa652b181bcf68
Fabio,Aguiar,,"6' 0""",185 lbs.,--,,17,1,0,,http://ufcstats.com/fighter-details/501821d7fb7b95c1
Edwin,Aguilar,Tigre,"5' 10""",185 lbs.,--,,26,19,0,,http://ufcstats.com/fighter-details/6cadc0a0ba7dc015
Jessica,Aguilar,Jag,"5' 3""",115 lbs.,"63.0""",Orthodox,20,8,0,,http://ufcstats.com/fighter-details/8f382b3baa954d2a
Kevin,Aguilar,Angel of Death,"5' 7""",155 lbs.,"73.0""",Orthodox,17,5,0,,http://ufcstats.com/fighter-details/cf946e03ba2e7666
Jesus,Aguilar,,"5' 4""",125 lbs.,"62.0""",Orthodox,12,4,0,,http://ufcstats.com/fighter-details/c051c2e12d692b8a
Christian,Aguilera,The Beast,"5' 9""",170 lbs.,"72.0""",Switch,14,8,0,,http://ufcstats.com/fighter-details/ae071698e1a3ccd4
Nick,Aguirre,Slick,"5' 9""",135 lbs.,"74.0""",Southpaw,7,2,0,,http://ufcstats.com/fighter-details/0978385b2bd9ef9b
,Agulali,,"5' 9""",125 lbs.,"67.0""",Switch,13,2,0,,http://ufcstats.com/fighter-details/b2efa582adf73604
Ahejiang,Ailinuer,,--,145 lbs.,--,,15,3,0,,http://ufcstats.com/fighter-details/ff584c17bccbae0b
Mike,Aina,Iron,"5' 9""",155 lbs.,--,Orthodox,14,6,1,,http://ufcstats.com/fighter-details/9e3dbb9c68ed5d1a
Ashiek,Ajim,Peak Physique,"5' 8""",135 lbs.,"71.0""",Switch,6,2,0,,http://ufcstats.com/fighter-details/49dea784f6cfed71
Hitomi,Akano,Girlfight Monster,"5' 4""",135 lbs.,--,Southpaw,18,10,0,,http://ufcstats.com/fighter-details/2eada40ac8801559
Omari,Akhmedov,Wolverine,"6' 0""",185 lbs.,"73.0""",Orthodox,21,6,1,,http://ufcstats.com/fighter-details/16690d100f995f8f
Yoshihiro,Akiyama,,"5' 10""",170 lbs.,"75.0""",Orthodox,14,6,0,,http://ufcstats.com/fighter-details/b0550072e5f0afa7
Rostem,Akman,,"5' 10""",170 lbs.,"72.0""",Switch,6,2,0,,http://ufcstats.com/fighter-details/1fc64507a0cb38cf
Razak,Al-Hassan,,"6' 2""",205 lbs.,--,Orthodox,13,5,0,,http://ufcstats.com/fighter-details/38b50fd1e1b5b656
Abdul-Kareem,Al-Selwady,Pride of Palestine,"5' 8""",155 lbs.,"69.0""",Orthodox,16,4,0,,http://ufcstats.com/fighter-details/597499ac7a5aac62
Mostapha,Al-Turk,,"6' 2""",245 lbs.,"77.0""",Orthodox,6,6,0,,http://ufcstats.com/fighter-details/1cf1310684a841f5
Herdem,Alacabek,,"6' 2""",205 lbs.,"75.0""",Orthodox,5,1,0,,http://ufcstats.com/fighter-details/7578cc6bd750206b
Javi,Alanis,,"5' 6""",135 lbs.,--,,0,4,0,,http://ufcstats.com/fighter-details/2144954270be834d
Alatengheili,,The Mongolian Knight,"5' 5""",135 lbs.,"66""",Orthodox,17,10,2,,http://ufcstats.com/fighter-details/1897b7b913736a7c
Amir,Albazi,The Prince,"5' 5""",125 lbs.,"68.0""",Orthodox,17,3,0,,http://ufcstats.com/fighter-details/6d35bf94f7d30241
Brett,Albee,,--,225 lbs.,--,,3,2,0,,http://ufcstats.com/fighter-details/9b28292abe3166d5
John,Albert,Prince,"5' 8""",135 lbs.,"68.0""",Orthodox,6,5,0,,http://ufcstats.com/fighter-details/7bd94b60d7521e4a
Junior,Albini,Baby,"6' 3""",264 lbs.,"74.0""",Orthodox,14,6,0,,http://ufcstats.com/fighter-details/c482c8605455a213
Wes,Albritton,,"5' 10""",188 lbs.,--,Orthodox,0,1,0,,http://ufcstats.com/fighter-details/184b955181bdef52
Aleksandra,Albu,Stitch,"5' 2""",115 lbs.,"63.0""",Orthodox,3,2,0,,http://ufcstats.com/fighter-details/e76d9f656ceb82ab
Israel,Albuquerque,,--,185 lbs.,--,Orthodox,0,3,0,,http://ufcstats.com/fighter-details/dd1b90eea08887f6
Juan,Alcain,,--,--,--,,1,2,0,,http://ufcstats.com/fighter-details/39f62b833e4cf126
Iuri,Alcantara,Marajo,"5' 9""",135 lbs.,"71.0""",Southpaw,35,10,0,,http://ufcstats.com/fighter-details/2f95a3c6d58b2aad
Ildemar,Alcantara,Marajo,"6' 2""",185 lbs.,"78.0""",Orthodox,21,11,0,,http://ufcstats.com/fighter-details/7c6e87729e824ef4
Alfonso,Alcarez,,"5' 3""",145 lbs.,--,,1,3,1,,http://ufcstats.com/fighter-details/1e38bba6738b7b10
Gilbert,Aldana,El Peligro,"6' 1""",250 lbs.,--,Orthodox,6,2,0,,http://ufcstats.com/fighter-details/d26934530dc5b248
Irene,Aldana,,"5' 9""",135 lbs.,"68.0""",Orthodox,15,8,0,,http://ufcstats.com/fighter-details/578ef12674df1e6a
Hector,Aldana,,"5' 11""",170 lbs.,"72.0""",Orthodox,4,3,0,,http://ufcstats.com/fighter-details/c487223b0289bda9
Jose,Alday,Pochito,"5' 7""",135 lbs.,"68.0""",Orthodox,14,6,1,,http://ufcstats.com/fighter-details/7460ddef986d3144
Jose,Aldo,,"5' 7""",135 lbs.,"70.0""",Orthodox,32,10,0,,http://ufcstats.com/fighter-details/d0f3959b4a9747e6
JJ,Aldrich,,"5' 5""",125 lbs.,"67""",Southpaw,15,7,0,,http://ufcstats.com/fighter-details/6fd953151d981979
Irina,Alekseeva,Russian Ronda,"5' 8""",135 lbs.,"67.0""",Orthodox,5,4,0,,http://ufcstats.com/fighter-details/103e2e33a60683e1
Talita,Alencar,Problem Child,"5' 1""",115 lbs.,"58.0""",Orthodox,8,1,1,,http://ufcstats.com/fighter-details/d35298b6df168456
Jim,Alers,The Beast,"5' 9""",145 lbs.,"71.0""",Orthodox,13,3,0,,http://ufcstats.com/fighter-details/fe5a9547479396ab
John,Alessio,The Natural,"5' 10""",155 lbs.,"72.0""",Orthodox,35,17,0,,http://ufcstats.com/fighter-details/7a15f3694c5cbc02
Houston,Alexander,The Assassin,"6' 0""",205 lbs.,"72.0""",Orthodox,17,15,1,,http://ufcstats.com/fighter-details/0541480fbf719d86
Kenneth,Alexander,The Machine,"5' 9""",155 lbs.,--,Orthodox,7,6,0,,http://ufcstats.com/fighter-details/8fd76e1b49c00ae2
Lucas,Alexander,The Lion,"5' 11""",145 lbs.,"73.0""",Orthodox,8,5,0,,http://ufcstats.com/fighter-details/11583163f45c7b31
Marcio,Alexandre Junior,Lyoto,"6' 0""",185 lbs.,"75.0""",Southpaw,17,4,0,,http://ufcstats.com/fighter-details/d53482bef23235ba
Olaf,Alfonso,,"6' 2""",170 lbs.,--,Orthodox,8,12,0,,http://ufcstats.com/fighter-details/b757c73f443d4fca
Pablo,Alfonso,The Hurricane,"5' 8""",145 lbs.,--,,9,7,0,,http://ufcstats.com/fighter-details/4b37a0bc2ab4cae1
Levi,Alford,,--,--,--,,1,7,0,,http://ufcstats.com/fighter-details/41b34b7f11f6d085
Bill,Algeo,Senor Perfecto,"6' 0""",145 lbs.,"73.0""",Switch,18,9,0,,http://ufcstats.com/fighter-details/9abc648e76c4493a
Royce,Alger,,"5' 10""",199 lbs.,--,Orthodox,3,2,0,,http://ufcstats.com/fighter-details/669a3cb6e394f515
Amir,Aliakbari,,"6' 3""",250 lbs.,--,,10,1,0,,http://ufcstats.com/fighter-details/e17770faae3ca54c
Sultan,Aliev,,"5' 11""",170 lbs.,"74.0""",Orthodox,15,3,0,,http://ufcstats.com/fighter-details/e70de1859b7ee78e
Nurullo,Aliev,Tajik Eagle,"5' 10""",155 lbs.,"72""",Orthodox,12,0,0,,http://ufcstats.com/fighter-details/ca28cdf526d6b6e9
Kimbert,Alintozon,The Hunter,--,135 lbs.,--,,7,3,0,,http://ufcstats.com/fighter-details/a075a34d7527fadf
Ikram,Aliskerov,,"6' 0""",185 lbs.,"76.0""",Southpaw,17,2,0,,http://ufcstats.com/fighter-details/b07aed698fba8624
Leon,Aliu,The Albanian Lion,"6' 0""",185 lbs.,"74.0""",Orthodox,10,2,0,,http://ufcstats.com/fighter-details/6db394bf6c3b017c
John,Allan,,"6' 1""",205 lbs.,"75.0""",Orthodox,13,7,0,,http://ufcstats.com/fighter-details/6ebe96a116e79e52
George,Allen,,"6' 2""",205 lbs.,--,Open Stance,13,19,2,,http://ufcstats.com/fighter-details/1e13936d708bcff7
Arnold,Allen,Almighty,"5' 8""",145 lbs.,"70""",Southpaw,21,4,0,,http://ufcstats.com/fighter-details/040a74bb0a465c54
Brendan,Allen,All In,"6' 2""",185 lbs.,"75.0""",Orthodox,26,7,0,,http://ufcstats.com/fighter-details/2f181c0467965b98
Daniel,Allen,,"6' 0""",155 lbs.,"75.0""",Southpaw,5,0,0,,http://ufcstats.com/fighter-details/adf9a901308fb8e3
Ben,Alloway,Blanco,"5' 11""",170 lbs.,"76.0""",Orthodox,18,8,0,,http://ufcstats.com/fighter-details/c4fe2e9a06ea5bcb
Asu,Almabayev,Zulfikar,"5' 4""",125 lbs.,"65.0""",Orthodox,23,3,0,,http://ufcstats.com/fighter-details/8d3273573b85be09
Bekzat,Almakhan,The Turan Warrior,"5' 7""",135 lbs.,"68.0""",Orthodox,12,3,0,,http://ufcstats.com/fighter-details/a4dc0f2b95df4cc1
John Dave,Almanza,The Striker,"5' 7""",125 lbs.,"67.0""",Southpaw,6,1,0,,http://ufcstats.com/fighter-details/088aa1b19b2dc14a
Ricardo,Almeida,Big Dog,"6' 0""",170 lbs.,"74.0""",Orthodox,13,5,0,,http://ufcstats.com/fighter-details/91186547a7f3f758
Magno,Almeida,,"6' 0""",155 lbs.,--,,10,3,0,,http://ufcstats.com/fighter-details/d615d6a10a4704cd
Thomas,Almeida,Thominhas,"5' 7""",145 lbs.,"70.0""",Southpaw,22,5,0,,http://ufcstats.com/fighter-details/2b074403b7c6cdb4
Ericka,Almeida,,"5' 6""",115 lbs.,--,Orthodox,7,3,0,,http://ufcstats.com/fighter-details/67a992d4cff22466
Estefani,Almeida,,"5' 4""",125 lbs.,--,Orthodox,7,3,0,,http://ufcstats.com/fighter-details/f16ddfa31236efed
Jailton,Almeida,Malhadinho,"6' 3""",225 lbs.,"79.0""",Orthodox,22,5,0,,http://ufcstats.com/fighter-details/41e83a89929d1327
Lucas,Almeida,,"5' 11""",145 lbs.,"71.0""",Orthodox,15,5,0,,http://ufcstats.com/fighter-details/710f0f8c5d5c9d41
Cesar,Almeida,Cesinha,"6' 1""",185 lbs.,"74.0""",Orthodox,7,2,0,,http://ufcstats.com/fighter-details/64d47ef881a437a4
Mauricio,Alonso,,"6' 2""",170 lbs.,--,,13,7,0,,http://ufcstats.com/fighter-details/c6bf75775b278ed8
Sarah,Alpar,Too Sweet,"5' 4""",135 lbs.,"63.0""",Southpaw,9,6,0,,http://ufcstats.com/fighter-details/49b130de1da2e1bf
Ali,AlQaisi,The Royal Fighter,"5' 6""",135 lbs.,"68.0""",Orthodox,8,5,0,,http://ufcstats.com/fighter-details/e87a13e02c01331d
Rico,Altamirano,,"5' 10""",170 lbs.,--,,4,3,0,,http://ufcstats.com/fighter-details/c61b49cec6abd6b9
Victor,Altamirano,El Magnifico,"5' 8""",125 lbs.,"70.0""",Switch,12,5,0,,http://ufcstats.com/fighter-details/dc7927cd622676a7
Mike,Altman,,"5' 10""",185 lbs.,--,Orthodox,1,4,0,,http://ufcstats.com/fighter-details/c11036da9162cb5f
Patricia,Alujas,The Angel,"5' 4""",115 lbs.,"64.0""",Orthodox,9,3,0,,http://ufcstats.com/fighter-details/430c533614d45813
Sean,Alvarez,,"6' 0""",235 lbs.,--,Orthodox,4,3,0,,http://ufcstats.com/fighter-details/e741536153227386
Eddie,Alvarez,,"5' 9""",155 lbs.,"69.0""",Orthodox,29,6,0,,http://ufcstats.com/fighter-details/33a331684283900f
Jaime,Alvarez,,"5' 8""",125 lbs.,"69.0""",Orthodox,6,1,0,,http://ufcstats.com/fighter-details/4438482bd1d5a029
Joel,Alvarez,El Fenomeno,"6' 3""",170 lbs.,"77.0""",Orthodox,23,4,0,,http://ufcstats.com/fighter-details/58bbef3770bb2dfc
Thiago,Alves,Pitbull,"5' 9""",170 lbs.,"70.0""",Orthodox,23,15,0,,http://ufcstats.com/fighter-details/31ee470ef5dc8d7f
Anthony,Alves,,--,--,--,,1,4,0,,http://ufcstats.com/fighter-details/bd92cf5da5413d2a
Amilcar,Alves,,"6' 0""",170 lbs.,--,Southpaw,15,12,0,,http://ufcstats.com/fighter-details/dc5a6b2fdb27e7dc
Warlley,Alves,,"5' 11""",185 lbs.,"72.0""",Orthodox,15,8,0,,http://ufcstats.com/fighter-details/d317a5e2b3f88c5f
Rafael,Alves,The Turn,"5' 8""",155 lbs.,"68.0""",Orthodox,20,12,0,,http://ufcstats.com/fighter-details/029afd138865d20a
Sam,Alvey,Smile'N,"6' 2""",185 lbs.,"75.0""",Southpaw,33,18,1,,http://ufcstats.com/fighter-details/d156513a19acf856
Christopher,Alvidrez,The Newborn,"6' 0""",170 lbs.,"74.0""",Orthodox,7,1,0,,http://ufcstats.com/fighter-details/f4abf9aeda861283
Mahamed,Aly,,"6' 2""",205 lbs.,"78.0""",Orthodox,4,1,0,,http://ufcstats.com/fighter-details/86c1441676af2c73
Andre,Amado,Dida,"6' 0""",154 lbs.,--,Orthodox,6,4,1,,http://ufcstats.com/fighter-details/20821819c401ced8
Adlan,Amagov,Borz,"6' 2""",170 lbs.,"76.0""",Orthodox,14,2,1,,http://ufcstats.com/fighter-details/1e327b281ef6a745
Maiara,Amanajas dos Santos,,"5' 5""",115 lbs.,--,Southpaw,7,3,0,,http://ufcstats.com/fighter-details/247fbbfafea60bb1
Chris,Amarante,,--,185 lbs.,--,,2,0,0,,http://ufcstats.com/fighter-details/ee0b69e307c857e5
Jimmy,Ambriz,The Titan,"6' 2""",315 lbs.,--,Southpaw,17,21,1,,http://ufcstats.com/fighter-details/c912f676692c353a
JJ,Ambrose,,"5' 10""",170 lbs.,--,Orthodox,28,7,0,,http://ufcstats.com/fighter-details/d562b12b8fe88336
Alen,Amedovski,,"5' 10""",185 lbs.,"74.0""",Orthodox,8,4,0,,http://ufcstats.com/fighter-details/70fa1c64a2c439ef
Hyder,Amil,The Hurricane,"5' 9""",145 lbs.,"70.0""",Switch,11,2,0,,http://ufcstats.com/fighter-details/41cc71cbf210e0fe
Hamid,Amiri,The Storm,--,145 lbs.,--,,9,0,0,,http://ufcstats.com/fighter-details/6c40705cf6c0d7e2
Makwan,Amirkhani,Mr. Finland,"5' 10""",145 lbs.,"72.0""",Southpaw,17,9,0,,http://ufcstats.com/fighter-details/87a1dc546b1c5caf
Jaqueline,Amorim,,"5' 3""",115 lbs.,"68.0""",Orthodox,10,2,0,,http://ufcstats.com/fighter-details/bc7d1ad49fcb2d08
Yaroslav,Amosov,,"6' 0""",170 lbs.,"75.0""",Orthodox,30,1,0,,http://ufcstats.com/fighter-details/f139d6836efd43dd
Bertrand,Amoussou,,"5' 8""",190 lbs.,--,Orthodox,1,1,0,,http://ufcstats.com/fighter-details/53adf5b845d91e4a
Karl,Amoussou,The Psycho,"5' 11""",185 lbs.,--,Orthodox,27,7,2,,http://ufcstats.com/fighter-details/23a8c33869bf5392
Eryk,Anders,Ya Boi,"6' 1""",185 lbs.,"75.0""",Southpaw,18,9,0,,http://ufcstats.com/fighter-details/cad24459b28592ca
Matt,Andersen,,"6' 2""",230 lbs.,--,Southpaw,14,8,1,,http://ufcstats.com/fighter-details/8738eacd62e82a32
Andy,Anderson,The Hammer,"5' 6""",240 lbs.,--,,0,1,0,,http://ufcstats.com/fighter-details/9199e0735b83dd32
Lowell,Anderson,,"5' 6""",160 lbs.,--,Orthodox,0,1,0,,http://ufcstats.com/fighter-details/1ffc38f67785797b
Corey,Anderson,Overtime,"6' 3""",205 lbs.,"79.0""",Orthodox,14,5,0,,http://ufcstats.com/fighter-details/5e4eec08896c9423
Derek,Anderson,Barbaric,"6' 0""",155 lbs.,--,,14,3,0,,http://ufcstats.com/fighter-details/19ba965651486013
Megan,Anderson,,"6' 0""",145 lbs.,"72.0""",Orthodox,11,5,0,,http://ufcstats.com/fighter-details/a0e75f4a13eb73f1
Liam,Anderson,,"6' 3""",185 lbs.,"75.0""",Orthodox,6,3,0,,http://ufcstats.com/fighter-details/b03a0c78ca45facf
Tatsuya,Ando,Kirinji,"5' 4""",145 lbs.,"68.0""",Southpaw,14,4,1,,http://ufcstats.com/fighter-details/17615148dd4be6f6
Alex,Andrade,El Toro,"5' 11""",200 lbs.,--,Orthodox,10,5,0,,http://ufcstats.com/fighter-details/1562b12763cc8d67
Jessica,Andrade,Bate Estaca,"5' 1""",115 lbs.,"62.0""",Orthodox,26,15,0,,http://ufcstats.com/fighter-details/6a1901c62ab3870f
Viscardi,Andrade,,"5' 11""",170 lbs.,"75.0""",Orthodox,19,6,0,,http://ufcstats.com/fighter-details/d221ee27afc7a60e
Jermaine,Andre,,"5' 7""",200 lbs.,--,Orthodox,14,4,0,,http://ufcstats.com/fighter-details/9bad58fa651d6196
Fellipe,Andrew,,--,--,--,,0,0,0,,http://ufcstats.com/fighter-details/7977fb0fd9c5955d
Dylan,Andrews,The Villain,"6' 1""",185 lbs.,"74.0""",Switch,18,7,0,,http://ufcstats.com/fighter-details/00debc804e2b1cd4
Reese,Andy,Riptide,"6' 0""",205 lbs.,--,Orthodox,7,3,0,,http://ufcstats.com/fighter-details/46e2ca71fd5089cb
,Angga,The Hitman,"5' 7""",145 lbs.,"68.0""",Orthodox,13,3,0,,http://ufcstats.com/fighter-details/d6a3e131ad4ba064
Julius,Anglickas,,"6' 3""",205 lbs.,--,Orthodox,5,1,0,,http://ufcstats.com/fighter-details/e20ad078a7d63361
Collin,Anglin,,"5' 9""",145 lbs.,"71.0""",Orthodox,8,3,0,,http://ufcstats.com/fighter-details/047a91d3d9c79b05
Chad,Anheliger,The Monster,"5' 6""",135 lbs.,"64""",Orthodox,13,8,0,,http://ufcstats.com/fighter-details/c7c39e2fb70248b3
Yoji,Anjo,Mr. 200%,"5' 11""",205 lbs.,--,Orthodox,0,5,1,,http://ufcstats.com/fighter-details/e06fd1260ac865a7
Magomed,Ankalaev,,"6' 3""",205 lbs.,"75.0""",Orthodox,21,2,1,,http://ufcstats.com/fighter-details/d802174b0c0c1f4e
Gadzhimurad,Antigulov,,"5' 11""",205 lbs.,"70.0""",Orthodox,20,8,0,,http://ufcstats.com/fighter-details/af997f7611673880
Adam,Antolin,Captain Chaos,"5' 5""",125 lbs.,"63.0""",Orthodox,12,3,0,,http://ufcstats.com/fighter-details/25b31165758402dd
Angelo,Antonio,,--,205 lbs.,--,Orthodox,1,4,0,,http://ufcstats.com/fighter-details/dbd198f780286aca
Vanilto,Antunes,,"6' 0""",170 lbs.,"72.0""",Orthodox,16,7,0,,http://ufcstats.com/fighter-details/cc49ada1ea955b13
Azunna,Anyanwu,Zulu,"6' 1""",251 lbs.,--,Orthodox,14,5,0,,http://ufcstats.com/fighter-details/78d48d3874dacafd
Shinsho,Anzai,Animal,"5' 7""",170 lbs.,"70.0""",Orthodox,10,3,0,,http://ufcstats.com/fighter-details/4665f9f909cd7214
Jin,Aoi,,"5' 6""",145 lbs.,"68.0""",Orthodox,14,6,1,,http://ufcstats.com/fighter-details/031da10a00c8ccd4
Shinya,Aoki,Tobikan Judan,"5' 11""",154 lbs.,--,Southpaw,39,7,0,,http://ufcstats.com/fighter-details/79ded75550efc139
,Aoriqileng,The Mongolian Murderer,"5' 7""",135 lbs.,"69.0""",Orthodox,26,12,0,,http://ufcstats.com/fighter-details/7d420039bbfe7c1a
Josh,Appelt,,"5' 10""",255 lbs.,--,Southpaw,15,7,0,,http://ufcstats.com/fighter-details/0c1a04afca64e38f
Erik,Apple,,"6' 0""",170 lbs.,--,Orthodox,10,3,0,,http://ufcstats.com/fighter-details/1ccff7f0cfdf85eb
Kenji,Arai,,"5' 10""",145 lbs.,--,Southpaw,15,15,5,,http://ufcstats.com/fighter-details/269d103c96a4c3a5
Romie,Aram,,"5' 10""",170 lbs.,--,Orthodox,7,1,0,,http://ufcstats.com/fighter-details/73ef22f25d0f70e2
Felipe,Arantes,Sertanejo,"5' 8""",135 lbs.,"73.0""",Orthodox,18,10,1,,http://ufcstats.com/fighter-details/71002dbc1743b9a7
Igor,Araujo,,"6' 1""",170 lbs.,"77.0""",Orthodox,25,9,0,,http://ufcstats.com/fighter-details/dbea8c1cb327ab3d
Viviane,Araujo,Vivi,"5' 4""",125 lbs.,"68.0""",Orthodox,13,7,0,,http://ufcstats.com/fighter-details/36541f1e6c5d4955
Julio,Arce,,"5' 7""",145 lbs.,"70.0""",Southpaw,19,6,0,,http://ufcstats.com/fighter-details/1291edf2d566a71a
Art,Arciniega,King Arthur,"5' 8""",145 lbs.,--,,15,7,0,,http://ufcstats.com/fighter-details/d25e39e74efb0a77
Alice,Ardelean,,"5' 3""",115 lbs.,"62.0""",Orthodox,12,7,0,,http://ufcstats.com/fighter-details/87f8699fdcc2c404
Tristan,Arenal,,--,155 lbs.,--,,7,4,0,,http://ufcstats.com/fighter-details/9c9455912d917e4e
Gabriel,Arges,,--,170 lbs.,--,,0,0,0,,http://ufcstats.com/fighter-details/db3c4a884d704efe
Dan,Argueta,The Determined,"5' 7""",135 lbs.,"68.0""",Southpaw,9,3,0,,http://ufcstats.com/fighter-details/e4ba58725825412d
Reza,Arianto,The Crazy Lion,--,155 lbs.,--,,5,0,0,,http://ufcstats.com/fighter-details/90063913321e7670
Ryoga,Arimoto,,--,125 lbs.,--,,10,1,2,,http://ufcstats.com/fighter-details/e0e1801e8721af17
Hashem,Arkhagha,,"6' 2""",185 lbs.,"75.0""",Orthodox,6,1,0,,http://ufcstats.com/fighter-details/9a7ffa80766caa51
Andrei,Arlovski,The Pitbull,"6' 3""",240 lbs.,"77.0""",Orthodox,34,24,0,,http://ufcstats.com/fighter-details/3738e68d2261e60f
Garrett,Armfield,,"5' 6""",135 lbs.,"70.0""",Orthodox,10,5,0,,http://ufcstats.com/fighter-details/1effd880e1f1bb30
Joey,Armstrong,,--,--,--,,5,2,0,,http://ufcstats.com/fighter-details/30ad2050273d016a
Austin,Arnett,,"6' 0""",145 lbs.,"72.0""",Orthodox,16,6,0,,http://ufcstats.com/fighter-details/bf0e700106d00e55
Ricardo,Arona,The Brazilian Tiger,"5' 11""",205 lbs.,--,Orthodox,14,5,0,,http://ufcstats.com/fighter-details/05fbfe628658c538
Eli,Aronov,The Israeli Tank,"5' 10""",185 lbs.,"72.0""",Orthodox,6,1,0,,http://ufcstats.com/fighter-details/a90c200c3fbb22c4
Chalid,Arrab,Die Faust,"5' 11""",205 lbs.,--,Orthodox,7,3,0,,http://ufcstats.com/fighter-details/770b9d4813c25902
Akbarh,Arreola,El Caballero,"5' 10""",155 lbs.,"71.0""",Southpaw,23,11,1,,http://ufcstats.com/fighter-details/c136b2a8852da5bd
Matt,Arroyo,No Regard,"5' 10""",170 lbs.,"72.0""",Orthodox,3,3,0,,http://ufcstats.com/fighter-details/de62052b2ede65ba
Antonio,Arroyo,,"6' 3""",185 lbs.,"73.0""",Orthodox,9,5,0,,http://ufcstats.com/fighter-details/61fb8098ccf81c7f
Gilles,Arsene,,"5' 9""",190 lbs.,--,Southpaw,1,1,0,,http://ufcstats.com/fighter-details/2dea80c069847321
Veta,Arteaga,,"5' 7""",125 lbs.,--,,3,1,0,,http://ufcstats.com/fighter-details/91e3388e69060e69
Cesar,Arzamendia,Goku,"5' 11""",155 lbs.,--,Orthodox,8,3,0,,http://ufcstats.com/fighter-details/49f78022126bf4a4
Kai,Asakura,,"5' 8""",135 lbs.,"69.0""",Orthodox,21,6,0,,http://ufcstats.com/fighter-details/d33da8a3d82bdb62
Teddy,Ash,Bear,"6' 1""",185 lbs.,"73.0""",Switch,14,5,0,,http://ufcstats.com/fighter-details/a373085066dbfb54
Arman,Ashimov,Mustafa Ozturik,"5' 6""",125 lbs.,--,,11,3,1,,http://ufcstats.com/fighter-details/d26a0988c9dc9886
Yanal,Ashmouz,Red Fox,"5' 9""",155 lbs.,"69.0""",Orthodox,8,2,0,,http://ufcstats.com/fighter-details/c739c2995a275314
,Asjabharan,,"5' 6""",135 lbs.,--,,7,6,0,,http://ufcstats.com/fighter-details/8be9deb7d6b36354
Askar,Askar,AK-47,"5' 7""",145 lbs.,"69.0""",Orthodox,11,1,0,,http://ufcstats.com/fighter-details/2abc414136504554
Askar,Askarov,Bullet,"5' 6""",125 lbs.,"67.0""",Orthodox,14,1,1,,http://ufcstats.com/fighter-details/b1d19449397541dc
Cyril,Asker,Silverback,"6' 0""",247 lbs.,"74.0""",Orthodox,9,4,0,,http://ufcstats.com/fighter-details/9be6020024133293
Khusein,Askhabov,Nohcho,"5' 8""",145 lbs.,"69.0""",Orthodox,23,1,0,,http://ufcstats.com/fighter-details/5c10da56d712ac9c
Scott,Askham,,"6' 3""",185 lbs.,"75.0""",Southpaw,14,4,0,,http://ufcstats.com/fighter-details/06827d70c53ff0d9
Ben,Askren,Funky,"5' 11""",170 lbs.,"73.0""",Orthodox,19,2,0,,http://ufcstats.com/fighter-details/0b31f87be71ebbb1
Ibo,Aslan,The Last Ottoman,"6' 3""",205 lbs.,"77.0""",Orthodox,14,4,0,,http://ufcstats.com/fighter-details/6e8f1bcdda94ff45
Tom,Aspinall,,"6' 5""",255 lbs.,"78.0""",Orthodox,15,3,0,,http://ufcstats.com/fighter-details/399afbabc02376b5
Steven,Asplund,Concrete,"6' 5""",260 lbs.,"78.0""",Orthodox,7,2,0,,http://ufcstats.com/fighter-details/e56cee1ad697db04
Bruno,Assis,Brunao,"6' 2""",185 lbs.,--,Orthodox,8,4,0,,http://ufcstats.com/fighter-details/ff222167cce02919
Junior,Assuncao,,"5' 9""",145 lbs.,"72.0""",Orthodox,16,6,0,,http://ufcstats.com/fighter-details/d0d7160824278840
Raphael,Assuncao,,"5' 5""",135 lbs.,"66.0""",Orthodox,28,10,0,,http://ufcstats.com/fighter-details/2f13e4020cea5b38
Michael,Aswell Jr.,The Texas Kid,"5' 8""",145 lbs.,"69""",Orthodox,11,5,0,,http://ufcstats.com/fighter-details/01c9e4013afce141
Bazigit,Atajev,Volk,"6' 1""",230 lbs.,--,Orthodox,17,1,0,,http://ufcstats.com/fighter-details/fd7acf42bd6e7e95
Rich,Attonito,The Raging Bull,"5' 10""",170 lbs.,"72.0""",Orthodox,10,5,0,,http://ufcstats.com/fighter-details/210935fd21670f6d
Olivier,Aubin-Mercier,The Canadian Gangster,"5' 9""",155 lbs.,"70.0""",Southpaw,11,5,0,,http://ufcstats.com/fighter-details/55ee431411ccf07a
Pat,Audinwood,Awesomely Awesome,"6' 0""",155 lbs.,--,Orthodox,11,2,1,,http://ufcstats.com/fighter-details/196ed28337adc630
Jose,Augusto,Gugu,"6' 3""",251 lbs.,--,,6,2,0,,http://ufcstats.com/fighter-details/4d3b08ab127c7585
Marcus,Aurelio,Maximus,"5' 10""",155 lbs.,"74.0""",Orthodox,22,10,0,,http://ufcstats.com/fighter-details/04643fd03d9159cc
David,Avellan,,"5' 9""",185 lbs.,--,Orthodox,2,1,0,,http://ufcstats.com/fighter-details/956dcac65e7b34d6
Blas,Avena,The Disciple,"6' 0""",170 lbs.,"74.0""",Orthodox,8,7,0,,http://ufcstats.com/fighter-details/8753e125f4499816
Levi,Avera,,"6' 1""",170 lbs.,--,,18,15,0,,http://ufcstats.com/fighter-details/ba5c6eeb8ef45f5c
Anthony,Avila,,"5' 7""",145 lbs.,--,,13,5,0,,http://ufcstats.com/fighter-details/033d19259f589457
Chris,Avila,,"5' 10""",145 lbs.,--,Orthodox,5,4,0,,http://ufcstats.com/fighter-details/4665cbf36b08193b
Julia,Avila,Raging Panda,"5' 7""",135 lbs.,"68.0""",Orthodox,9,4,0,,http://ufcstats.com/fighter-details/86d9dbe1bfcbade7
Saad,Awad,Assassin,"5' 11""",155 lbs.,--,,20,9,0,,http://ufcstats.com/fighter-details/da603332ad41f165
Javy,Ayala,Eye Candy,"6' 1""",265 lbs.,--,,10,5,0,,http://ufcstats.com/fighter-details/26387c19f32dda0f
Jessin,Ayari,,"6' 0""",155 lbs.,"73.0""",Orthodox,16,6,0,,http://ufcstats.com/fighter-details/6eaec40f724852f4
Abu,Azaitar,Captain Morocco,"5' 9""",185 lbs.,"76.0""",Orthodox,14,4,1,,http://ufcstats.com/fighter-details/46d0a888d87d91ac
Ottman,Azaitar,Bulldozer,"5' 8""",155 lbs.,"71.0""",Switch,13,3,0,,http://ufcstats.com/fighter-details/ee18ff42063174df
Luiz,Azeredo,,"5' 9""",154 lbs.,--,Orthodox,15,10,0,,http://ufcstats.com/fighter-details/063649e21bc9d6d5
Luciano,Azevedo,,"6' 3""",161 lbs.,--,Orthodox,17,9,1,,http://ufcstats.com/fighter-details/9bcfb40dbcd50568
Hunter,Azure,,"5' 8""",145 lbs.,"69.0""",Orthodox,9,2,0,,http://ufcstats.com/fighter-details/2af2f2e26c4c0402
Niklas,Backstrom,,"6' 1""",145 lbs.,--,Orthodox,11,3,0,,http://ufcstats.com/fighter-details/39cc64bf0a269db9
Seth,Baczynski,The Polish Pistola,"6' 3""",170 lbs.,"75.0""",Orthodox,20,14,0,,http://ufcstats.com/fighter-details/fd5b6598a3b70c0a
Abdul Azeem,Badakhshi,The Afghan Lion,--,145 lbs.,--,,13,3,0,,http://ufcstats.com/fighter-details/968764372c49eab6
Ryan,Bader,Darth,"6' 2""",205 lbs.,"74.0""",Orthodox,23,5,0,,http://ufcstats.com/fighter-details/c0ab242c40decc55
Izabela,Badurek,,"5' 5""",115 lbs.,--,Orthodox,6,3,0,,http://ufcstats.com/fighter-details/4fcf6e0c4e0e6664
Miguel,Baeza,Caramel Thunder,"6' 2""",170 lbs.,"74.0""",Orthodox,10,4,0,,http://ufcstats.com/fighter-details/82d4c957649faf9b
Ali,Bagautinov,Puncher,"5' 4""",125 lbs.,"65.0""",Orthodox,15,6,0,,http://ufcstats.com/fighter-details/3dd92ff9fb0412b3
Mehdi,Baghdad,The Sultan,"6' 1""",155 lbs.,--,Orthodox,11,5,0,,http://ufcstats.com/fighter-details/e4d2564ea0e34e2b
Melsik,Baghdasaryan,The Gun,"5' 9""",145 lbs.,"70.0""",Southpaw,8,3,0,,http://ufcstats.com/fighter-details/a52bc1e62cf0b7c6
Siyar,Bahadurzada,The Great,"5' 11""",170 lbs.,"73.0""",Orthodox,24,8,1,,http://ufcstats.com/fighter-details/aec185309b4843d0
Ignacio,Bahamondes,La Jaula,"6' 3""",170 lbs.,"75""",Orthodox,17,7,0,,http://ufcstats.com/fighter-details/e4a47b07044ddd72
Bahatebole,Batebolati,Lion King,"5' 8""",170 lbs.,"71.0""",Southpaw,10,1,1,,http://ufcstats.com/fighter-details/8f313e9c3a39c06e
Shamar,Bailey,,"5' 9""",155 lbs.,"75.0""",Southpaw,16,11,0,,http://ufcstats.com/fighter-details/e2b8186b618b00c4
Jordan,Bailey,,"5' 9""",145 lbs.,--,,6,3,0,,http://ufcstats.com/fighter-details/34dbcd4dbaf21a36
Scott,Baker,,"6' 0""",210 lbs.,--,,1,1,0,,http://ufcstats.com/fighter-details/7d5b12de1625984e
Bryan,Baker,The Beast,"6' 3""",185 lbs.,--,Orthodox,18,5,0,,http://ufcstats.com/fighter-details/898337ef520fe4d3
Jin,Bala,,"5' 9""",155 lbs.,--,,23,3,0,,http://ufcstats.com/fighter-details/371efa53bd0cf669
,Balajin,The Snow Leopard,"5' 9""",145 lbs.,"72.0""",Orthodox,23,4,0,,http://ufcstats.com/fighter-details/e626e92a8f2a9737
Eros,Baluyot,,--,125 lbs.,--,,7,0,0,,http://ufcstats.com/fighter-details/3497f4c29654862c
Oluwale,Bamgbose,Holy War Angel,"5' 11""",185 lbs.,"78.0""",Switch,6,4,0,,http://ufcstats.com/fighter-details/04b39f4e8eb59d7c
Stephen,Banaszak,,"6' 0""",145 lbs.,--,,5,5,0,,http://ufcstats.com/fighter-details/4c4b44e3cf5815b3
Marcin,Bandel,Bomba,"5' 10""",155 lbs.,--,Orthodox,15,7,0,,http://ufcstats.com/fighter-details/5c2ce761399dc9c5
Humberto,Bandenay,,"5' 11""",145 lbs.,"71.0""",Southpaw,14,7,0,,http://ufcstats.com/fighter-details/2c2caf2f2bab9df5
Tae Hyun,Bang,Supernatural,"5' 9""",155 lbs.,"71.0""",Switch,18,10,0,,http://ufcstats.com/fighter-details/9a2d3567abc02e34
Yohan,Banks,,--,--,--,,2,1,0,,http://ufcstats.com/fighter-details/c50ea21fe9ef478d
Shauna,Bannon,Mama B,"5' 5""",115 lbs.,"65.0""",Switch,7,3,0,,http://ufcstats.com/fighter-details/9c442aaf149ea982
Antonio,Banuelos,,"5' 5""",135 lbs.,"63.0""",Orthodox,20,11,1,,http://ufcstats.com/fighter-details/9ddfb3369a3b0394
Iwo,Baraniewski,Rudy,"6' 0""",205 lbs.,"73""",Orthodox,9,0,0,,http://ufcstats.com/fighter-details/1c23ec2f1b71be40
Renan,Barao,The Baron,"5' 6""",145 lbs.,"70.0""",Orthodox,34,9,0,,http://ufcstats.com/fighter-details/2c99576fefe53c7c
Junior,Barata,,"5' 10""",170 lbs.,--,Orthodox,9,3,1,,http://ufcstats.com/fighter-details/06dced58ca24a6bd
Maycee,Barber,The Future,"5' 5""",125 lbs.,"65.0""",Switch,15,3,0,,http://ufcstats.com/fighter-details/6a740daf1b279661
Bryan,Barberena,Bam Bam,"6' 0""",185 lbs.,"72.0""",Southpaw,18,12,0,,http://ufcstats.com/fighter-details/a331233f597090a5
Djani,Barbir,,"6' 3""",185 lbs.,"79.0""",Orthodox,7,1,0,,http://ufcstats.com/fighter-details/d4baaa0630bf5798
Dione,Barbosa,The Witch,"5' 6""",125 lbs.,"66.0""",Orthodox,9,4,0,,http://ufcstats.com/fighter-details/27b388f0aab49780
Marcio,Barbosa,Ticoto,"5' 6""",145 lbs.,"70.0""",Orthodox,18,2,0,,http://ufcstats.com/fighter-details/c85bad793cd14e28
Edson,Barboza,Junior,"5' 11""",155 lbs.,"75.0""",Orthodox,24,14,0,,http://ufcstats.com/fighter-details/64a50dad704d1d49
Raoni,Barcelos,,"5' 7""",135 lbs.,"67""",Orthodox,22,5,0,,http://ufcstats.com/fighter-details/b9f28e7045fdfce7
Daniel,Barez,,"5' 6""",125 lbs.,"66.0""",Orthodox,17,8,0,,http://ufcstats.com/fighter-details/e8fe9c15d348e778
Danny,Barlow,LeftHand2God,"6' 2""",185 lbs.,"79.0""",Southpaw,9,2,0,,http://ufcstats.com/fighter-details/b7c5eb7cdbac6a63
Luke,Barnatt,The Bigslow,"6' 6""",185 lbs.,"77.0""",Orthodox,13,4,0,,http://ufcstats.com/fighter-details/172c2135e70f87b7
James,Barnes,Mooka,"5' 8""",135 lbs.,"71.0""",Orthodox,14,5,0,,http://ufcstats.com/fighter-details/c06a5c95f1169c0b
Nick,Barnes,,"5' 11""",170 lbs.,--,,11,2,0,,http://ufcstats.com/fighter-details/78a5eea49638685d
Shonte,Barnes,Shyne,"5' 11""",185 lbs.,"76.0""",Southpaw,6,2,1,,http://ufcstats.com/fighter-details/e575b6ff678c1aca
Josh,Barnett,The Warmaster,"6' 3""",250 lbs.,"78.0""",Orthodox,35,8,0,,http://ufcstats.com/fighter-details/ad3f53c454cbbead
Chris,Barnett,Beastboy,"5' 9""",261 lbs.,"75.0""",Orthodox,23,10,0,,http://ufcstats.com/fighter-details/7a5e8c94a86f9895
Chris,Barnhizer,,--,--,--,,2,3,0,,http://ufcstats.com/fighter-details/91e69a1c3c87325b
David,Baron,,"5' 6""",155 lbs.,--,Switch,17,4,1,,http://ufcstats.com/fighter-details/80c0bed43da0e27b
Phil,Baroni,The New York Bad Ass,"5' 9""",170 lbs.,"72.0""",Orthodox,15,18,0,,http://ufcstats.com/fighter-details/1652f3213655b935
Dan,Barrera,The Fireman,"5' 9""",170 lbs.,--,Orthodox,3,1,0,,http://ufcstats.com/fighter-details/f12f979b657ab876
Carlos,Barreto,,"6' 4""",230 lbs.,--,Orthodox,14,9,0,,http://ufcstats.com/fighter-details/a220be6d41d6f97d
Jose,Barreto,,--,185 lbs.,--,Southpaw,0,1,0,,http://ufcstats.com/fighter-details/c32eab6c2119e989
Peter,Barrett,Slippery,"5' 10""",145 lbs.,"73.0""",Southpaw,11,5,0,,http://ufcstats.com/fighter-details/d21113c9ff3788ae
Marc-Andre,Barriault,Powerbar,"6' 1""",185 lbs.,"74""",Orthodox,17,11,0,,http://ufcstats.com/fighter-details/8e9eb3fc86db0f7d
David,Barrios,,"5' 6""",145 lbs.,--,,4,8,0,,http://ufcstats.com/fighter-details/e6015889f50075d2
Alexandre,Barros,Baixinho,"5' 9""",170 lbs.,--,Southpaw,22,11,0,,http://ufcstats.com/fighter-details/8fd1f27e86661ede
Ricardo,Barros,,"6' 1""",205 lbs.,--,,2,2,0,,http://ufcstats.com/fighter-details/d26394fc0e8e880a
Francimar,Barroso,Bodao,"6' 1""",205 lbs.,"75.0""",Orthodox,19,7,0,,http://ufcstats.com/fighter-details/b69f24c500d783e7
Pat,Barry,HD,"5' 11""",235 lbs.,"74.0""",Orthodox,8,7,0,,http://ufcstats.com/fighter-details/658c3465581ae46b
Dean,Barry,The Sniper,"5' 10""",170 lbs.,"72.0""",Orthodox,4,2,0,,http://ufcstats.com/fighter-details/a6f3d15cb84334bb
Enrique,Barzola,El Fuerte,"5' 7""",145 lbs.,"70.0""",Orthodox,17,5,2,,http://ufcstats.com/fighter-details/be0b310a12eb80b4
Javid,Basharat,The Snow Leopard,"5' 9""",135 lbs.,"69.0""",Orthodox,15,2,0,,http://ufcstats.com/fighter-details/bbab3baf66128ae2
Farid,Basharat,Ferocious,"5' 8""",135 lbs.,"71.0""",Orthodox,15,0,0,,http://ufcstats.com/fighter-details/a09ed60aa67a3f67
Austin,Bashi,,"5' 6""",145 lbs.,"70.0""",Orthodox,14,1,0,,http://ufcstats.com/fighter-details/d3f89fa685bd8420
Stephen,Bass,Bigfish,"5' 9""",145 lbs.,--,Orthodox,11,2,0,,http://ufcstats.com/fighter-details/1cecc8fe6748a532
Sean,Bassett,,--,155 lbs.,--,,0,4,0,,http://ufcstats.com/fighter-details/2c733e059462c1dc
Ryan,Bastianelli,Relentless,"5' 5""",135 lbs.,--,,6,7,0,,http://ufcstats.com/fighter-details/29508aff4d93cbbe
Shayna,Baszler,The Queen of Spades,"5' 7""",135 lbs.,--,Orthodox,15,11,0,,http://ufcstats.com/fighter-details/8ef4a91ac694b7ce
Namsrai,Batbayar,Steppe Warrior,"5' 4""",125 lbs.,"68.0""",Orthodox,9,1,0,,http://ufcstats.com/fighter-details/e1f8beeb6d2d871a
Michel,Batista,,"6' 3""",260 lbs.,--,Orthodox,4,1,0,,http://ufcstats.com/fighter-details/34218661c44ed55d
Bryan,Battle,The Butcher,"6' 1""",185 lbs.,"77.0""",Orthodox,13,2,0,,http://ufcstats.com/fighter-details/f626118b6da0e020
Alan,Baudot,The Black Samourai,"6' 3""",243 lbs.,"79.0""",Orthodox,8,3,0,,http://ufcstats.com/fighter-details/c9a94278df042f46
Mario,Bautista,,"5' 9""",135 lbs.,"69.0""",Switch,17,3,0,,http://ufcstats.com/fighter-details/bc711b6dd95c1af6
Chris,Beal,Real Deal,"5' 7""",125 lbs.,"69.0""",Orthodox,10,5,0,,http://ufcstats.com/fighter-details/55f446032177b119
Donovan,Beard,The Highlight Reel,"6' 2""",185 lbs.,"78.0""",Orthodox,7,2,0,,http://ufcstats.com/fighter-details/3a6ac598320ca7f2
Rudy,Bears,,"5' 11""",170 lbs.,--,Southpaw,16,15,0,,http://ufcstats.com/fighter-details/74f13066b1417ef3
Salvador,Becerra,,"5' 9""",155 lbs.,--,,5,2,0,,http://ufcstats.com/fighter-details/4fd76e7ba8313457
Ariel,Beck,,"5' 6""",125 lbs.,"66.0""",Southpaw,4,5,0,,http://ufcstats.com/fighter-details/b96939f2b8d88e82
Jack,Becker,,"5' 10""",155 lbs.,"71.0""",Orthodox,13,6,0,,http://ufcstats.com/fighter-details/b5a379583673510a
Jeff,Bedard,Little Popeye,"5' 6""",145 lbs.,--,Orthodox,13,3,0,,http://ufcstats.com/fighter-details/93bf96be327fcd98
Eric,Bedard,Lucky Strikes,"6' 2""",239 lbs.,--,,6,7,0,,http://ufcstats.com/fighter-details/ce05955c26c3c090
Johnny,Bedford,Brutal,"5' 10""",135 lbs.,"71.0""",Orthodox,21,13,1,,http://ufcstats.com/fighter-details/ffc3e6daaa6da0b7
Rolando,Bedoya,The Machine,"5' 11""",155 lbs.,"74.0""",Orthodox,14,5,0,,http://ufcstats.com/fighter-details/40a456a25d52ee65
Chase,Beebe,,"5' 7""",135 lbs.,"67.0""",Orthodox,24,13,1,,http://ufcstats.com/fighter-details/b16a7e6a627e9789
Lyle,Beerbohm,Fancy Pants,"5' 10""",155 lbs.,--,Southpaw,24,3,0,,http://ufcstats.com/fighter-details/babc6b5745335f18
Allan,Begosso,Mini,"5' 5""",135 lbs.,"66.0""",Orthodox,7,2,1,,http://ufcstats.com/fighter-details/d6ed764f8b78d32a
Azamat,Bekoev,Iron,"6' 0""",185 lbs.,"72.0""",Orthodox,20,5,0,,http://ufcstats.com/fighter-details/3bc3f60b21cddc6a
Mirsad,Bektic,,"5' 8""",145 lbs.,"70.0""",Orthodox,13,4,0,,http://ufcstats.com/fighter-details/cbd3e590a85b18c5
Diana,Belbita,The Warrior Princess,"5' 7""",125 lbs.,"68.0""",Orthodox,15,10,0,,http://ufcstats.com/fighter-details/d7e40dca3ae125be
Alan,Belcher,The Talent,"6' 2""",185 lbs.,"75.0""",Orthodox,18,8,0,,http://ufcstats.com/fighter-details/4130a743d9d22163
Vitor,Belfort,The Phenom,"6' 0""",185 lbs.,"74.0""",Southpaw,26,14,0,,http://ufcstats.com/fighter-details/0ee783aa00e468f0
Yousri,Belgaroui,,"6' 6""",185 lbs.,"79""",Orthodox,10,3,0,,http://ufcstats.com/fighter-details/7674b836ce0698a0
Rodolfo,Bellato,Trator,"6' 3""",205 lbs.,"75""",Orthodox,13,3,1,,http://ufcstats.com/fighter-details/69898645d600abdb
Danilo,Belluardo,Caterpillar,"6' 0""",155 lbs.,"74.0""",Southpaw,12,5,0,,http://ufcstats.com/fighter-details/c3f6db17cea09ca7
Joey,Beltran,The Mexicutioner,"6' 1""",185 lbs.,"75.0""",Orthodox,17,14,0,,http://ufcstats.com/fighter-details/46baf0f57edfa4df
Marco,Beltran,Psycho,"5' 8""",125 lbs.,"69.0""",Orthodox,8,6,0,,http://ufcstats.com/fighter-details/ec71a892fada28c7
Joseph,Benavidez,,"5' 4""",125 lbs.,"65.0""",Southpaw,28,8,0,,http://ufcstats.com/fighter-details/80eacd4da0617c57
Mike,Bencic,Batman,"6' 0""",215 lbs.,--,Orthodox,1,2,0,,http://ufcstats.com/fighter-details/a71feb7ea7592a71
Dave,Beneteau,Dangerous,"6' 2""",250 lbs.,--,Orthodox,6,5,1,,http://ufcstats.com/fighter-details/9fd1f08dd4aec14a
Karla,Benitez,,"5' 3""",113 lbs.,--,,14,11,1,,http://ufcstats.com/fighter-details/6104730621ff318d
Gabriel,Benitez,Moggly,"5' 8""",155 lbs.,"71.0""",Southpaw,23,13,0,,http://ufcstats.com/fighter-details/436f970c9ea9169c
Charles,Bennett,Krazy Horse,"5' 8""",155 lbs.,--,Orthodox,30,33,2,,http://ufcstats.com/fighter-details/8dc4f34c1f50d00d
Josh,Bennett,,"6' 4""",259 lbs.,--,Orthodox,11,14,0,,http://ufcstats.com/fighter-details/c3ac8d0da7b05772
DeAnna,Bennett,The Argentine Assassin,"5' 4""",125 lbs.,"68.0""",Orthodox,8,3,1,,http://ufcstats.com/fighter-details/404ecb2700844072
Benjamin,Bennett,Mr. Alaska,"6' 0""",170 lbs.,"73.0""",Switch,7,1,0,,http://ufcstats.com/fighter-details/7030c27fc9778964
Lance,Benoist,,"5' 11""",170 lbs.,"72.0""",Southpaw,7,2,0,,http://ufcstats.com/fighter-details/5431dccc09118234
Joe,Benoit,,"5' 9""",170 lbs.,--,Orthodox,11,4,0,,http://ufcstats.com/fighter-details/a30f6d375dea5f9b
Ryan,Benoit,Baby Face,"5' 5""",125 lbs.,"68.0""",Orthodox,10,8,0,,http://ufcstats.com/fighter-details/20999e27ddd94bda
Pat,Benson,,"5' 9""",155 lbs.,--,,3,5,3,,http://ufcstats.com/fighter-details/a25f3dc0df974597
Len,Bentley,,"5' 9""",155 lbs.,--,,10,6,0,,http://ufcstats.com/fighter-details/592d23aed850e652
Steve,Berger,The Red Nosed Pitbull,"5' 11""",170 lbs.,--,Orthodox,21,23,2,,http://ufcstats.com/fighter-details/21b1132949f2a9b0
Kenneth,Bergh,,"6' 2""",205 lbs.,"74.0""",Orthodox,8,0,0,,http://ufcstats.com/fighter-details/aa8189053b3a8994
Bret,Bergmark,The Angry Hick,"5' 9""",170 lbs.,--,,6,1,1,,http://ufcstats.com/fighter-details/2891c9f7b26b26fc
Keith,Berish,Sha Bang Bang,"6' 0""",205 lbs.,--,Orthodox,5,1,0,,http://ufcstats.com/fighter-details/e3779ef06e98f185
Dennis,Bermudez,The Menace,"5' 6""",155 lbs.,"66.0""",Orthodox,17,9,0,,http://ufcstats.com/fighter-details/6f242453c91a5af0
Manny,Bermudez,The Bermudez Triangle,"5' 10""",145 lbs.,"71.0""",Orthodox,14,2,0,,http://ufcstats.com/fighter-details/2dc1bc1a02961656
Talita,Bernardo,,"5' 4""",135 lbs.,"68.0""",Orthodox,6,4,0,,http://ufcstats.com/fighter-details/5b2325cd70dbe2ea
Dave,Berry,,--,--,--,,0,1,0,,http://ufcstats.com/fighter-details/b3bbe88fecd6a0d2
Keith,Berry,,"6' 1""",185 lbs.,--,,15,14,1,,http://ufcstats.com/fighter-details/0b935b9bbbe5fc07
Dieusel,Berto,,"5' 9""",200 lbs.,--,,0,3,0,,http://ufcstats.com/fighter-details/0db70ca89e1c7374
Edson,Berto,Little Tiger,"5' 6""",155 lbs.,--,Orthodox,17,12,1,,http://ufcstats.com/fighter-details/66766984842c13dc
Allen,Berube,Monstah Lobstah,"5' 8""",155 lbs.,--,Orthodox,4,3,0,,http://ufcstats.com/fighter-details/aebfb84d1f6d2d8c
Anton,Berzin,The Body Snatcher,"6' 2""",205 lbs.,--,Orthodox,5,1,0,,http://ufcstats.com/fighter-details/8ba8e8d7eafa7267
Scott,Bessac,,"6' 4""",245 lbs.,--,,4,6,0,,http://ufcstats.com/fighter-details/3f24c96753dbd9f9
Matt,Bessette,The Mangler,"5' 10""",145 lbs.,"70.0""",Orthodox,22,9,0,,http://ufcstats.com/fighter-details/0b8d512c79b4baf3
Khadzhi,Bestaev,Best,"6' 6""",185 lbs.,"76.0""",,10,4,0,,http://ufcstats.com/fighter-details/e05f4ce199baca91
Fernando,Bettega,,--,170 lbs.,--,,7,5,0,,http://ufcstats.com/fighter-details/a524710c3ef918fa
Arjan,Bhullar,,"6' 1""",245 lbs.,"75.0""",Orthodox,9,1,0,,http://ufcstats.com/fighter-details/7e511f8d842a109d
KB,Bhullar,The Bengal,"6' 4""",185 lbs.,"78.0""",Switch,8,2,0,,http://ufcstats.com/fighter-details/9cd047a828dd7515
Magomed,Bibulatov,Chaborz,"5' 5""",125 lbs.,"65.0""",Orthodox,14,2,0,,http://ufcstats.com/fighter-details/87f19d19f4cb73f8
David,Bielkheden,,"5' 10""",155 lbs.,"71.0""",Orthodox,24,12,0,,http://ufcstats.com/fighter-details/1efa064872f089d0
Blake,Bilder,El Animal,"5' 8""",145 lbs.,"68.0""",Switch,8,2,1,,http://ufcstats.com/fighter-details/5095b0920a3602aa
Jonas,Bilharinho,,"5' 11""",145 lbs.,"75.0""",Switch,9,1,1,,http://ufcstats.com/fighter-details/ebbf571f349e79d9
Jeremiah,Billington,,"5' 9""",205 lbs.,--,Orthodox,11,2,0,,http://ufcstats.com/fighter-details/b3b6e80b7d5f8f0d
Scott,Bills,,"5' 10""",170 lbs.,--,,7,9,1,,http://ufcstats.com/fighter-details/53f02bbc41d99432
Anthony,Birchak,El Toro,"5' 8""",135 lbs.,"69.0""",Orthodox,16,8,0,,http://ufcstats.com/fighter-details/c5a126ace82a6025
Chris,Birchler,The Big Buck,"6' 3""",205 lbs.,--,Switch,7,4,0,,http://ufcstats.com/fighter-details/8a22c6b4d29880a3
Angad,Bisht,,"5' 7""",125 lbs.,"67.0""",Orthodox,10,3,0,,http://ufcstats.com/fighter-details/7b4ae3fd439a05b6
Michael,Bisping,The Count,"6' 1""",185 lbs.,"75.0""",Orthodox,30,9,0,,http://ufcstats.com/fighter-details/2b93ebd9f5417ad2
Amaury,Bitetti,,"5' 9""",185 lbs.,--,Orthodox,5,2,0,,http://ufcstats.com/fighter-details/7a359ef685a304a7
Caio,Bittencourt,Leao,"6' 0""",185 lbs.,"75.0""",Orthodox,14,7,0,,http://ufcstats.com/fighter-details/a653cb5eb4b39339
Davi,Bittencourt,The Black,"5' 5""",135 lbs.,"65.0""",Orthodox,14,4,0,,http://ufcstats.com/fighter-details/dd6ec6f941c3a414
Simon,Biyong,,--,205 lbs.,--,,7,1,0,,http://ufcstats.com/fighter-details/27ab7257bf6a3b65
Jan,Blachowicz,,"6' 2""",205 lbs.,"78.0""",Orthodox,29,11,2,,http://ufcstats.com/fighter-details/99df7d0a2a08a8a8
Jason,Black,The Black Legion,"5' 8""",155 lbs.,--,Orthodox,23,4,1,,http://ufcstats.com/fighter-details/b2f743746e8dcfa2
Brad,Blackburn,Bad Brad,"5' 10""",170 lbs.,"73.0""",Orthodox,18,13,1,,http://ufcstats.com/fighter-details/7e69a4b0961aa555
Jason,Blackford,,--,--,--,,3,3,0,,http://ufcstats.com/fighter-details/619d807fa54ae8f7
Tom,Blackledge,,--,205 lbs.,--,Orthodox,10,7,0,,http://ufcstats.com/fighter-details/2adb11835acd815b
Sherrard,Blackledge,The Thriller,"5' 11""",155 lbs.,"75.0""",Orthodox,5,1,0,,http://ufcstats.com/fighter-details/0e5c79b3594ff0ad
Da'Mon,Blackshear,The Monster,"5' 10""",135 lbs.,"72.0""",Switch,17,8,1,,http://ufcstats.com/fighter-details/da22387a0407a2dc
Chasen,Blair,Mestizo,"5' 10""",155 lbs.,"71.0""",Orthodox,7,4,0,,http://ufcstats.com/fighter-details/0f4a536507f33576
Erin,Blanchfield,Cold Blooded,"5' 4""",125 lbs.,"66""",Orthodox,14,2,0,,http://ufcstats.com/fighter-details/669970f7feba8ecd
Maximo,Blanco,Maxi,"5' 8""",145 lbs.,"71.0""",Orthodox,12,8,1,,http://ufcstats.com/fighter-details/4a1329cc8eb0928a
David,Blanco,,"5' 7""",145 lbs.,--,,2,0,0,,http://ufcstats.com/fighter-details/ebf298f8ac7e232b
Curtis,Blaydes,Razor,"6' 4""",265 lbs.,"80""",Orthodox,19,6,0,,http://ufcstats.com/fighter-details/fa6796c55d6c5440
Tereza,Bleda,,"5' 9""",125 lbs.,"71.0""",Orthodox,7,2,0,,http://ufcstats.com/fighter-details/59c438c81fbf3ece
Arlene,Blencowe,Angerfist,"5' 5""",145 lbs.,--,,9,6,0,,http://ufcstats.com/fighter-details/35d6337320a4ae48
Byron,Bloodworth,,"5' 8""",135 lbs.,--,Orthodox,6,3,0,,http://ufcstats.com/fighter-details/ecdf14f4f8643d39
Bo,Meng,,--,115 lbs.,--,,22,8,0,,http://ufcstats.com/fighter-details/2d85fcb4468c30d7
Dashawn,Boatwright,"Buck, the 400-pound Silverback","6' 0""",205 lbs.,--,Orthodox,3,1,0,,http://ufcstats.com/fighter-details/046a85108610c0d2
Dan,Bobish,,"6' 2""",345 lbs.,--,Southpaw,17,9,0,,http://ufcstats.com/fighter-details/f348d05403fad037
Mark,Bocek,,"5' 8""",155 lbs.,"75.0""",Orthodox,12,5,0,,http://ufcstats.com/fighter-details/cf9d24e4bd0cf2ce
Kyle,Bochniak,Killer B,"5' 7""",145 lbs.,"70.0""",Orthodox,8,5,0,,http://ufcstats.com/fighter-details/c5af5750e8bae4f0
James,Bochnovic,,"6' 4""",205 lbs.,"81.0""",Orthodox,8,3,0,,http://ufcstats.com/fighter-details/984d15d5dc7bfcf9
Jeremy,Boczulak,,--,--,--,,0,2,0,,http://ufcstats.com/fighter-details/1afd74f8cb0719f3
Tim,Boetsch,The Barbarian,"6' 0""",185 lbs.,"74.0""",Orthodox,21,13,0,,http://ufcstats.com/fighter-details/c80095f6092271a7
Galore,Bofando,,"5' 11""",170 lbs.,"72.0""",Switch,5,3,0,,http://ufcstats.com/fighter-details/8a56ea383fd26e52
Jay,Bogan,,--,145 lbs.,--,,6,6,0,,http://ufcstats.com/fighter-details/53c21779d84ceb75
Roman,Bogatov,,"5' 8""",155 lbs.,"73.0""",Orthodox,10,1,0,,http://ufcstats.com/fighter-details/d61316139d68dbe3
Derek,Bohi,Marshmallow,"6' 4""",260 lbs.,--,,8,5,0,,http://ufcstats.com/fighter-details/70a1c7626b5e0599
Jerry,Bohlander,,"5' 11""",199 lbs.,--,Orthodox,11,4,0,,http://ufcstats.com/fighter-details/93892752c5fc23ca
Mandy,Bohm,Monster,"5' 7""",125 lbs.,"71.0""",Orthodox,8,2,0,,http://ufcstats.com/fighter-details/297a2b35444c245b
Kotetsu,Boku,,"5' 9""",154 lbs.,--,Orthodox,25,11,2,,http://ufcstats.com/fighter-details/d227958e8a0c1466
Gaston,Bolanos,The Dreamkiller,"5' 7""",145 lbs.,"69.0""",Orthodox,8,5,0,,http://ufcstats.com/fighter-details/96924b0019b3aff1
Otgonbaatar,Boldbaatar,Conqueror,--,125 lbs.,--,,6,0,0,,http://ufcstats.com/fighter-details/3f773caad71c4131
Kyle,Bolt,,"6' 2""",185 lbs.,--,,8,4,0,,http://ufcstats.com/fighter-details/9d455d5cfe6a0e35
Denys,Bondar,Psycho,"5' 6""",125 lbs.,"69.0""",Orthodox,14,5,0,,http://ufcstats.com/fighter-details/2526be54e6a0e62a
Luc,Bondole,,"6' 2""",205 lbs.,--,,5,2,2,,http://ufcstats.com/fighter-details/8691881b31c16b88
Tony,Bonello,The Gun,"6' 2""",185 lbs.,--,,16,3,1,,http://ufcstats.com/fighter-details/702a72aa7a266d86
Gabriel,Bonfim,Marretinha,"6' 1""",170 lbs.,"72""",Orthodox,20,1,0,,http://ufcstats.com/fighter-details/01641ba5df0c69b0
Ismael,Bonfim,Marreta,"5' 8""",155 lbs.,"71.0""",Orthodox,20,6,0,,http://ufcstats.com/fighter-details/eb393afdbe3293d5
Jesse,Bongfeldt,Water,"6' 0""",185 lbs.,--,Orthodox,16,5,1,,http://ufcstats.com/fighter-details/934de214814b8ff4
Marcos,Bonilla,Murder Marx,"5' 10""",145 lbs.,--,,4,4,0,,http://ufcstats.com/fighter-details/d311fbefff44a39b
Stephan,Bonnar,The American Psycho,"6' 4""",205 lbs.,"79.0""",Orthodox,15,9,0,,http://ufcstats.com/fighter-details/c6a33ff198aaaeeb
Rogerio,Bontorin,,"5' 5""",125 lbs.,"67.0""",Orthodox,16,4,0,,http://ufcstats.com/fighter-details/07a2bdaa0afdd831
Ray,Borg,The Tazmexican Devil,"5' 4""",135 lbs.,"63.0""",Orthodox,13,5,0,,http://ufcstats.com/fighter-details/a4de54ea806fb525
Igor,Borisov,,"6' 0""",235 lbs.,--,Orthodox,1,1,0,,http://ufcstats.com/fighter-details/0313bf497de9c470
Kevin,Borjas,El Gallo Negro,"5' 5""",125 lbs.,"68.0""",Orthodox,10,5,0,,http://ufcstats.com/fighter-details/34b96d52db1d26e6
Calen,Born,,"5' 8""",170 lbs.,"72.0""",Switch,7,1,0,,http://ufcstats.com/fighter-details/3c85e04b08a05751
Caio,Borralho,The Natural,"6' 1""",185 lbs.,"75.0""",Southpaw,18,2,0,,http://ufcstats.com/fighter-details/4126a78111c0855a
Zachary,Borrego,The Dragon,"6' 2""",185 lbs.,"78.0""",Switch,3,1,0,,http://ufcstats.com/fighter-details/b8fdb2903a2582a8
Viacheslav,Borshchev,Slava Claus,"5' 11""",155 lbs.,"69.0""",Orthodox,8,7,1,,http://ufcstats.com/fighter-details/19c591115a58982c
Tanner,Boser,The Bulldozer,"6' 2""",245 lbs.,"75""",Orthodox,22,11,1,,http://ufcstats.com/fighter-details/04c8b08b16a5b99e
Steve,Bosse,The Boss,"5' 11""",205 lbs.,"72.0""",Orthodox,12,2,0,,http://ufcstats.com/fighter-details/e023fa2e648ea0f1
Marcus,Bossett,The Grasshopper,"6' 1""",215 lbs.,--,Orthodox,1,3,0,,http://ufcstats.com/fighter-details/e8fb8e53bc2e29d6
Chris,Bostick,,--,--,--,,6,3,0,,http://ufcstats.com/fighter-details/239224bedeb2c7a4
Poliana,Botelho,,"5' 8""",125 lbs.,"67.0""",Orthodox,8,5,0,,http://ufcstats.com/fighter-details/5c126c6aac3ef364
Francois,Botha,White Buffalo,"6' 2""",260 lbs.,--,Orthodox,0,1,0,,http://ufcstats.com/fighter-details/545d549d6bf87187
Ilian,Bouafia,The Gorilla,"6' 5""",185 lbs.,"78.0""",Southpaw,7,0,0,,http://ufcstats.com/fighter-details/d5e929c26f25f0d3
Gregory,Bouchelaghem,,"6' 2""",183 lbs.,--,Switch,5,4,0,,http://ufcstats.com/fighter-details/59851163aaf1aed8
Roy,Boughton,Black Dynamite,"6' 0""",205 lbs.,--,,14,8,0,,http://ufcstats.com/fighter-details/2aaf0181432adf0b
Rich,Bouphanouvong,,"5' 7""",170 lbs.,--,,1,4,0,,http://ufcstats.com/fighter-details/611b9c068c9e2c44
Mike,Bourke,The Rhino,"6' 0""",275 lbs.,--,Orthodox,10,16,1,,http://ufcstats.com/fighter-details/dfdd0c5dd0d4bc23
Jess,Bouscal,,--,155 lbs.,--,,3,2,0,,http://ufcstats.com/fighter-details/38b1417ec17072da
Tai,Bowden,,"5' 11""",230 lbs.,--,,1,1,0,,http://ufcstats.com/fighter-details/2efbc83a6b9b7f86
Melton,Bowen,The Punisher,"6' 0""",225 lbs.,--,Orthodox,0,1,0,,http://ufcstats.com/fighter-details/81ca2c245b19b3c5
Kyron,Bowen,Bullseye,"6' 3""",185 lbs.,"73.0""",Orthodox,9,5,0,,http://ufcstats.com/fighter-details/5488b3c67600333a
Brian,Bowles,,"5' 7""",135 lbs.,"70.0""",Orthodox,10,3,0,,http://ufcstats.com/fighter-details/b26d3e3746fb4024
Roger,Bowling,Relentless,"5' 9""",155 lbs.,"68.0""",Orthodox,12,6,0,,http://ufcstats.com/fighter-details/3b9f723e2720a238
Blake,Bowman,,"6' 2""",170 lbs.,--,,2,6,0,,http://ufcstats.com/fighter-details/a95a0504fd73bd3e
Ashe,Bowman,The Archer,"5' 9""",155 lbs.,--,,9,11,0,,http://ufcstats.com/fighter-details/8a0a35e7c74bebcc
Anvar,Boynazarov,The Uzbek,"5' 9""",145 lbs.,--,Orthodox,3,1,0,,http://ufcstats.com/fighter-details/4a191f4ea2fce7fc
Colley,Bradford,,"5' 7""",145 lbs.,--,,0,1,0,,http://ufcstats.com/fighter-details/1433786ac76cf777
Kyle,Bradley,,"5' 9""",155 lbs.,"71.0""",Orthodox,19,12,0,,http://ufcstats.com/fighter-details/a6959da32f0e6b5d
Paul,Bradley,The Gentleman,"5' 9""",170 lbs.,--,Orthodox,23,8,0,,http://ufcstats.com/fighter-details/c7011de4765d2497
Sean,Brady,,"5' 10""",170 lbs.,"72""",Orthodox,19,2,0,,http://ufcstats.com/fighter-details/45f7cb591c3ab00b
Ebenezer Fontes,Braga,Pitbull,"6' 0""",199 lbs.,--,Orthodox,13,7,2,,http://ufcstats.com/fighter-details/dc950d59dc590aca
Ramiz,Brahimaj,,"5' 10""",170 lbs.,"72.0""",Orthodox,13,6,0,,http://ufcstats.com/fighter-details/3d074044a33825e7
Adam,Bramhald,Samurai,"5' 10""",135 lbs.,"70.0""",Orthodox,13,3,0,,http://ufcstats.com/fighter-details/3c99bd6cb5d835ef
Joe,Brammer,The South Side Strangler,"5' 8""",155 lbs.,--,Orthodox,7,3,1,,http://ufcstats.com/fighter-details/013da757877044a2
David,Branch,,"6' 1""",185 lbs.,"78.0""",Orthodox,22,6,0,,http://ufcstats.com/fighter-details/d2c55d1d2e67773b
Billy,Brand,,"5' 6""",135 lbs.,"65.0""",Orthodox,5,2,0,,http://ufcstats.com/fighter-details/edae6db2b3453632
Diego,Brandao,DB,"5' 7""",145 lbs.,"64.0""",Orthodox,22,11,0,,http://ufcstats.com/fighter-details/c2e3e67b5911bfb7
Bruna,Brasil,,"5' 6""",115 lbs.,"65.0""",Orthodox,11,7,1,,http://ufcstats.com/fighter-details/7138a15258dabf20
Michael,Bravo,,--,155 lbs.,--,,7,4,0,,http://ufcstats.com/fighter-details/dc63542668295c23
Martin,Bravo,El Toro,"5' 8""",145 lbs.,"71.0""",Southpaw,11,3,0,,http://ufcstats.com/fighter-details/9c44f290f5726d95
Roman,Bravo-Young,,--,205 lbs.,--,,0,1,0,,http://ufcstats.com/fighter-details/37ce890a4670b287
Mike,Breeden,Money,"5' 10""",155 lbs.,"70.0""",Orthodox,11,6,0,,http://ufcstats.com/fighter-details/d80ee110748171ac
Tom,Breese,,"6' 3""",185 lbs.,"73.0""",Southpaw,12,3,0,,http://ufcstats.com/fighter-details/1588b787bda7b540
Elves,Brener,,"5' 10""",155 lbs.,"72""",Orthodox,16,6,0,,http://ufcstats.com/fighter-details/48a9a128784d53d1
Chris,Brennan,The Westside Strangler,"5' 8""",170 lbs.,--,Orthodox,21,13,1,,http://ufcstats.com/fighter-details/b19fc66613dc75b9
Lucas,Brennan,Skywalker,"5' 10""",155 lbs.,"72.0""",Southpaw,11,3,0,,http://ufcstats.com/fighter-details/33a8708747b7f943
Charlie,Brenneman,The Spaniard,"5' 10""",155 lbs.,"70.0""",Orthodox,19,8,0,,http://ufcstats.com/fighter-details/98f6da59d765ec94
Robert,Breslin,The Bullet,"5' 11""",155 lbs.,--,,3,9,0,,http://ufcstats.com/fighter-details/e319d6697d41f3cf
Mack,Brewer,,--,205 lbs.,--,,0,1,0,,http://ufcstats.com/fighter-details/106a925d947a0de9
Marcos,Brigagao,Ironside,"6' 3""",205 lbs.,"76.0""",Southpaw,11,1,0,,http://ufcstats.com/fighter-details/11547e29f253fb89
Jason,Brilz,Hitman,"5' 11""",205 lbs.,"71.0""",Orthodox,22,6,1,,http://ufcstats.com/fighter-details/497ba5b12a4bfc47
Marcus,Brimage,The Bama Beast,"5' 4""",135 lbs.,"71.0""",Southpaw,7,7,0,,http://ufcstats.com/fighter-details/81801f57bd0a7c41
Aaron,Brink,,"6' 3""",205 lbs.,--,Orthodox,26,26,0,,http://ufcstats.com/fighter-details/cf1a88371c8cb690
Henry,Briones,Bure,"5' 8""",135 lbs.,"69.0""",Orthodox,16,8,1,,http://ufcstats.com/fighter-details/01fcef7e3d051722
Marcelo,Brito,Jungle Boy,"6' 1""",170 lbs.,--,Orthodox,13,8,0,,http://ufcstats.com/fighter-details/3a97fda0de6f1fa4
Joanderson,Brito,Tubarao,"5' 8""",145 lbs.,"72""",Orthodox,19,5,1,,http://ufcstats.com/fighter-details/791c8437b341fba5
Kaik,Brito,,"5' 11""",170 lbs.,"72.0""",Orthodox,16,5,0,,http://ufcstats.com/fighter-details/b07f14fc0e53f8bd
Icaro,Brito,,--,145 lbs.,--,,7,1,0,,http://ufcstats.com/fighter-details/06dd61c8d545c63f
Antwain,Britt,The Juggernaut,"6' 1""",205 lbs.,"77.0""",,11,6,0,,http://ufcstats.com/fighter-details/2833f50b20e96e52
Drew,Brokenshire,,--,--,--,,16,6,0,,http://ufcstats.com/fighter-details/aa571d75f80fde7d
Mike,Bronzoulis,The Greek,"6' 0""",155 lbs.,--,,18,9,1,,http://ufcstats.com/fighter-details/df3c39573d01f55b
Jonathan,Brookins,,"6' 0""",145 lbs.,"74.0""",Southpaw,16,10,0,,http://ufcstats.com/fighter-details/b0a6124751a56bc4
Will,Brooks,Ill,"5' 10""",155 lbs.,"72.0""",Orthodox,18,4,0,,http://ufcstats.com/fighter-details/b6e6c3b1dcaae0a1
Jarred,Brooks,The Monkey God,"5' 3""",125 lbs.,"62.0""",Switch,13,2,0,,http://ufcstats.com/fighter-details/81d9df19e255b8b6
Rob,Broughton,The Bear,"6' 2""",265 lbs.,"74.0""",Orthodox,16,7,1,,http://ufcstats.com/fighter-details/a7d687e6ecb30981
Lee,Brousseau,Manimal,"6' 1""",205 lbs.,--,,5,3,0,,http://ufcstats.com/fighter-details/0974d8d4053a7237
Matt,Brown,The Immortal,"6' 0""",170 lbs.,"75.0""",Orthodox,26,19,0,,http://ufcstats.com/fighter-details/31123249b0bbf52e
Mike,Brown,,"5' 6""",145 lbs.,"70.0""",Orthodox,26,9,0,,http://ufcstats.com/fighter-details/e0b74df14f52cd15
Dominic,Brown,,"5' 11""",190 lbs.,--,,16,23,0,,http://ufcstats.com/fighter-details/52b3ec072ad497a4
Todd,Brown,Bulldog,"5' 11""",205 lbs.,--,Orthodox,16,4,0,,http://ufcstats.com/fighter-details/9b68bf67c5695185
Terrell,Brown,,--,185 lbs.,--,,3,1,0,,http://ufcstats.com/fighter-details/85df85a4e276c90e
Chris,Brown,,--,170 lbs.,--,,10,1,0,,http://ufcstats.com/fighter-details/9e2624ac992660c6
Frederick,Brown,,"6' 0""",235 lbs.,--,,3,2,0,,http://ufcstats.com/fighter-details/880c6b788266a3ef
Randy,Brown,Rudeboy,"6' 3""",170 lbs.,"78.0""",Orthodox,20,8,0,,http://ufcstats.com/fighter-details/c6aee362c7a7d482
Damien,Brown,Beatdown,"5' 10""",155 lbs.,"68.0""",Orthodox,17,12,0,,http://ufcstats.com/fighter-details/d024ed963e8bf7ea
TJ,Brown,Downtown,"5' 9""",145 lbs.,"72.0""",Switch,17,11,0,,http://ufcstats.com/fighter-details/d31cbcdd7d69536d
Humberto,Brown Morrison,,"5' 10""",145 lbs.,--,,4,6,0,,http://ufcstats.com/fighter-details/e9e7e1c8ff289e1b
Travis,Browne,Hapa,"6' 6""",255 lbs.,"79.0""",Orthodox,18,7,1,,http://ufcstats.com/fighter-details/3236bf606fe9fa5b
Junie,Browning,,"5' 9""",155 lbs.,--,Orthodox,5,6,0,,http://ufcstats.com/fighter-details/d74cba8566291bfa
Jules,Bruchez,,"6' 0""",205 lbs.,--,Southpaw,1,2,0,,http://ufcstats.com/fighter-details/d1dcd4e96464a53d
Justin,Bruckmann,Loaf,"5' 9""",170 lbs.,--,Orthodox,7,3,0,,http://ufcstats.com/fighter-details/5f8e00c27b7e7410
Cody,Brundage,,"6' 0""",185 lbs.,"72.0""",Orthodox,12,9,1,,http://ufcstats.com/fighter-details/f14f644d41ade29f
Steve,Bruno,Hollywood,"5' 10""",170 lbs.,--,Orthodox,15,6,0,,http://ufcstats.com/fighter-details/2f3f12002564bb55
Fernando,Bruno,Acougueiro,"5' 6""",145 lbs.,--,,15,4,0,,http://ufcstats.com/fighter-details/b8c0f30ee9a98b69
Derek,Brunson,The One,"6' 1""",185 lbs.,"77.0""",Southpaw,23,9,0,,http://ufcstats.com/fighter-details/b1a3e0aca758b322
Josh,Bryant,The Beast,"5' 10""",185 lbs.,--,Orthodox,15,4,0,,http://ufcstats.com/fighter-details/01f022fa494188e2
Dennis,Bryant,The Beard,"6' 0""",205 lbs.,--,Orthodox,5,2,0,,http://ufcstats.com/fighter-details/3b17353b8002c7d0
Robert,Bryczek,,"6' 0""",185 lbs.,"75""",Orthodox,18,7,0,,http://ufcstats.com/fighter-details/f96856f9d69fd7e4
Lukasz,Brzeski,The Bull,"6' 3""",236 lbs.,"78.0""",Orthodox,9,7,1,,http://ufcstats.com/fighter-details/0c25d0a5e8cdbf19
Marcus,Buchecha,,"6' 2""",255 lbs.,"77.0""",Orthodox,5,3,1,,http://ufcstats.com/fighter-details/095854a135e6db55
Justin,Buchholz,,"6' 0""",155 lbs.,"73.0""",Orthodox,15,10,0,,http://ufcstats.com/fighter-details/231926533134ec1f
Zak,Bucia,,"5' 10""",170 lbs.,--,,17,8,0,,http://ufcstats.com/fighter-details/6bbb8dc6e128779e
Courtney,Buck,,"5' 10""",135 lbs.,--,Orthodox,12,11,0,,http://ufcstats.com/fighter-details/3feed7d02711d8b7
Joaquin,Buckley,New Mansa,"5' 10""",170 lbs.,"76""",Southpaw,21,8,0,,http://ufcstats.com/fighter-details/b9437600497350f3
Martin,Buday,Badys,"6' 4""",265 lbs.,"77.0""",Orthodox,16,2,0,,http://ufcstats.com/fighter-details/8eb046f83e82bf26
Julia,Budd,,"5' 7""",145 lbs.,"67.0""",,10,2,0,,http://ufcstats.com/fighter-details/dcdc4503b9d49977
Dylan,Budka,The Mindless Hulk,"6' 0""",185 lbs.,"75.0""",Switch,7,5,0,,http://ufcstats.com/fighter-details/a817e238b2747404
Mike,Budnik,,"5' 9""",145 lbs.,"68.0""",Orthodox,13,4,0,,http://ufcstats.com/fighter-details/b98209144b63ae26
Francisco,Bueno,,"5' 9""",225 lbs.,--,Orthodox,5,2,0,,http://ufcstats.com/fighter-details/a72d260b436924c4
Mayra,Bueno Silva,Sheetara,"5' 6""",135 lbs.,"66.0""",Orthodox,10,7,1,,http://ufcstats.com/fighter-details/cc8c623cca88f54f
Paul,Buentello,The Headhunter,"6' 2""",245 lbs.,"77.0""",Orthodox,35,17,0,,http://ufcstats.com/fighter-details/f0abbb6f3444dae7
Marek,Bujlo,Bujdzilla,"6' 4""",265 lbs.,"77.0""",Orthodox,6,1,0,,http://ufcstats.com/fighter-details/ac0874309da489b9
Modestas,Bukauskas,The Baltic Gladiator,"6' 3""",205 lbs.,"76""",Switch,20,7,0,,http://ufcstats.com/fighter-details/476fe566d2df676e
Lee Kwan,Bum,,"6' 2""",286 lbs.,--,Orthodox,0,1,0,,http://ufcstats.com/fighter-details/c0342805a1948cbb
Josh,Bumgarner,,"6' 1""",170 lbs.,--,,6,4,0,,http://ufcstats.com/fighter-details/9900ab86a4c458bd
Shawn,Bunch,Bunch the Great,"5' 5""",135 lbs.,--,,7,3,0,,http://ufcstats.com/fighter-details/6e9af164ab91a229
Felipe,Bunes,Felipinho,"5' 7""",125 lbs.,"69.0""",Orthodox,14,9,0,,http://ufcstats.com/fighter-details/53c10176e3bc7416
Shane,Burgos,Hurricane,"5' 11""",145 lbs.,"75.0""",Orthodox,15,3,0,,http://ufcstats.com/fighter-details/98d961097baaf308
Joshua,Burkman,The People's Warrior,"5' 10""",170 lbs.,"72.0""",Orthodox,28,16,0,,http://ufcstats.com/fighter-details/6da99156486ed6c2
Justin,Burlinson,,"6' 1""",170 lbs.,"74.0""",Switch,6,1,0,,http://ufcstats.com/fighter-details/dadd80ef954e54ed
Mads,Burnell,,"5' 8""",145 lbs.,"69.0""",Orthodox,9,3,0,,http://ufcstats.com/fighter-details/69f01b25dfabaf6b
Mikey,Burnett,The Eastside Assassin,"5' 6""",170 lbs.,--,Orthodox,5,2,0,,http://ufcstats.com/fighter-details/4c805f5f58a75df0
Kevin,Burns,The Fire,"5' 10""",170 lbs.,"74.0""",Orthodox,12,7,0,,http://ufcstats.com/fighter-details/a6d8bfe9e0c8153b
Gilbert,Burns,Durinho,"5' 10""",170 lbs.,"71.0""",Orthodox,22,10,0,,http://ufcstats.com/fighter-details/23024fdfc966410a
Josh,Burns,The Hammer,"6' 1""",244 lbs.,--,,8,10,0,,http://ufcstats.com/fighter-details/1e092415a7eeaf65
Herbert,Burns,The Blaze,"5' 9""",145 lbs.,"73.0""",Orthodox,11,6,0,,http://ufcstats.com/fighter-details/4f140403000158b5
Derrick,Burnsed,,--,155 lbs.,--,,1,0,3,,http://ufcstats.com/fighter-details/2213330f082f82d5
Nah-Shon,Burrell,The Rock n Rolla,"5' 11""",170 lbs.,--,Orthodox,15,7,0,,http://ufcstats.com/fighter-details/2c64c035485906aa
Martin,Buschkamp,,"5' 9""",145 lbs.,--,Orthodox,9,0,0,,http://ufcstats.com/fighter-details/8fc30d8cebb17116
George,Bush,,"6' 1""",205 lbs.,--,,5,2,0,,http://ufcstats.com/fighter-details/f0c779dc2ca3816c
Bubba,Bush,The Fightin' Texas Aggie,"6' 0""",185 lbs.,--,Orthodox,8,3,0,,http://ufcstats.com/fighter-details/132505067f08c54d
Dakota,Bush,,"5' 10""",155 lbs.,"73.0""",Orthodox,8,4,0,,http://ufcstats.com/fighter-details/3033c1c080672475
Murilo,Bustamante,,"6' 2""",183 lbs.,--,Orthodox,15,8,1,,http://ufcstats.com/fighter-details/85d905f7c4f5a1af
Nick,Bustamante,,"5' 9""",170 lbs.,--,,5,3,0,,http://ufcstats.com/fighter-details/51b1ca2a4b064101
Eduardo,Bustillos,,"5' 8""",135 lbs.,--,,5,3,0,,http://ufcstats.com/fighter-details/f273f1b8df04c8a1
Jason,Butcher,,"6' 3""",185 lbs.,--,,10,2,0,,http://ufcstats.com/fighter-details/30e39145fec48d25
Todd,Butler,,"6' 1""",200 lbs.,--,Southpaw,1,4,0,,http://ufcstats.com/fighter-details/3fed746acfd026dd
Goldman,Butler,,--,--,--,,1,4,0,,http://ufcstats.com/fighter-details/e2d5072048b825b1
Ian,Butler,,"5' 8""",155 lbs.,--,,3,3,0,,http://ufcstats.com/fighter-details/6b8fd98eb52363d1
Raphael,Butler,The Silencer,"6' 3""",261 lbs.,--,,9,2,1,,http://ufcstats.com/fighter-details/f941505e35fb1eae
Jesse,Butler,,"5' 10""",135 lbs.,"73.0""",Orthodox,12,6,0,,http://ufcstats.com/fighter-details/a75a48bfe776b2c2
JP,Buys,Young Savage,"5' 5""",135 lbs.,"67.0""",Orthodox,9,6,0,,http://ufcstats.com/fighter-details/0b362247806341e5
Dennis,Buzukja,The Great,"5' 9""",145 lbs.,"70.0""",Switch,12,6,0,,http://ufcstats.com/fighter-details/c4d039123e62f6a9
Charles,Byrd,Kid Dynamite,"5' 10""",185 lbs.,"73.0""",Orthodox,10,7,0,,http://ufcstats.com/fighter-details/76ee3d666c648f6b
Steve,Byrnes,The Sergeant,"6' 0""",170 lbs.,--,Orthodox,6,1,0,,http://ufcstats.com/fighter-details/43612456979e5d5e
Michael,Byrnes,,"5' 11""",155 lbs.,--,,5,3,0,,http://ufcstats.com/fighter-details/87f0b37f153cf497
Yan,Cabral,,"5' 11""",155 lbs.,"73.0""",Orthodox,13,3,0,,http://ufcstats.com/fighter-details/7cdd3e5d3aa9cb39
Juan,Cabrera,Papi Juancho,--,185 lbs.,--,,9,1,0,,http://ufcstats.com/fighter-details/601f8439a0277670
Alvin,Cacdac,,"5' 6""",125 lbs.,--,Orthodox,18,13,0,,http://ufcstats.com/fighter-details/ce7871949b0ed2bf
Alex,Caceres,Bruce Leeroy,"5' 10""",145 lbs.,"73.0""",Southpaw,21,15,0,,http://ufcstats.com/fighter-details/7aa3d6964eff4877
Vince,Cachero,The Anomaly,"5' 6""",145 lbs.,"68.0""",Orthodox,7,4,0,,http://ufcstats.com/fighter-details/ed2a8cc402173781
Priscila,Cachoeira,Zombie Girl,"5' 7""",135 lbs.,"65.0""",Orthodox,13,8,0,,http://ufcstats.com/fighter-details/b1e5bcaad32a3cac
Yudi,Cahyadi,Sanda,--,145 lbs.,--,,7,2,0,,http://ufcstats.com/fighter-details/8c457cf7da551d4b
Travis,Calanoc,The Dark Knight,"5' 8""",145 lbs.,--,Orthodox,5,1,0,,http://ufcstats.com/fighter-details/90d28fee0af74f2d
Ricky,Calatayud,,"5' 9""",125 lbs.,--,,16,2,0,,http://ufcstats.com/fighter-details/800feaa25700a85f
Lucas,Caldas,,"5' 8""",155 lbs.,"70.0""",Orthodox,6,2,0,,http://ufcstats.com/fighter-details/8661578c8bb80f51
Carlos,Calderon,Chief,"5' 11""",145 lbs.,"71.0""",Southpaw,6,3,0,,http://ufcstats.com/fighter-details/7d4d7583df7eebf9
Darrion,Caldwell,The Wolf,"5' 10""",135 lbs.,--,,10,1,0,,http://ufcstats.com/fighter-details/b7dc25ee40ee8334
Nicolle,Caliari,,"5' 3""",115 lbs.,"62.0""",Orthodox,9,4,0,,http://ufcstats.com/fighter-details/fc0a4053eb8a3a59
Taylor,Callens,,"5' 10""",155 lbs.,--,,6,0,0,,http://ufcstats.com/fighter-details/53d471e9bf5f2fc8
Cynthia,Calvillo,,"5' 4""",115 lbs.,"64.0""",Orthodox,9,6,1,,http://ufcstats.com/fighter-details/98215d037be5bcb7
Joe,Camacho,,"5' 9""",155 lbs.,--,Orthodox,13,19,3,,http://ufcstats.com/fighter-details/dfb965c9824425db
Frank,Camacho,The Crank,"5' 10""",155 lbs.,"73.0""",Orthodox,22,10,0,,http://ufcstats.com/fighter-details/764342d39cdaa54a
Lucas,Camacho,,"6' 4""",265 lbs.,"80.0""",Orthodox,6,1,0,,http://ufcstats.com/fighter-details/71d25689f70e4036
Matheus,Camilo,Jaguar,"5' 10""",155 lbs.,"69.0""",Orthodox,10,3,0,,http://ufcstats.com/fighter-details/72f890c5d421e705
Fabricio,Camoes,Morango,"5' 10""",155 lbs.,"71.0""",Orthodox,14,9,1,,http://ufcstats.com/fighter-details/7abe471b61725980
Chris,Camozzi,,"6' 2""",185 lbs.,"75.0""",Orthodox,24,13,0,,http://ufcstats.com/fighter-details/6c2030e0a143a94b
Brian,Camozzi,Mantis,"6' 2""",170 lbs.,"78.0""",Orthodox,7,5,0,,http://ufcstats.com/fighter-details/1999ffb5cebc314f
Ricky,Camp,2 Slick,"5' 7""",135 lbs.,--,,11,4,0,,http://ufcstats.com/fighter-details/4a99978a0366bb29
Mike,Campbell,The Beast,"5' 9""",155 lbs.,--,Southpaw,13,4,0,,http://ufcstats.com/fighter-details/f5585e675af7afd4
Thomas,Campbell,,--,--,--,,3,3,0,,http://ufcstats.com/fighter-details/d060014a5a039829
Shane,Campbell,Shaolin,"6' 0""",155 lbs.,"71.0""",Orthodox,14,6,0,,http://ufcstats.com/fighter-details/784285b7ae7dd85f
Charlie,Campbell,The Cannibal,"6' 0""",155 lbs.,"72.0""",Orthodox,9,3,0,,http://ufcstats.com/fighter-details/b39f7a6c2be17ee8
Kitt,Campbell,The Killer,"6' 1""",170 lbs.,"73.0""",Orthodox,16,7,0,,http://ufcstats.com/fighter-details/903ef36a6adc09a3
Kurtis,Campbell,,--,--,--,,0,0,0,,http://ufcstats.com/fighter-details/9d51798e61f2e0c7
John,Campetella,,"5' 9""",235 lbs.,--,Orthodox,0,1,0,,http://ufcstats.com/fighter-details/31bbd46d57dfbcb7
Wagner,Campos,Galeto,"5' 6""",145 lbs.,--,Southpaw,12,10,0,,http://ufcstats.com/fighter-details/db6d5f691aea3fd3
Derek,Campos,The Stallion,"5' 9""",155 lbs.,--,,19,6,0,,http://ufcstats.com/fighter-details/aa8dc72b3a1f761c
Will,Campuzano,,"5' 9""",125 lbs.,"70.0""",Orthodox,14,6,0,,http://ufcstats.com/fighter-details/901cddcbfa079097
Aleksa,Camur,,"6' 1""",205 lbs.,"74.0""",Orthodox,6,3,0,,http://ufcstats.com/fighter-details/c2a670b22d2e196f
Chico,Camus,The King,"5' 6""",125 lbs.,"66.0""",Orthodox,17,7,0,,http://ufcstats.com/fighter-details/32be4b7f7de1c905
Asbel,Cancio,,"5' 10""",225 lbs.,--,,0,1,0,,http://ufcstats.com/fighter-details/2a7afe14b3a0a058
Carlos,Candelario,The Cannon,"5' 8""",125 lbs.,"68.0""",Southpaw,8,3,0,,http://ufcstats.com/fighter-details/760a55d5b6098cbe
Ronaldo,Candido,Pacman,"5' 6""",125 lbs.,--,Southpaw,6,0,0,,http://ufcstats.com/fighter-details/23fbe02caabcd214
Luiz,Cane,Banha,"6' 2""",185 lbs.,"77.0""",Southpaw,17,7,0,,http://ufcstats.com/fighter-details/24b033b3daf1c9df
Guido,Cannetti,Ninja,"5' 6""",135 lbs.,"68.0""",Southpaw,10,8,0,,http://ufcstats.com/fighter-details/d05412b513b19621
Jared,Cannonier,The Killa Gorilla,"5' 11""",185 lbs.,"77.0""",Switch,18,9,0,,http://ufcstats.com/fighter-details/13a0275fa13c4d26
Jose,Canseco,,"6' 4""",240 lbs.,--,Orthodox,0,1,0,,http://ufcstats.com/fighter-details/03da33a102d9a45f
Cody,Canterbury,,"5' 8""",155 lbs.,--,,1,10,0,,http://ufcstats.com/fighter-details/23100e8f71f25a4a
Bo,Cantrell,Redrum,"6' 2""",235 lbs.,--,Orthodox,10,10,0,,http://ufcstats.com/fighter-details/6750e338922a099d
Steve,Cantwell,The Robot,"6' 2""",185 lbs.,"75.0""",Orthodox,7,6,0,,http://ufcstats.com/fighter-details/f1f9e48a0d150757
Paul,Capaldo,,"5' 7""",135 lbs.,--,,6,0,0,,http://ufcstats.com/fighter-details/83b8fe74224dd642
Phil,Caracappa,The Hitman,"5' 8""",135 lbs.,"70.0""",Orthodox,6,1,0,,http://ufcstats.com/fighter-details/bd81a97864acf098
Frank,Caracci,,--,--,--,,2,3,0,,http://ufcstats.com/fighter-details/44f9c777fed7ca03
Gina,Carano,Conviction,"5' 8""",145 lbs.,--,Orthodox,7,1,0,,http://ufcstats.com/fighter-details/899eaba48fa864a6
Dos,Caras Jr.,,"6' 4""",225 lbs.,--,Orthodox,9,5,0,,http://ufcstats.com/fighter-details/155a02a8b4311057
Bryan,Caraway,Kid Lightning,"5' 8""",135 lbs.,"68.0""",Orthodox,21,9,0,,http://ufcstats.com/fighter-details/5ef0088c1b19beeb
Remo,Cardarelli,,--,135 lbs.,--,,7,5,0,,http://ufcstats.com/fighter-details/e5512a6aed150d8f
Phil,Cardella,,"5' 11""",155 lbs.,--,,8,5,0,,http://ufcstats.com/fighter-details/f6a7b02c42e9fc5b
Edgar,Cardenas,Kitty Katt,--,145 lbs.,--,,4,1,0,,http://ufcstats.com/fighter-details/99a86b134dccc166
Chris,Cariaso,Kamikaze,"5' 3""",125 lbs.,"64.0""",Southpaw,17,8,0,,http://ufcstats.com/fighter-details/b2e3aca4cd363477
Ronald,Carillo,,--,125 lbs.,--,,4,2,0,,http://ufcstats.com/fighter-details/cbd022eaf2ac546a
Rafael,Carino,,"6' 8""",245 lbs.,--,Orthodox,2,1,1,,http://ufcstats.com/fighter-details/08a7080ff5904661
Don,Carlo-Clauss,,--,170 lbs.,--,,10,7,0,,http://ufcstats.com/fighter-details/f59a6de8a5dfe297
Antonio,Carlos Junior,Cara de Sapato,"6' 2""",185 lbs.,"79.0""",Orthodox,11,5,0,,http://ufcstats.com/fighter-details/52e76bb4b3e852f3
Spike,Carlyle,Alpha Ginger,"5' 8""",145 lbs.,"71.0""",Switch,9,3,0,,http://ufcstats.com/fighter-details/be68b375707dcb85
Francis,Carmont,Limitless,"6' 3""",205 lbs.,"78.0""",Orthodox,25,12,0,,http://ufcstats.com/fighter-details/3591d0d5d382a381
Liz,Carmouche,Girlrilla,"5' 6""",125 lbs.,"66.0""",Orthodox,13,7,0,,http://ufcstats.com/fighter-details/51a0c09cbe9b8472
Roan,Carneiro,Jucao,"5' 11""",170 lbs.,"76.0""",Orthodox,21,11,0,,http://ufcstats.com/fighter-details/1c86754617d9813a
Ariane,Carnelossi,Sorriso,"5' 2""",115 lbs.,"61.0""",Orthodox,15,4,0,,http://ufcstats.com/fighter-details/c0d5c0c95c59050b
Luana,Carolina,Dread,"5' 6""",135 lbs.,"69.0""",Orthodox,11,5,0,,http://ufcstats.com/fighter-details/528b071cf3da7c56
Tim,Caron,The Bear,"6' 1""",185 lbs.,--,Orthodox,7,1,0,,http://ufcstats.com/fighter-details/b80ea4880f25c187
Clayton,Carpenter,,"5' 6""",125 lbs.,"66.0""",Orthodox,8,3,0,,http://ufcstats.com/fighter-details/b62d5280966b2460
Gabriel,Carrasco,,"5' 6""",135 lbs.,--,,7,0,0,,http://ufcstats.com/fighter-details/89ed44801968b8e3
Cody,Carrillo,,"5' 10""",155 lbs.,--,,11,16,0,,http://ufcstats.com/fighter-details/9346efb4bbaedd08
Cain,Carrizosa,The Insane,"5' 8""",155 lbs.,--,Orthodox,10,3,0,,http://ufcstats.com/fighter-details/064b7dc68d786254
Roger,Carroll,The Leprechaun,"5' 10""",170 lbs.,--,,16,14,0,,http://ufcstats.com/fighter-details/572a89dbe1f76761
Jonny,Carson,,"5' 10""",155 lbs.,--,,11,7,0,,http://ufcstats.com/fighter-details/0d49ddc07bd8c747
Scott,Carson,,"6' 2""",215 lbs.,--,,4,2,0,,http://ufcstats.com/fighter-details/1e3302f9ab6f549a
Shonie,Carter,Mr. International,"5' 10""",170 lbs.,--,Southpaw,51,31,7,,http://ufcstats.com/fighter-details/7b6e40a73b567072
Jack,Cartwright,,"5' 9""",135 lbs.,"68.0""",Orthodox,10,1,0,,http://ufcstats.com/fighter-details/1f592bfefb0d62a3
Bruno,Carvalho,,"5' 8""",154 lbs.,--,,10,5,0,,http://ufcstats.com/fighter-details/456c02115efc4a01
Antonio,Carvalho,Pato,"5' 9""",145 lbs.,"70.0""",Orthodox,15,6,0,,http://ufcstats.com/fighter-details/fef3d17e27e916e7
Rafael,Carvalho,,"6' 3""",185 lbs.,--,,14,1,0,,http://ufcstats.com/fighter-details/620d8710e89cfeae
Shane,Carwin,The Engineer,"6' 2""",265 lbs.,"80.0""",Orthodox,12,2,0,,http://ufcstats.com/fighter-details/68dd7b3783c19f9c
Johnny,Case,Hollywood,"5' 10""",155 lbs.,"72.0""",Orthodox,22,6,0,,http://ufcstats.com/fighter-details/1f4b04a926ef1287
Kevin,Casey,King,"5' 11""",185 lbs.,"77.0""",Southpaw,9,5,2,,http://ufcstats.com/fighter-details/8d9586726252dbf7
Cortney,Casey,Cast Iron,"5' 7""",125 lbs.,"67.0""",Orthodox,10,10,0,,http://ufcstats.com/fighter-details/5f179af5fffeb9f6
Brandon,Cash,Money,"6' 5""",255 lbs.,--,Orthodox,10,4,0,,http://ufcstats.com/fighter-details/3993f7dcb7caf42a
Bendy,Casimir,,"5' 5""",145 lbs.,--,Southpaw,20,14,2,,http://ufcstats.com/fighter-details/ec7ac09293d26c05
Dwayne,Cason,,"5' 10""",212 lbs.,--,Orthodox,1,1,0,,http://ufcstats.com/fighter-details/31c01fbc2586a5eb
Joe,Cason,,"6' 3""",205 lbs.,--,,9,1,0,,http://ufcstats.com/fighter-details/2b1c6f28039efe36
John,Castaneda,Sexi Mexi,"5' 6""",135 lbs.,"71""",Switch,21,8,1,,http://ufcstats.com/fighter-details/5fa2974cbd18e05c
Eric,Castile,,"5' 8""",145 lbs.,--,,3,2,0,,http://ufcstats.com/fighter-details/a0a69dc9914ef6e1
Gil,Castillo,,"5' 9""",170 lbs.,--,Southpaw,8,5,0,,http://ufcstats.com/fighter-details/31ceaf0e670c1578
Danny,Castillo,Last Call,"5' 9""",155 lbs.,"71.0""",Orthodox,17,10,0,,http://ufcstats.com/fighter-details/d1e7fc58d4225cdf
Raul,Castillo,,"5' 11""",185 lbs.,--,Orthodox,7,1,0,,http://ufcstats.com/fighter-details/feeae92f951f49a9
Jenna,Castillo,,"5' 2""",125 lbs.,--,,1,0,0,,http://ufcstats.com/fighter-details/e680418329c84ec4
Tim,Catalfo,Obake,"5' 11""",235 lbs.,--,Orthodox,4,2,0,,http://ufcstats.com/fighter-details/6ca68b636fbc1f18
Nick,Catone,The Jersey Devil,"6' 0""",185 lbs.,"72.0""",Southpaw,10,4,0,,http://ufcstats.com/fighter-details/f8fe2053d73d7bcf
Luke,Caudillo,Lil' Hulk,"5' 7""",155 lbs.,--,Orthodox,17,17,0,,http://ufcstats.com/fighter-details/68d76fd9ecf7431d
Gesias,Cavalcante,JZ,"5' 8""",155 lbs.,"71.0""",Orthodox,21,10,1,,http://ufcstats.com/fighter-details/2a74bbba57058f12
Rafael,Cavalcante,Feijao,"6' 1""",205 lbs.,"74.0""",Orthodox,12,7,0,,http://ufcstats.com/fighter-details/5c1ca0c72b599a3c
Jacqueline,Cavalcanti,,"5' 8""",135 lbs.,"70.0""",Orthodox,10,2,0,,http://ufcstats.com/fighter-details/e3964ece586e0635
Igor,Cavalcanti,Jacare,"5' 11""",170 lbs.,"79.0""",Orthodox,9,1,0,,http://ufcstats.com/fighter-details/9c3de7f8966326de
Magnus,Cedenblad,Jycken,"6' 5""",185 lbs.,"79.0""",Orthodox,14,5,0,,http://ufcstats.com/fighter-details/0e21976afc92e4d1
Yosdenis,Cedeno,Pink Panther,"5' 8""",155 lbs.,"69.0""",Orthodox,10,6,1,,http://ufcstats.com/fighter-details/3e61082025db8137
Henry,Cejudo,Triple C,"5' 4""",135 lbs.,"64.0""",Orthodox,16,6,0,,http://ufcstats.com/fighter-details/056c493bbd76a918
Adam,Cella,El Naturel,"6' 2""",170 lbs.,--,,6,8,0,,http://ufcstats.com/fighter-details/b27b8881d7444114
Vinicius,Cenci,Chambinho,"6' 1""",155 lbs.,"74.0""",Orthodox,7,2,0,,http://ufcstats.com/fighter-details/f21a152aaa3e95c6
Vlasto,Cepo,El Chapo,--,185 lbs.,--,,14,3,0,,http://ufcstats.com/fighter-details/025c1ee70b2cedf4
Katlyn,Cerminara,Blonde Fighter,"5' 9""",125 lbs.,"68""",Orthodox,18,6,0,,http://ufcstats.com/fighter-details/e872e9a9a902c045
Rafael,Cerqueira,The Lion,"6' 3""",205 lbs.,"76.0""",Southpaw,11,4,0,,http://ufcstats.com/fighter-details/09a4447655fd4b7b
Donald,Cerrone,Cowboy,"6' 1""",155 lbs.,"73.0""",Orthodox,36,17,0,,http://ufcstats.com/fighter-details/1d00756835ca67c9
Jared,Chaffee,,"5' 10""",155 lbs.,--,,5,2,0,,http://ufcstats.com/fighter-details/fdf59144e535bc38
Luan,Chagas,Tarzan,"6' 0""",170 lbs.,"75.0""",Orthodox,15,3,1,,http://ufcstats.com/fighter-details/9ccf8371fd80d45d
Dagiisuren,Chagnaadorj,,--,145 lbs.,--,,10,2,0,,http://ufcstats.com/fighter-details/70186298465de3f3
Edgar,Chairez,Puro Chicali,"5' 7""",125 lbs.,"71""",Orthodox,14,6,0,,http://ufcstats.com/fighter-details/5ef94841c4bc3f86
Ansar,Chalangov,,"5' 9""",170 lbs.,--,Orthodox,14,5,0,,http://ufcstats.com/fighter-details/7342fcc41a4817fa
Alex,Chambers,Astro Girl,"5' 3""",115 lbs.,"63.0""",Southpaw,5,5,0,,http://ufcstats.com/fighter-details/26b63bc5c0c1f65d
Michael,Chandler,Iron,"5' 8""",155 lbs.,"71.0""",Orthodox,23,10,0,,http://ufcstats.com/fighter-details/4b93a88f3b1de35b
Chelsea,Chandler,,"5' 8""",135 lbs.,"68""",Southpaw,7,4,0,,http://ufcstats.com/fighter-details/af9efbfd63d39734
Eduardo,Chapolin,,"5' 7""",125 lbs.,"67.0""",Orthodox,15,2,0,,http://ufcstats.com/fighter-details/62f3039da2f92a8c
Donnie,Chappell,,"5' 11""",178 lbs.,--,Southpaw,0,1,0,,http://ufcstats.com/fighter-details/8788beb528894f33
Joe,Charles,The Ghetto Man,"6' 1""",260 lbs.,--,Southpaw,6,13,0,,http://ufcstats.com/fighter-details/19ffeb5e3fffd6d5
Dan,Charles,The Man,"6' 2""",228 lbs.,--,,10,6,1,,http://ufcstats.com/fighter-details/32a4f1235f0dad73
Morgan,Charriere,The Last Pirate,"5' 8""",145 lbs.,"69""",Orthodox,21,12,1,,http://ufcstats.com/fighter-details/5b03b61f9d90125e
Jeisla,Chaves,A Braba,"5' 6""",125 lbs.,"68.0""",Orthodox,7,0,0,,http://ufcstats.com/fighter-details/8061a3136026a673
Ernest,Chavez,EJ,"5' 8""",145 lbs.,"70.0""",Orthodox,10,2,0,,http://ufcstats.com/fighter-details/b406da701c479076
Emilio,Chavez,,"5' 9""",145 lbs.,--,,12,9,0,,http://ufcstats.com/fighter-details/84e8920e59ff14a7
Danny,Chavez,The Colombian Warrior,"5' 8""",145 lbs.,"67.0""",Orthodox,11,5,1,,http://ufcstats.com/fighter-details/0de720c0f1d4ab9c
Gabriel,Checco,Zangief,"6' 1""",185 lbs.,--,Switch,10,2,0,,http://ufcstats.com/fighter-details/9c5f7d5c6d084b35
Albert,Cheng,,"5' 11""",170 lbs.,--,Orthodox,7,4,0,,http://ufcstats.com/fighter-details/d8d7b24d276c8cb0
Fabio,Cherant,Water Buffalo,"6' 1""",205 lbs.,"74.0""",Southpaw,7,4,0,,http://ufcstats.com/fighter-details/78a68f1dade6aaf7
Ion,Cherdivara,,--,205 lbs.,--,,1,1,0,,http://ufcstats.com/fighter-details/c713a845360d604b
Mark,Cherico,The Pride of Bloomfield,"5' 7""",145 lbs.,"69.0""",Orthodox,11,1,0,,http://ufcstats.com/fighter-details/79a193111e3bc99b
Macy,Chiasson,,"5' 11""",135 lbs.,"72.0""",Orthodox,11,6,0,,http://ufcstats.com/fighter-details/9cdd2da1a9104a0b
Michael,Chiesa,Maverick,"6' 1""",170 lbs.,"75.0""",Southpaw,20,7,0,,http://ufcstats.com/fighter-details/c58f51dedb310998
Giga,Chikadze,Ninja,"6' 0""",145 lbs.,"74""",Orthodox,15,6,0,,http://ufcstats.com/fighter-details/9560ff14eb3129f7
Khamzat,Chimaev,Borz,"6' 2""",185 lbs.,"75.0""",Orthodox,15,1,0,,http://ufcstats.com/fighter-details/767755fd74662dbf
Sako,Chivitchian,,"5' 11""",155 lbs.,--,Orthodox,8,1,0,,http://ufcstats.com/fighter-details/9f7787e56a6bc0f4
Mu Bae,Choi,,"6' 2""",230 lbs.,--,Orthodox,12,6,0,,http://ufcstats.com/fighter-details/371a1c91b24dec2b
Hong Man,Choi,Techno Goliath,"7' 2""",330 lbs.,--,Orthodox,4,5,0,,http://ufcstats.com/fighter-details/2c104b7e59a72629
Dooho,Choi,The Korean Superboy,"5' 10""",145 lbs.,"70""",Orthodox,17,4,1,,http://ufcstats.com/fighter-details/e93b04e308913c2e
SeungWoo,Choi,Sting,"6' 0""",145 lbs.,"74.0""",Orthodox,11,8,0,,http://ufcstats.com/fighter-details/a68575214ecad140
SeungGuk,Choi,,"5' 6""",125 lbs.,"64.0""",Orthodox,7,3,0,,http://ufcstats.com/fighter-details/adccbc19b22e19af
DongHun,Choi,,"5' 5""",125 lbs.,"66.0""",Switch,9,0,0,,http://ufcstats.com/fighter-details/3be16d817b36098b
Mark,Choinski,The Shark,"5' 8""",155 lbs.,"69.0""",Orthodox,8,1,0,,http://ufcstats.com/fighter-details/001eb2ab0f30e7ea
John,Cholish,,"5' 11""",155 lbs.,"74.0""",Orthodox,8,3,0,,http://ufcstats.com/fighter-details/03c9994c5b8958ec
Ryo,Chonan,Piranah,"5' 9""",170 lbs.,"70.0""",Orthodox,22,13,0,,http://ufcstats.com/fighter-details/55a7b2d4e54ffac9
Will,Chope,The Kill,"6' 4""",145 lbs.,--,Switch,34,13,0,,http://ufcstats.com/fighter-details/db5dc7cb80d7d418
Cody,Chovancek,The Best Fisherman in MMA,"5' 8""",135 lbs.,"67.0""",Switch,9,0,0,,http://ufcstats.com/fighter-details/3c4320a1b6106611
Joachim,Christensen,,"6' 3""",205 lbs.,"76.0""",Orthodox,14,6,0,,http://ufcstats.com/fighter-details/2d447cc91bdaa545
Kevin,Christian,,"6' 7""",205 lbs.,"80.0""",Orthodox,9,4,0,,http://ufcstats.com/fighter-details/7e9b36a9847db116
Dan,Christison,The Sandman,"6' 8""",265 lbs.,--,Orthodox,20,7,0,,http://ufcstats.com/fighter-details/b369533a577fa97c
Anthony,Christodoulou,,"5' 9""",155 lbs.,--,Orthodox,12,7,0,,http://ufcstats.com/fighter-details/4f11e9ce318ffbcb
Murad,Chunkaiev,,"5' 11""",185 lbs.,--,Orthodox,8,4,0,,http://ufcstats.com/fighter-details/d4a12dfa4067742f
Cameron,Church,,"5' 11""",155 lbs.,"72.0""",Orthodox,4,1,0,,http://ufcstats.com/fighter-details/f197ce0cbe69996d
Steven,Ciaccio,Stryker,"6' 0""",170 lbs.,--,,4,4,0,,http://ufcstats.com/fighter-details/eaebaa6801338ea1
Mike,Ciesnolevicz,,"6' 0""",235 lbs.,--,Orthodox,19,4,0,,http://ufcstats.com/fighter-details/51b0bb73a1da34bc
Hannah,Cifers,Shockwave,"5' 1""",115 lbs.,"62.0""",Orthodox,10,7,0,,http://ufcstats.com/fighter-details/2244d9a2b64b8c3b
Branko,Cikatic,,"6' 1""",215 lbs.,--,Orthodox,0,2,0,,http://ufcstats.com/fighter-details/4e5bbc4566049cbf
Nikolajus,Cilkinas,,--,--,--,Orthodox,2,6,0,,http://ufcstats.com/fighter-details/3f3550bf126a5721
Misha,Cirkunov,,"6' 3""",205 lbs.,"77.0""",Orthodox,15,9,0,,http://ufcstats.com/fighter-details/67f272324a030d00
Johnny,Cisneros,The Tattooed Terror,"5' 11""",170 lbs.,--,,9,6,0,,http://ufcstats.com/fighter-details/42611508ba8c3298
Laverne,Clark,,"5' 11""",170 lbs.,--,Orthodox,27,21,1,,http://ufcstats.com/fighter-details/1c2f2571b18791b6
Logan,Clark,,"6' 2""",185 lbs.,--,Orthodox,18,6,0,,http://ufcstats.com/fighter-details/6776260cb0aef647
Mychal,Clark,,"6' 3""",224 lbs.,--,Orthodox,10,14,0,,http://ufcstats.com/fighter-details/69108cb8b32efe04
Dominic,Clark,,"5' 10""",155 lbs.,--,,10,7,0,,http://ufcstats.com/fighter-details/8a64b3f87ad29d1e
Heather,Clark,Hurricane,"5' 6""",115 lbs.,"64.0""",Orthodox,7,6,0,,http://ufcstats.com/fighter-details/dd4c16777fb2ccf9
Devin,Clark,Brown Bear,"6' 0""",205 lbs.,"75.0""",Orthodox,14,9,0,,http://ufcstats.com/fighter-details/cc7040fe76f0ef91
Jessica-Rose,Clark,,"5' 5""",135 lbs.,"64.0""",Orthodox,11,9,0,,http://ufcstats.com/fighter-details/6c8072b61c276e67
Shannon,Clark,MMA Barbie,"5' 5""",125 lbs.,"64.0""",Orthodox,5,1,0,,http://ufcstats.com/fighter-details/7ae36b3791e0969a
John,Clarke,,--,170 lbs.,--,,1,1,0,,http://ufcstats.com/fighter-details/a77c71a574132188
Mitch,Clarke,Danger Zone,"5' 10""",155 lbs.,"73.0""",Orthodox,11,5,0,,http://ufcstats.com/fighter-details/c76ec2bc3a57666a
Rich,Clementi,No Love,"5' 9""",155 lbs.,"72.0""",Southpaw,45,23,1,,http://ufcstats.com/fighter-details/7d21de9c6d7c98b2
Chris,Clements,The Menace,"5' 10""",170 lbs.,"70.0""",Orthodox,12,6,0,,http://ufcstats.com/fighter-details/e5ecaf884b6da2bc
RJ,Clifford,,--,160 lbs.,--,,4,3,0,,http://ufcstats.com/fighter-details/8e32bfcff3ec1717
Mark,Climaco,,"5' 4""",125 lbs.,"65.0""",Southpaw,9,2,0,,http://ufcstats.com/fighter-details/60098849c703e389
Josh,Clopton,The Gentleman,"5' 6""",145 lbs.,--,Orthodox,6,2,1,,http://ufcstats.com/fighter-details/48e96d9cea6d4ab0
Brian,Cobb,,"5' 11""",155 lbs.,--,Orthodox,20,9,0,,http://ufcstats.com/fighter-details/3138fab619faf4d1
Darryl,Cobb,,"5' 9""",185 lbs.,--,,6,8,0,,http://ufcstats.com/fighter-details/dc6d8256ee3dfba5
Dave,Cochran,,"5' 6""",155 lbs.,--,,26,29,1,,http://ufcstats.com/fighter-details/6dbb1107de9a4a08
Dakota,Cochrane,,"5' 8""",155 lbs.,--,,29,12,0,,http://ufcstats.com/fighter-details/8fa7e0bc052185ce
Marloes,Coenen,,"5' 9""",145 lbs.,"67.0""",,23,8,0,,http://ufcstats.com/fighter-details/0b77a05bcbd2de74
Marc,Cofer,,--,185 lbs.,--,,7,5,0,,http://ufcstats.com/fighter-details/e90d9d0681270953
John,Cofer,The Potter,"5' 9""",155 lbs.,--,Southpaw,8,4,0,,http://ufcstats.com/fighter-details/8b260672a21d1fd6
Chris,Coggins,,--,--,--,,7,10,0,,http://ufcstats.com/fighter-details/a0c29b13f7a5df32
Felipe,Colares,Cabocao,"5' 8""",145 lbs.,"69.0""",Orthodox,10,4,0,,http://ufcstats.com/fighter-details/dbac0a413af64bbe
Wayne,Cole,,"6' 1""",205 lbs.,--,Orthodox,16,25,0,,http://ufcstats.com/fighter-details/2eab7a6c8b0ed8cc
Devin,Cole,,"6' 4""",240 lbs.,--,Orthodox,20,10,1,,http://ufcstats.com/fighter-details/1174782eacde9b0c
Coltin,Cole,,--,185 lbs.,--,,4,5,0,,http://ufcstats.com/fighter-details/cecd72feb0d640e3
Ivan,Cole,JP,"5' 9""",135 lbs.,--,,2,3,0,,http://ufcstats.com/fighter-details/987b80f57190d6d0
Chandler,Cole,The Hammer,"5' 10""",264 lbs.,"72.0""",Orthodox,10,4,0,,http://ufcstats.com/fighter-details/5d8a9c95af50280a
Mark,Coleman,The Hammer,"6' 1""",205 lbs.,"75.0""",Orthodox,16,10,0,,http://ufcstats.com/fighter-details/21b8a0f5c231096f
Cortez,Coleman,Hollywood,"6' 1""",185 lbs.,--,,13,8,0,,http://ufcstats.com/fighter-details/ffb20ae0db47ebe6
Clay,Collard,Cassius,"5' 11""",145 lbs.,"73.0""",Orthodox,14,7,0,,http://ufcstats.com/fighter-details/cc900c6a71ed23f3
Jamie,Colleen,,"5' 3""",115 lbs.,"65.0""",Orthodox,4,1,0,,http://ufcstats.com/fighter-details/6b64db453edf4c50
Jake,Collier,The Prototype,"6' 3""",230 lbs.,"78.0""",Orthodox,13,10,0,,http://ufcstats.com/fighter-details/92fa1401b7927da3
Christian,Colombo,,"6' 5""",265 lbs.,--,Orthodox,8,3,1,,http://ufcstats.com/fighter-details/9123c54d0a2b72dd
Willian,Colorado,,"5' 10""",135 lbs.,"72.0""",,11,1,0,,http://ufcstats.com/fighter-details/dfc7f0a2d91ad337
Wes,Combs,The Soldier,"6' 2""",205 lbs.,--,Orthodox,20,6,0,,http://ufcstats.com/fighter-details/a85998eb79650b2c
Rose,Conceicao,,"4' 7""",115 lbs.,"65.0""",Orthodox,7,1,0,,http://ufcstats.com/fighter-details/a76c07e8e4c76e9a
Roque,Conceicao,,"5' 4""",125 lbs.,"67.0""",Orthodox,10,3,0,,http://ufcstats.com/fighter-details/b4ebc1539a08054b
Carlos,Condit,The Natural Born Killer,"6' 2""",170 lbs.,"75.0""",Orthodox,32,14,0,,http://ufcstats.com/fighter-details/f9f07bb5a43535ed
Chris,Condo,,"6' 0""",335 lbs.,--,Orthodox,0,1,0,,http://ufcstats.com/fighter-details/41e77dc504a192c6
Jack,Congdon,.50 Cal,"6' 2""",170 lbs.,"75.0""",Switch,7,2,0,,http://ufcstats.com/fighter-details/c44530d3969134a3
Tristan,Connelly,Boondock,"5' 10""",145 lbs.,"68.0""",Orthodox,14,8,0,,http://ufcstats.com/fighter-details/2ebfbe72ed703925
Marcos,Conrado Jr.,,"6' 2""",220 lbs.,--,Orthodox,5,1,0,,http://ufcstats.com/fighter-details/d450769115a193c2
Jeremiah,Constant,,"6' 1""",240 lbs.,--,Orthodox,11,8,0,,http://ufcstats.com/fighter-details/18f5669a92e99d92
Jonathan,Contrestano,JT,--,155 lbs.,--,,6,0,0,,http://ufcstats.com/fighter-details/06d4eb8123087123
Bob,Cook,Crazy,"5' 9""",170 lbs.,--,Orthodox,5,0,0,,http://ufcstats.com/fighter-details/1c061eb6e29eaa0a
Mike,Cook,,"6' 1""",205 lbs.,--,Orthodox,13,13,0,,http://ufcstats.com/fighter-details/3ab0df1ddd5f1dc2
Chad,Cook,,"6' 2""",205 lbs.,--,,10,12,0,,http://ufcstats.com/fighter-details/e6daf9cdbf0da889
TJ,Cook,,--,205 lbs.,--,,13,5,0,,http://ufcstats.com/fighter-details/fa238ecfd048f7d8
Dewey,Cooper,The Black Cobra,--,205 lbs.,--,,2,1,0,,http://ufcstats.com/fighter-details/5efaaf313b652dd7
Brett,Cooper,,"6' 0""",170 lbs.,--,Orthodox,23,12,0,,http://ufcstats.com/fighter-details/88ffe9745e218dd8
Bill,Cooper,,--,155 lbs.,--,,2,1,0,,http://ufcstats.com/fighter-details/78bd6940d093fd33
Bobby,Cooper,Super Duper,"6' 1""",155 lbs.,--,,12,7,0,,http://ufcstats.com/fighter-details/1b51895e5572cfda
Amanda,Cooper,ABC,"5' 3""",115 lbs.,"64.0""",Switch,3,5,0,,http://ufcstats.com/fighter-details/d4a31850a7457f1b
Kit,Cope,Havoc,"6' 0""",170 lbs.,--,Orthodox,6,7,0,,http://ufcstats.com/fighter-details/ce47f49e5c386a9c
Chris,Cope,C-Murder,"6' 0""",170 lbs.,"72.0""",Orthodox,8,4,0,,http://ufcstats.com/fighter-details/8c8c92a12621d7e0
Josh,Copeland,Cuddly Bear,"6' 1""",265 lbs.,--,Orthodox,12,4,0,,http://ufcstats.com/fighter-details/3aa794cbe1e3484b
Michael,Cora,Kookie Monster,"6' 1""",170 lbs.,"77.0""",Southpaw,4,1,0,,http://ufcstats.com/fighter-details/2b91eff985b532cd
Akira,Corassani,,"5' 8""",145 lbs.,"68.0""",Orthodox,12,6,0,,http://ufcstats.com/fighter-details/3f52ce18fb98008f
Muhsin,Corbbrey,,"5' 10""",155 lbs.,--,Orthodox,17,9,0,,http://ufcstats.com/fighter-details/1f9344211ca7fd60
Alden,Coria,Cobra,"5' 8""",125 lbs.,"67""",Orthodox,13,3,0,,http://ufcstats.com/fighter-details/5e9ca8dd7d783a75
Daniel,Cormier,DC,"5' 11""",235 lbs.,"72.0""",Orthodox,22,3,0,,http://ufcstats.com/fighter-details/d967f0128c323de6
Nora,Cornolle,,"5' 7""",135 lbs.,"67""",Orthodox,9,4,0,,http://ufcstats.com/fighter-details/f2b3f4ef3f780168
Clint,Coronel,,--,155 lbs.,--,,2,5,0,,http://ufcstats.com/fighter-details/fe67cd6423f7a8ad
Henry,Corrales,,"5' 9""",145 lbs.,--,,13,3,0,,http://ufcstats.com/fighter-details/7cb0946d51b8cde7
Bethe,Correia,Pitbull,"5' 5""",135 lbs.,"64.0""",Orthodox,11,6,1,,http://ufcstats.com/fighter-details/673ea7dcc786b1b3
Wesley,Correira,Cabbage,"6' 3""",260 lbs.,--,Orthodox,20,16,0,,http://ufcstats.com/fighter-details/4e9fb05d7e5e61b8
Waldo,Cortes Acosta,Salsa Boy,"6' 4""",260 lbs.,"78""",Orthodox,17,3,0,,http://ufcstats.com/fighter-details/fc08099550072fe4
Tracy,Cortez,,"5' 5""",125 lbs.,"65.0""",Orthodox,12,3,0,,http://ufcstats.com/fighter-details/68d4a891e5cf2029
Reyes,Cortez Jr.,,"5' 7""",135 lbs.,"68.0""",Orthodox,7,3,0,,http://ufcstats.com/fighter-details/1a7d44196949577c
Chad,Corvin,The Brave Warrior,"6' 5""",255 lbs.,--,,5,0,0,,http://ufcstats.com/fighter-details/1267b631db78665a
Louis,Cosce,,"5' 9""",170 lbs.,"71.0""",Orthodox,7,2,0,,http://ufcstats.com/fighter-details/afe8d5b39ff7fca2
Orion,Cosce,Galaxy,"5' 11""",170 lbs.,"71.0""",Switch,8,2,0,,http://ufcstats.com/fighter-details/2c010b26a3306969
Miguel,Cosio,,"6' 4""",205 lbs.,--,,1,13,0,,http://ufcstats.com/fighter-details/d150c6fbdb7687f4
Jadson,Costa,,"5' 7""",155 lbs.,--,Orthodox,22,8,0,,http://ufcstats.com/fighter-details/222d6b547de2e035
Guilherme,Costa,The Prodigy,--,155 lbs.,--,,7,1,0,,http://ufcstats.com/fighter-details/28877eddb1c0b967
Paulo,Costa,The Eraser,"6' 1""",205 lbs.,"72.0""",Orthodox,16,4,0,,http://ufcstats.com/fighter-details/2e5c2aa8e4ab9d82
Randy,Costa,The Zohan,"5' 9""",135 lbs.,"73.0""",Switch,6,4,0,,http://ufcstats.com/fighter-details/325ad0dd9126d3df
Alessandro,Costa,Nono,"5' 4""",125 lbs.,"67.0""",Orthodox,15,5,0,,http://ufcstats.com/fighter-details/3fa97913cfd205d3
Melquizael,Costa,The Dalmatian,"5' 10""",145 lbs.,"71.0""",Southpaw,26,8,0,,http://ufcstats.com/fighter-details/20bccc9bb4ceb23e
Vitor,Costa,,"6' 2""",185 lbs.,"75.0""",Orthodox,8,2,0,,http://ufcstats.com/fighter-details/c41cbb5bf944ca54
Oscar,Cota,Elevation,"6' 0""",230 lbs.,"72.0""",Orthodox,11,3,0,,http://ufcstats.com/fighter-details/f584a6e0b5b74604
Patrick,Cote,The Predator,"5' 11""",170 lbs.,"75.0""",Orthodox,23,11,0,,http://ufcstats.com/fighter-details/9fa3bd637edd9aa2
JC,Cottrell,,"5' 9""",155 lbs.,--,Orthodox,17,5,0,,http://ufcstats.com/fighter-details/3ec1e4ba98c9c85a
JR,Coughran,Bam Bam,"5' 6""",145 lbs.,--,Orthodox,4,1,0,,http://ufcstats.com/fighter-details/8112c9a23dccc759
Rashad,Coulter,Daywalker,"5' 11""",205 lbs.,"76.0""",Orthodox,9,4,0,,http://ufcstats.com/fighter-details/d1528ac5675558b1
Dave,Courchaine,,"5' 8""",170 lbs.,--,,20,7,0,,http://ufcstats.com/fighter-details/79ab17db3b40831a
Randy,Couture,The Natural,"6' 1""",205 lbs.,"75.0""",Orthodox,19,11,0,,http://ufcstats.com/fighter-details/0aa92558424ced9e
Kim,Couture,Sugar Free,"5' 8""",135 lbs.,--,Orthodox,3,8,0,,http://ufcstats.com/fighter-details/84c43f0d25f15b0b
Ryan,Couture,,"5' 10""",155 lbs.,"73.0""",Orthodox,11,5,0,,http://ufcstats.com/fighter-details/46fd223e3ced39b3
Nikk,Covert,The Brick,"5' 8""",185 lbs.,--,,3,4,0,,http://ufcstats.com/fighter-details/400c7b43c86d27d3
Colby,Covington,Chaos,"5' 11""",170 lbs.,"72.0""",Orthodox,17,5,0,,http://ufcstats.com/fighter-details/dc9572dd6ec74859
Hailey,Cowan,All Hail,"5' 8""",135 lbs.,"67.0""",Southpaw,7,5,0,,http://ufcstats.com/fighter-details/3c26c420584d912d
Jeff,Cox,The Grinder,"5' 10""",155 lbs.,--,Orthodox,10,7,0,,http://ufcstats.com/fighter-details/c9bbf1a0285a8076
Nathan,Coy,Soulforce,"5' 10""",170 lbs.,"69.0""",Southpaw,15,7,0,,http://ufcstats.com/fighter-details/15ec018d144710db
Andrew,Craig,Highlight,"6' 1""",170 lbs.,"76.0""",Orthodox,9,4,0,,http://ufcstats.com/fighter-details/8a70ceb3edbe757b
Paul,Craig,Bearjew,"6' 3""",205 lbs.,"76.0""",Orthodox,17,10,1,,http://ufcstats.com/fighter-details/eabf206b162b3b83
Dan,Cramer,,"6' 2""",170 lbs.,--,Orthodox,11,4,0,,http://ufcstats.com/fighter-details/480b702debcb5433
Alberto,Crane,,"5' 5""",155 lbs.,--,Orthodox,15,5,0,,http://ufcstats.com/fighter-details/25433871e4eee0f4
Tim,Credeur,,"6' 3""",185 lbs.,"75.0""",Orthodox,12,4,0,,http://ufcstats.com/fighter-details/89b8d1bf1ff09d1d
Paul,Creighton,,"5' 6""",155 lbs.,--,Southpaw,3,1,0,,http://ufcstats.com/fighter-details/ed73c85164a5f5a4
Helena,Crevar,,--,--,--,,0,0,0,,http://ufcstats.com/fighter-details/a8c3ce469cb8b130
Alexander,Crispim,,--,145 lbs.,--,,8,6,0,,http://ufcstats.com/fighter-details/15dedd05f8bcb475
Alex,Crispin,,--,155 lbs.,--,,0,1,0,,http://ufcstats.com/fighter-details/8944a0f9b2f0ce6d
Melissa,Croden,Scare,"5' 9""",135 lbs.,"68""",Orthodox,8,3,0,,http://ufcstats.com/fighter-details/51e2f44a8dbf6984
Kevin,Croom,Crash,"5' 11""",135 lbs.,"73.0""",Orthodox,21,15,0,,http://ufcstats.com/fighter-details/35b3772629e27a49
Kiefer,Crosbie,BDK,"5' 11""",170 lbs.,"70.0""",Switch,10,6,0,,http://ufcstats.com/fighter-details/4729c93ba705a3bf
Ken,Cross,The Boss,"6' 0""",155 lbs.,"72.0""",Southpaw,11,3,0,,http://ufcstats.com/fighter-details/923767209632e08a
Jeff,Crotty,,--,155 lbs.,--,,1,1,0,,http://ufcstats.com/fighter-details/98601a40e9d96047
Allen,Crowder,Pretty Boy,"6' 3""",245 lbs.,"76.0""",Orthodox,10,4,0,,http://ufcstats.com/fighter-details/a9d6e047ce48ab63
Daron,Cruickshank,Detroit Superstar,"5' 8""",155 lbs.,"72.0""",Switch,18,10,0,,http://ufcstats.com/fighter-details/5f99b2bafb10305f
Richard,Crunkilton,Cleat,"5' 7""",155 lbs.,--,Orthodox,19,4,0,,http://ufcstats.com/fighter-details/22ee260735da0d58
Jimmy,Crute,,"6' 2""",205 lbs.,"74.0""",Orthodox,14,4,2,,http://ufcstats.com/fighter-details/70e1f8a821b72c8b
Marcio,Cruz,Pe de Pano,"6' 4""",232 lbs.,--,Orthodox,8,3,0,,http://ufcstats.com/fighter-details/6aa1cbc1466e9a0b
Dominick,Cruz,The Dominator,"5' 8""",135 lbs.,"68.0""",Orthodox,24,4,0,,http://ufcstats.com/fighter-details/10f3ba6cd2f44a97
Aalon,Cruz,,"6' 0""",145 lbs.,"78.0""",Switch,8,4,0,,http://ufcstats.com/fighter-details/003d82fa384ca1d0
Timmy,Cuamba,Twilight,"5' 9""",135 lbs.,"71""",Orthodox,10,4,0,,http://ufcstats.com/fighter-details/0e46690e55a8df75
Jay,Cucciniello,,"5' 7""",155 lbs.,--,Orthodox,8,1,0,,http://ufcstats.com/fighter-details/683ea28a198936fe
Emilio,Cuellar,Show Kid,--,125 lbs.,--,,6,1,0,,http://ufcstats.com/fighter-details/3aeb69b4a13ff0e8
Josh,Culibao,Kuya,"5' 10""",145 lbs.,"73.0""",Orthodox,11,4,1,,http://ufcstats.com/fighter-details/6751eacd16bd59bc
Chris,Culley,,--,145 lbs.,--,,20,15,0,,http://ufcstats.com/fighter-details/e59b13321562eed3
Abel,Cullum,The Silent Assassin,"5' 7""",139 lbs.,--,Orthodox,20,6,0,,http://ufcstats.com/fighter-details/2f8f3c69522db931
Zak,Cummings,,"6' 0""",205 lbs.,"75.0""",Southpaw,25,7,0,,http://ufcstats.com/fighter-details/4ba8d454f762005d
Everett,Cummings,,--,205 lbs.,--,,12,0,0,,http://ufcstats.com/fighter-details/05e4be525cb3578c
Patrick,Cummins,Durkin,"6' 2""",205 lbs.,"76.0""",Orthodox,10,7,0,,http://ufcstats.com/fighter-details/e51e5cb722bd47a8
Luke,Cummo,,"6' 0""",170 lbs.,"74.0""",Orthodox,6,6,0,,http://ufcstats.com/fighter-details/93ce4ac89e3d7652
Hugo,Cunha,Silverback,"6' 3""",263 lbs.,"79.0""",Orthodox,8,2,0,,http://ufcstats.com/fighter-details/46a17755f80f63e8
Alton,Cunningham,The Bo-Man,"6' 2""",205 lbs.,"77.0""",Orthodox,4,2,0,,http://ufcstats.com/fighter-details/305bde44ff664788
AJ,Cunningham,The Savage,"5' 10""",135 lbs.,"71.0""",Orthodox,11,5,0,,http://ufcstats.com/fighter-details/d1053e55f00e53fe
Tommy,Cuozzi Jr.,Little T,"5' 9""",145 lbs.,"71.0""",Orthodox,8,1,0,,http://ufcstats.com/fighter-details/eb49fe2f85ae9526
Santo,Curatolo,,"5' 3""",125 lbs.,"62.0""",Southpaw,6,2,0,,http://ufcstats.com/fighter-details/b8b765e320a8db39
Larry,Cureton,,"6' 2""",240 lbs.,--,Orthodox,0,2,0,,http://ufcstats.com/fighter-details/46f11d15c0134fe3
Jeff,Curran,Big Frog,"5' 6""",135 lbs.,"69.0""",Orthodox,36,18,1,,http://ufcstats.com/fighter-details/a8ea84cbe1655f0a
Kailin,Curran,,"5' 4""",115 lbs.,"65.0""",Orthodox,4,5,0,,http://ufcstats.com/fighter-details/05b43e0ead3df345
Pat,Curran,Paddy Mike,"5' 9""",145 lbs.,--,,22,7,0,,http://ufcstats.com/fighter-details/d8291d0dd63da29c
Will,Currie,Drago,"6' 3""",185 lbs.,"76.0""",Switch,12,4,0,,http://ufcstats.com/fighter-details/b8ff02d5703eca3a
Chris,Curtis,Action-Man,"5' 10""",170 lbs.,"75.0""",Orthodox,32,13,0,,http://ufcstats.com/fighter-details/5442f1bc4b47eaf3
Ion,Cutelaba,The Hulk,"6' 1""",205 lbs.,"75.0""",Southpaw,20,11,1,,http://ufcstats.com/fighter-details/cd13728ae1151f46
Gleidson,Cutis,Poney,"5' 9""",155 lbs.,--,Orthodox,7,4,0,,http://ufcstats.com/fighter-details/44a94bbde42246e4
Sarah,D'alelio,The Monster,"5' 7""",145 lbs.,--,,11,7,0,,http://ufcstats.com/fighter-details/ac45450f75d14f16
Marcos,da Matta,Parrumpinha,"5' 4""",145 lbs.,--,,11,3,0,,http://ufcstats.com/fighter-details/3b6d84343579fd33
Henrique,da Silva,Frankenstein,"6' 3""",205 lbs.,"76.0""",Orthodox,14,5,0,,http://ufcstats.com/fighter-details/b0bd0c5425668b8f
Ariane,da Silva,Queen of Violence,"5' 6""",125 lbs.,"67.0""",Orthodox,17,11,0,,http://ufcstats.com/fighter-details/6551c64fbcd1a467
Alex,Da Silva,Leko,"5' 8""",155 lbs.,"73.0""",Orthodox,21,4,0,,http://ufcstats.com/fighter-details/c3ded6f7155f9ea4
Radley,Da Silva,Snake Eyes,"5' 9""",145 lbs.,"71.0""",Orthodox,8,1,0,,http://ufcstats.com/fighter-details/0d68c7bfdff1dc34
Henrique,Da Silva Lopes,Montanha,"6' 3""",240 lbs.,--,,5,2,0,,http://ufcstats.com/fighter-details/1f8cd7634e8286ff
Deni,Daffa,,"6' 0""",155 lbs.,"74.0""",Orthodox,6,2,0,,http://ufcstats.com/fighter-details/d28bef63e7d8d536
Nicolas,Dalby,Lokomotivo,"5' 11""",170 lbs.,"74.0""",Orthodox,24,6,1,,http://ufcstats.com/fighter-details/9d19d9e4aa2662e8
Paul,Daley,Semtex,"5' 9""",170 lbs.,"76.0""",Orthodox,39,15,2,,http://ufcstats.com/fighter-details/23725c826c481e7f
Dave,Dalgliesh,,"6' 2""",205 lbs.,--,Orthodox,30,19,2,,http://ufcstats.com/fighter-details/ddbd0d6259ce57cc
Richard,Dalton,,"6' 1""",205 lbs.,--,Orthodox,4,3,1,,http://ufcstats.com/fighter-details/6cd3dfc54f01287f
Aisling,Daly,Ais the Bash,"5' 2""",115 lbs.,"64.0""",Orthodox,16,6,0,,http://ufcstats.com/fighter-details/e50cd77732d39967
Marko,Damiani,,"6' 0""",170 lbs.,--,,0,2,0,,http://ufcstats.com/fighter-details/6e9b5c74c0860deb
Leonardo,Damiani,Puppy,"5' 10""",170 lbs.,"69.0""",Orthodox,10,3,1,,http://ufcstats.com/fighter-details/acd870570949d8a2
Rodrigo,Damm,,"5' 7""",155 lbs.,"71.0""",Orthodox,13,9,0,,http://ufcstats.com/fighter-details/a20d7dfaba74c067
Carina,Damm,Beauty But the Beast,"5' 4""",135 lbs.,--,,2,13,0,,http://ufcstats.com/fighter-details/033343da4c0cff8a
Batgerel,Danaa,Storm,"5' 7""",135 lbs.,"70.0""",Orthodox,12,5,0,,http://ufcstats.com/fighter-details/3b0a516d2921e0d6
Cindy,Dandois,Battlecat,"5' 7""",135 lbs.,--,Orthodox,8,3,0,,http://ufcstats.com/fighter-details/9eef6584fab21fbb
Peter,Danesoe,The Asian Viking,"5' 9""",135 lbs.,"68.0""",Orthodox,8,4,0,,http://ufcstats.com/fighter-details/5f119b24c0f9679c
Jarjis,Danho,Man Mountain,"6' 3""",265 lbs.,"74.0""",Orthodox,7,1,1,,http://ufcstats.com/fighter-details/8614b7134913f5d5
Jose,Daniel Medina,Chicho,"6' 0""",185 lbs.,"74.0""",Orthodox,11,7,0,,http://ufcstats.com/fighter-details/baa9be02c3e3e038
Raymond,Daniels,,"6' 2""",185 lbs.,--,Southpaw,0,1,0,,http://ufcstats.com/fighter-details/fccb0fee256b7b4d
Marques,Daniels,,--,155 lbs.,--,,5,5,0,,http://ufcstats.com/fighter-details/55a80a9365bc107d
Anvarbek,Daniyalbekov,,--,185 lbs.,--,,8,0,0,,http://ufcstats.com/fighter-details/859e0dafd04fe1ca
Alexandre,Dantas,Cafe,"6' 2""",238 lbs.,--,Orthodox,0,3,0,,http://ufcstats.com/fighter-details/8dc46e9a7895ce1a
Eduardo,Dantas,Dudu,"5' 10""",135 lbs.,--,,20,4,0,,http://ufcstats.com/fighter-details/676a2e5ec4d7338c
Mac,Danzig,,"5' 8""",155 lbs.,"70.0""",Orthodox,21,12,1,,http://ufcstats.com/fighter-details/86f582852a5b240a
Karen,Darabedyan,,"5' 7""",155 lbs.,"68.0""",Orthodox,13,6,0,,http://ufcstats.com/fighter-details/d2fa318f34d0aadc
Beneil,Dariush,,"5' 10""",155 lbs.,"72.0""",Southpaw,23,8,1,,http://ufcstats.com/fighter-details/08af939f41b5a57b
Sean,Daugherty,,"6' 0""",175 lbs.,--,,0,2,0,,http://ufcstats.com/fighter-details/a683f9ddb70aa4bd
Kyle,Daukaus,,"6' 2""",185 lbs.,"76""",Southpaw,17,5,0,,http://ufcstats.com/fighter-details/d6c0cdd7e467c440
Chris,Daukaus,,"6' 3""",205 lbs.,"76.0""",Orthodox,12,7,0,,http://ufcstats.com/fighter-details/d0aaedcf7ccd0b45
Brian,Davidson,,"5' 6""",145 lbs.,--,,13,4,0,,http://ufcstats.com/fighter-details/42775dc893603154
Rick,Davis,The Flying Squirrel,"5' 9""",155 lbs.,--,Orthodox,3,1,1,,http://ufcstats.com/fighter-details/2549d63da9c456cb
Marcus,Davis,The Irish Hand Grenade,"5' 10""",170 lbs.,"70.0""",Southpaw,22,11,0,,http://ufcstats.com/fighter-details/b7d524c77c27389b
LC,Davis,,"5' 8""",135 lbs.,"69.0""",Southpaw,23,8,0,,http://ufcstats.com/fighter-details/6dab8ce5e4bffe77
Phil,Davis,Mr. Wonderful,"6' 2""",205 lbs.,"79.0""",Orthodox,17,4,0,,http://ufcstats.com/fighter-details/902ab9197b83d0db
Lemont,Davis,,"5' 8""",170 lbs.,--,Orthodox,2,6,0,,http://ufcstats.com/fighter-details/a993ef2dd36cea5f
Mike,Davis,,--,--,--,,2,0,0,,http://ufcstats.com/fighter-details/c8661e204c66f325
Justin,Davis,Dangerous,"5' 11""",205 lbs.,--,,13,16,0,,http://ufcstats.com/fighter-details/20697b334f6c0a45
Alexis,Davis,,"5' 6""",135 lbs.,"68.0""",Orthodox,21,11,0,,http://ufcstats.com/fighter-details/4c2d90e335e6df19
Danny,Davis,,"6' 2""",170 lbs.,--,,13,11,1,,http://ufcstats.com/fighter-details/570d40f993171b19
Brandon,Davis,Killer B,"5' 10""",135 lbs.,"72.0""",Orthodox,14,10,0,,http://ufcstats.com/fighter-details/cc351e408bbb7d43
Mike,Davis,Beast Boy,"6' 0""",155 lbs.,"72.0""",Orthodox,12,3,0,,http://ufcstats.com/fighter-details/fb3e61720be4690c
Hakeem,Dawodu,Mean,"5' 8""",145 lbs.,"73.0""",Orthodox,13,4,1,,http://ufcstats.com/fighter-details/2c9d00968f818270
Grant,Dawson,KGD,"5' 10""",155 lbs.,"72""",Switch,24,3,1,,http://ufcstats.com/fighter-details/99bd51917728c25d
Jason,Day,Dooms,"6' 0""",185 lbs.,"72.0""",Orthodox,19,12,0,,http://ufcstats.com/fighter-details/a6fd2173d5e2d7f0
Martin,Day,The Spartan,"5' 10""",145 lbs.,"73.0""",Orthodox,8,6,0,,http://ufcstats.com/fighter-details/ea3dcc417c322064
Angel,De Anda,The Dream,"5' 9""",225 lbs.,--,Orthodox,18,6,0,,http://ufcstats.com/fighter-details/4b450aa602611baa
Yorgan,De Castro,The Mad Titan,"6' 0""",250 lbs.,"74.0""",Orthodox,6,3,0,,http://ufcstats.com/fighter-details/1eff7bc0f815b270
Geraldo,de Freitas,Spartan,"5' 7""",135 lbs.,"72.0""",Orthodox,12,6,0,,http://ufcstats.com/fighter-details/9cfbfae5fa1fdd93
Philip,De Fries,,"6' 5""",250 lbs.,"79.0""",Orthodox,12,6,0,,http://ufcstats.com/fighter-details/6ef65b6a152e49d5
Chris,de la Rocha,,"6' 3""",250 lbs.,"80.0""",Orthodox,5,3,0,,http://ufcstats.com/fighter-details/e51ee8ded927fc51
Montana,De La Rosa,,"5' 7""",125 lbs.,"68.0""",Orthodox,13,9,1,,http://ufcstats.com/fighter-details/80d8aed0ca9b00f3
Mark,De La Rosa,Bumblebee,"5' 6""",135 lbs.,"65.0""",Orthodox,11,5,0,,http://ufcstats.com/fighter-details/f57dd0bfa8c17813
Mike,de la Torre,El Cucuy,"5' 11""",145 lbs.,"71.0""",Orthodox,14,7,0,,http://ufcstats.com/fighter-details/1971869b7e054261
Rodrigo,de Lima,Monstro,"5' 7""",155 lbs.,--,Orthodox,8,3,1,,http://ufcstats.com/fighter-details/a4dc47001f202bcd
Edilberto,de Oliveira,Crocota,"6' 0""",170 lbs.,--,Orthodox,29,15,2,,http://ufcstats.com/fighter-details/afdb76fbd86f6d11
Johil,de Oliveira,,"5' 6""",170 lbs.,--,Orthodox,17,15,1,,http://ufcstats.com/fighter-details/f9aa6376ae16bfb4
Jorge,de Oliveira,Blade,"5' 8""",155 lbs.,--,Orthodox,9,2,0,,http://ufcstats.com/fighter-details/ddf3e0ea10ea6d8c
Jair,De Oliveira,Mamute,"5' 9""",205 lbs.,"69.0""",,6,1,0,,http://ufcstats.com/fighter-details/f14fbb2e55da044c
Isabela,de Padua,Belinha,"5' 3""",125 lbs.,"64.0""",Orthodox,5,2,0,,http://ufcstats.com/fighter-details/e0f959f65d0406b4
Gloria,de Paula,Glorinha,"5' 5""",115 lbs.,"67.0""",Orthodox,6,5,0,,http://ufcstats.com/fighter-details/5dd180c8b3196786
Germaine,de Randamie,The Iron Lady,"5' 9""",135 lbs.,"71.0""",Orthodox,10,5,0,,http://ufcstats.com/fighter-details/1d239d571e342453
Reinier,de Ridder,RdR,"6' 4""",185 lbs.,"78.0""",Southpaw,21,4,0,,http://ufcstats.com/fighter-details/d549cefc7c54ab78
Crezio,de Souza,,--,170 lbs.,--,Orthodox,1,2,0,,http://ufcstats.com/fighter-details/3746e21bb508391a
Carl,Deaton,The Anishinaabe Kid,"5' 7""",155 lbs.,"69.0""",Orthodox,17,7,0,,http://ufcstats.com/fighter-details/914a897455693650
Tom,DeBlass,,"6' 0""",185 lbs.,--,Orthodox,9,2,0,,http://ufcstats.com/fighter-details/0bcfe2513cb3bc39
Issac,DeJesus,,--,145 lbs.,--,,12,7,1,,http://ufcstats.com/fighter-details/0e2c2daf11b5d8f2
Rafael,Del Real,,"5' 11""",225 lbs.,--,,6,20,0,,http://ufcstats.com/fighter-details/e82b2adcaeff71ec
Shane,del Rosario,,"6' 4""",250 lbs.,--,Southpaw,11,2,0,,http://ufcstats.com/fighter-details/85980f5da429c0a6
Wallen,Del Rosario,,"5' 4""",125 lbs.,"67.0""",Orthodox,8,2,0,,http://ufcstats.com/fighter-details/a62f85f6a6c19a4c
Yadier,del Valle,The Cuban Problem,"5' 9""",145 lbs.,"69.0""",Southpaw,10,1,0,,http://ufcstats.com/fighter-details/70380ccdc81915b8
Jose,Delano,,"5' 8""",145 lbs.,"70.0""",Orthodox,17,3,0,,http://ufcstats.com/fighter-details/d7c4956d61ae76a9
Humberto,DeLeon,,--,135 lbs.,--,,7,7,0,,http://ufcstats.com/fighter-details/bfaf4c87936b4fae
Rolando,Delgado,Roli,"6' 3""",155 lbs.,"77.0""",Orthodox,11,6,1,,http://ufcstats.com/fighter-details/37b1696e6d115957
Israel,Delgado,,"5' 10""",155 lbs.,--,,0,2,0,,http://ufcstats.com/fighter-details/01f4bcd26ac08ad5
Jose,Delgado,,"5' 11""",145 lbs.,"73""",Switch,12,2,0,,http://ufcstats.com/fighter-details/7d6ceff6747f2de2
Ante,Delija,Walking Trouble,"6' 3""",239 lbs.,"78.0""",Orthodox,26,8,0,,http://ufcstats.com/fighter-details/7d8435c56043b0ae
Jack,Della Maddalena,,"5' 11""",170 lbs.,"73.0""",Switch,18,4,0,,http://ufcstats.com/fighter-details/6b453bc35a823c3f
Roland,Delorme,,"5' 9""",135 lbs.,"71.0""",Orthodox,9,5,0,,http://ufcstats.com/fighter-details/173acb3f920082b8
Jon,Delos Reyes,The Heat,"5' 6""",125 lbs.,"67.0""",Orthodox,8,5,0,,http://ufcstats.com/fighter-details/0d0351c20169a499
Jason,DeLucia,,"5' 11""",190 lbs.,--,Southpaw,33,21,1,,http://ufcstats.com/fighter-details/6ceff86fae4f6b3b
Justin,DeMoney,,--,170 lbs.,--,,15,7,1,,http://ufcstats.com/fighter-details/985bca5a097fb3f4
Vanessa,Demopoulos,Lil Monster,"5' 2""",115 lbs.,"59""",Orthodox,11,8,0,,http://ufcstats.com/fighter-details/2c483cf443f38ece
Chris,Dempsey,,"5' 10""",185 lbs.,"72.0""",Orthodox,11,5,0,,http://ufcstats.com/fighter-details/dfae5da5676e4194
Nick,Denis,The Ninja of Love,"5' 7""",135 lbs.,--,Orthodox,11,3,0,,http://ufcstats.com/fighter-details/e4aaaa34535e32b6
Thomas,Denny,The Wildman,"5' 10""",170 lbs.,--,Orthodox,27,21,1,,http://ufcstats.com/fighter-details/a11a6ee8eeb03c18
Robert,Densley,The Wrecker,"5' 9""",155 lbs.,--,,9,10,0,,http://ufcstats.com/fighter-details/b72f3cafa6376e35
Jason,Dent,Dynamite,"5' 10""",155 lbs.,"71.0""",Orthodox,22,13,0,,http://ufcstats.com/fighter-details/fa8b9e6b0c2269f8
Mackenzie,Dern,,"5' 4""",115 lbs.,"63.0""",Orthodox,16,5,0,,http://ufcstats.com/fighter-details/7447e9f28508106a
Booker,DeRousse,,"6' 2""",205 lbs.,--,,6,5,0,,http://ufcstats.com/fighter-details/f2c91b67f71bbeab
Tony,DeSouza,,"6' 0""",170 lbs.,"70.0""",Southpaw,11,4,0,,http://ufcstats.com/fighter-details/6ad9058b7c7898b0
Robelis,Despaigne,The Big Boy,"6' 7""",265 lbs.,"84""",Orthodox,5,2,0,,http://ufcstats.com/fighter-details/140567899d98978a
Cory,Devela,The One,"5' 0""",185 lbs.,--,Orthodox,16,7,0,,http://ufcstats.com/fighter-details/48544433372ecfa6
John,Devine,,--,--,--,,6,4,0,,http://ufcstats.com/fighter-details/2bcc39af95d6f2e8
Edwin,DeWees,Babyface,"6' 1""",185 lbs.,--,Orthodox,38,17,0,,http://ufcstats.com/fighter-details/75bbd2206a15319f
Rabindra,Dhant,,--,135 lbs.,--,,9,1,0,,http://ufcstats.com/fighter-details/9f8bd85aaeec2f56
Alessio,Di Chirico,Manzo,"6' 0""",185 lbs.,"74.0""",Orthodox,13,7,0,,http://ufcstats.com/fighter-details/77d7295d1b22c694
Micol,Di Segni,,"5' 3""",115 lbs.,"60.0""",Orthodox,7,3,0,,http://ufcstats.com/fighter-details/8126e4dff0cdf69e
Cyrille,Diabate,The Snake,"6' 6""",205 lbs.,"81.0""",Southpaw,19,10,1,,http://ufcstats.com/fighter-details/43563a32c3f10e95
Thomas,Diagne,,"6' 1""",154 lbs.,--,,6,6,1,,http://ufcstats.com/fighter-details/8567466ae167216b
Marc,Diakiese,Bonecrusher,"5' 10""",155 lbs.,"73.0""",Orthodox,17,7,0,,http://ufcstats.com/fighter-details/32c355b04fc57f3a
Tyler,Diamond,,"5' 7""",145 lbs.,"69.0""",Orthodox,9,1,0,,http://ufcstats.com/fighter-details/f5f6419c5f00abad
Blood,Diamond,,"5' 11""",170 lbs.,"76.0""",Switch,3,3,0,,http://ufcstats.com/fighter-details/9edf2c9082cc2cd8
Eldo Xavier,Dias,,"5' 11""",180 lbs.,--,,0,1,0,,http://ufcstats.com/fighter-details/ee5df903f80c6816
Rafael,Dias,,"5' 9""",145 lbs.,--,Orthodox,17,12,2,,http://ufcstats.com/fighter-details/b5abaa65f87938eb
Hacran,Dias,Barnabe,"5' 8""",155 lbs.,"69.0""",Orthodox,23,6,1,,http://ufcstats.com/fighter-details/ed209f6618c82e41
Victor,Dias,Crazy Horse,"5' 6""",125 lbs.,"69.0""",Orthodox,11,3,0,,http://ufcstats.com/fighter-details/f7202b3130421d27
Luis,Felipe Dias,,"5' 10""",185 lbs.,"74""",,18,5,0,,http://ufcstats.com/fighter-details/33a86e839ad202d8
Magno,Dias,The Violence,"5' 5""",135 lbs.,"67.0""",,6,2,0,,http://ufcstats.com/fighter-details/270e84d8174721d2
Nick,Diaz,,"6' 1""",170 lbs.,"76.0""",Southpaw,26,10,0,,http://ufcstats.com/fighter-details/f57a8a52ca401ed9
Nate,Diaz,,"6' 0""",170 lbs.,"76.0""",Southpaw,22,13,0,,http://ufcstats.com/fighter-details/8355922d564b152c
Michael,Diaz,,--,260 lbs.,--,,1,2,0,,http://ufcstats.com/fighter-details/5e7a48e469770615
Ryan,Diaz,,--,145 lbs.,--,,13,14,0,,http://ufcstats.com/fighter-details/ceee5dd37253199a
Adrian,Diaz,,"5' 10""",145 lbs.,--,Southpaw,11,4,1,,http://ufcstats.com/fighter-details/bfa8f263815cfa2e
Ozzy,Diaz,,"6' 4""",185 lbs.,"79""",Orthodox,10,4,0,,http://ufcstats.com/fighter-details/6967153c7edb4d87
Juan,Diaz,Pegajoso,"5' 8""",135 lbs.,"69.0""",Orthodox,16,1,1,,http://ufcstats.com/fighter-details/74939a16c7b56f33
Mark,Dickman,Tricky,"5' 9""",145 lbs.,--,,11,3,0,,http://ufcstats.com/fighter-details/2482ef3331a82e75
Josh,Diekmann,The Freight Train,"5' 4""",246 lbs.,--,,15,8,0,,http://ufcstats.com/fighter-details/414bddf0c80c41e1
Kyle,Dietz,,"5' 8""",135 lbs.,--,Orthodox,5,2,0,,http://ufcstats.com/fighter-details/31da66df48c0c1a0
Seth,Dikun,,"5' 10""",135 lbs.,"69.0""",Orthodox,9,8,0,,http://ufcstats.com/fighter-details/eb42d4febfafefd1
TJ,Dillashaw,,"5' 6""",135 lbs.,"67.0""",Orthodox,18,5,0,,http://ufcstats.com/fighter-details/c849740a3ff51931
Ralph,Dillon,Rage,"6' 2""",205 lbs.,--,Orthodox,0,2,1,,http://ufcstats.com/fighter-details/b4f7a2d8ecc5e0c3
Drew,Dimanlig,,--,185 lbs.,--,,3,4,0,,http://ufcstats.com/fighter-details/cc2ad11b1f9d818b
Ding,Meng,The Assassin,"6' 2""",170 lbs.,"73.0""",Orthodox,34,9,0,,http://ufcstats.com/fighter-details/e0664abaa023fd6f
Rodolfo Marques,Diniz,,"5' 6""",135 lbs.,--,,23,9,1,,http://ufcstats.com/fighter-details/2d2239d0f6fa83dd
Jhonata,Diniz,,"6' 4""",254 lbs.,"79""",Orthodox,9,2,0,,http://ufcstats.com/fighter-details/25f9a5f3e8a52618
Helio,Dipp,,"6' 5""",185 lbs.,--,Orthodox,6,3,0,,http://ufcstats.com/fighter-details/73eb2a552c92a821
Rico,DiSciullo,,"5' 8""",135 lbs.,--,Orthodox,9,2,0,,http://ufcstats.com/fighter-details/ec7f7263bf36579b
Matt,Dixon,Magic,"5' 10""",170 lbs.,"75.0""",Switch,9,1,0,,http://ufcstats.com/fighter-details/1db445a4468447d0
John,Dixson,Big John,"6' 0""",275 lbs.,--,Orthodox,15,22,0,,http://ufcstats.com/fighter-details/ad4e9055bf8cd04d
Anthony,Do,,"5' 4""",125 lbs.,--,,4,2,0,,http://ufcstats.com/fighter-details/7c9aeba0c4d4bd78
Russell,Doane,,"5' 7""",135 lbs.,"70.0""",Orthodox,15,8,0,,http://ufcstats.com/fighter-details/f50d95223751e6ca
Drew,Dober,,"5' 8""",155 lbs.,"70.0""",Southpaw,29,15,0,,http://ufcstats.com/fighter-details/519e4fe37ce9ff75
Shana,Dobson,Danger,"5' 6""",125 lbs.,"69.0""",Orthodox,4,5,0,,http://ufcstats.com/fighter-details/122ac9b816d8b71c
AJ,Dobson,,"6' 1""",185 lbs.,"76.0""",Orthodox,7,3,0,,http://ufcstats.com/fighter-details/009c4420727149ea
David,Dodd,,"6' 2""",200 lbs.,--,Orthodox,4,7,0,,http://ufcstats.com/fighter-details/c2a7623f398d9bd7
John,Dodson,The Magician,"5' 3""",135 lbs.,"66.0""",Orthodox,22,12,0,,http://ufcstats.com/fighter-details/99506df1af6c8b3b
Joe,Doerksen,El Dirte,"6' 0""",185 lbs.,"75.0""",Orthodox,51,16,0,,http://ufcstats.com/fighter-details/dbaaf42313af90fa
Mike,Dolce,Skull Cracker,"5' 11""",185 lbs.,--,,5,10,0,,http://ufcstats.com/fighter-details/29b5791e51e7e832
Roman,Dolidze,,"6' 2""",185 lbs.,"76.0""",Orthodox,15,5,0,,http://ufcstats.com/fighter-details/327d5f279895110d
Cameron,Dollar,,"5' 11""",155 lbs.,--,Orthodox,11,5,0,,http://ufcstats.com/fighter-details/3bbcd63a016d9715
CB,Dollaway,The Doberman,"6' 2""",185 lbs.,"76.0""",Orthodox,17,9,0,,http://ufcstats.com/fighter-details/5d7bdab5e03e3216
Dennis,Dombrow,,--,145 lbs.,--,,7,5,0,,http://ufcstats.com/fighter-details/4145caa2c999fbac
OJ,Dominguez,,--,--,--,,0,1,0,,http://ufcstats.com/fighter-details/1a50e734bb54861a
John,Donaldson,J.T.,"5' 8""",145 lbs.,--,,2,2,0,,http://ufcstats.com/fighter-details/1c610f900f9884ab
Daniil,Donchenko,,"5' 11""",170 lbs.,"71""",Orthodox,15,2,0,,http://ufcstats.com/fighter-details/70dd69b6a703257e
Dong,Huaxiang,,"5' 3""",115 lbs.,"61.0""",Switch,12,3,0,,http://ufcstats.com/fighter-details/bad82b681819b272
Cody,Donovan,Donnybrook,"6' 3""",205 lbs.,"74.0""",Orthodox,8,5,0,,http://ufcstats.com/fighter-details/7bc96507e4b38d3b
Houston,Dorr,,"6' 1""",210 lbs.,--,Orthodox,1,2,0,,http://ufcstats.com/fighter-details/312f47c3d2f83ffa
Rafael,Dos Anjos,,"5' 8""",170 lbs.,"70.0""",Southpaw,32,17,0,,http://ufcstats.com/fighter-details/6a2f7c151031653d
Junior,Dos Santos,Cigano,"6' 4""",238 lbs.,"77.0""",Orthodox,21,9,0,,http://ufcstats.com/fighter-details/63def5a5662a6917
Geronimo,dos Santos,Mondragon,"6' 3""",264 lbs.,--,Orthodox,39,19,0,,http://ufcstats.com/fighter-details/b51f6791c794e289
Antonio,Dos Santos,Junior Alpha,"5' 10""",185 lbs.,--,Orthodox,6,4,0,,http://ufcstats.com/fighter-details/81b8b3fb019dc69d
Anderson,Dos Santos,Berinja,"5' 5""",135 lbs.,"70.0""",Orthodox,21,9,0,,http://ufcstats.com/fighter-details/bbc9ab95fa766493
Acacio,Dos Santos,Pequeno,"6' 4""",205 lbs.,"79.0""",Orthodox,14,5,0,,http://ufcstats.com/fighter-details/957562fdf68a725a
Rayanne,dos Santos,,"5' 2""",115 lbs.,"62.0""",Orthodox,14,9,0,,http://ufcstats.com/fighter-details/02bb48869eb7ac8f
Felipe,dos Santos,Lipe Detona,"5' 7""",125 lbs.,"70.0""",Orthodox,8,3,0,,http://ufcstats.com/fighter-details/5cdf5339728f580d
Tiago,dos Santos e Silva,Trator,"5' 9""",145 lbs.,"70.0""",Orthodox,20,7,2,,http://ufcstats.com/fighter-details/8ce87f7e3a9baed2
Oleksandr,Doskalchuk,,"5' 6""",125 lbs.,--,Southpaw,10,2,0,,http://ufcstats.com/fighter-details/86cb6f5b1ca98dc0
David,Douglas,Tarzan,"5' 11""",155 lbs.,--,,9,7,0,,http://ufcstats.com/fighter-details/7cf0944b88966118
Damion,Douglas,,--,170 lbs.,--,,4,1,0,,http://ufcstats.com/fighter-details/ce3b669e39418414
Lerryan,Douglas,Gunslinger,"5' 9""",145 lbs.,"72.0""",Orthodox,14,5,0,,http://ufcstats.com/fighter-details/640a0f838f057a81
Cedric,Doumbe,,"5' 10""",170 lbs.,--,,2,0,0,,http://ufcstats.com/fighter-details/5159e6ee100c717e
John,Dowdy,,--,--,--,,0,1,0,,http://ufcstats.com/fighter-details/e780ccc79a209985
Jordan,Dowdy,,--,170 lbs.,--,,4,3,0,,http://ufcstats.com/fighter-details/0d9312337fdce39a
Danny,Downes,,"6' 0""",155 lbs.,"72.0""",Orthodox,8,3,0,,http://ufcstats.com/fighter-details/a66395395b5f1394
Derek,Downey,,"6' 1""",185 lbs.,--,Orthodox,11,4,0,,http://ufcstats.com/fighter-details/b05086131c6f5dc5
John,Doyle,The Iron Bull,"5' 11""",205 lbs.,--,Orthodox,11,22,0,,http://ufcstats.com/fighter-details/0509b954421bb327
Edson,Drago,,"6' 4""",220 lbs.,--,Orthodox,11,7,0,,http://ufcstats.com/fighter-details/f9c7fe2682af3802
Jimmy,Drago,,"5' 10""",170 lbs.,"71.0""",Orthodox,7,3,0,,http://ufcstats.com/fighter-details/cb4bf812d9cb78b4
Anthony,Drilich,,"5' 5""",125 lbs.,"65.0""",Southpaw,8,2,0,,http://ufcstats.com/fighter-details/c2c4052f58f54988
Kyle,Driscoll,KD,"5' 11""",145 lbs.,"74.0""",Orthodox,12,3,0,,http://ufcstats.com/fighter-details/e5e148d4363deff8
Chris,Drumm,,"5' 8""",145 lbs.,--,,0,1,0,,http://ufcstats.com/fighter-details/5fd834edd92c9e50
Tomasz,Drwal,Gorilla,"6' 1""",205 lbs.,"76.0""",Orthodox,21,5,1,,http://ufcstats.com/fighter-details/679a9054e2815943
Robert,Drysdale,,"6' 3""",205 lbs.,--,Orthodox,7,0,0,,http://ufcstats.com/fighter-details/d2a9be6bf2de624c
Dricus,Du Plessis,Stillknocks,"6' 1""",185 lbs.,"76.0""",Switch,23,3,0,,http://ufcstats.com/fighter-details/0d7b51c9d2649a6e
Hugo,Duarte,,"6' 0""",240 lbs.,--,Orthodox,6,3,0,,http://ufcstats.com/fighter-details/706404da0775dcbc
Antonio,Duarte,Tigre,"5' 7""",135 lbs.,--,,19,7,0,,http://ufcstats.com/fighter-details/29b5d32584e02d8d
Joe,Duarte,,--,155 lbs.,--,,10,4,0,,http://ufcstats.com/fighter-details/454c3e9d4cd4a1b3
Yuneisy,Duben,,"5' 4""",125 lbs.,"65.0""",Orthodox,6,1,0,,http://ufcstats.com/fighter-details/c3d2b9bcb4cead6b
Matthieu,Duclos,,"6' 3""",185 lbs.,"77""",Orthodox,10,3,0,,http://ufcstats.com/fighter-details/ec322adbabbfa6e7
Emily,Ducote,Gordinha,"5' 2""",115 lbs.,"63.0""",Orthodox,13,9,0,,http://ufcstats.com/fighter-details/02f8fedc18cbd26c
Viktoriia,Dudakova,,"5' 5""",115 lbs.,"67.0""",Orthodox,8,2,0,,http://ufcstats.com/fighter-details/6c9b66b43663f2f7
Milana,Dudieva,,"5' 3""",135 lbs.,--,Orthodox,11,6,0,,http://ufcstats.com/fighter-details/072a10e85f7d4bff
Adin,Duenas,,"5' 6""",145 lbs.,--,,6,1,0,,http://ufcstats.com/fighter-details/cb6c45b26b0a877a
Todd,Duffee,,"6' 3""",260 lbs.,"78.0""",Orthodox,9,3,0,,http://ufcstats.com/fighter-details/bda04c573563cc2e
Joe,Duffy,Irish,"5' 10""",155 lbs.,"73.0""",Orthodox,16,5,0,,http://ufcstats.com/fighter-details/654ae722109a0d31
Jack,Duffy,The Fury,"5' 7""",125 lbs.,"69.0""",Switch,7,1,0,,http://ufcstats.com/fighter-details/cea51876d8a514a0
Alexis,Dufresne,Sneaky Zebra,"5' 9""",135 lbs.,--,Orthodox,6,3,0,,http://ufcstats.com/fighter-details/4ae4049426e0161d
Jessamyn,Duke,The Gun,"5' 11""",135 lbs.,"73.0""",Orthodox,3,5,0,,http://ufcstats.com/fighter-details/a7ddae0be8b78147
Islam,Dulatov,The Ripper,"6' 3""",170 lbs.,"75.0""",Orthodox,12,1,0,,http://ufcstats.com/fighter-details/e803242fb2e41112
Isaac,Dulgarian,The Midwest Choppa,"5' 7""",145 lbs.,"71.0""",Orthodox,7,2,0,,http://ufcstats.com/fighter-details/a57cb948c4c70a47
Kelly,Dullanty,Psycho,"5' 8""",155 lbs.,--,Orthodox,4,2,0,,http://ufcstats.com/fighter-details/1a225f04aa6e0739
Sedriques,Dumas,The Reaper,"6' 2""",185 lbs.,"79.0""",Orthodox,10,5,0,,http://ufcstats.com/fighter-details/4e6738062d469256
Norma,Dumont,The Immortal,"5' 7""",135 lbs.,"67""",Orthodox,13,3,0,,http://ufcstats.com/fighter-details/d3f5d33d61cd00c9
Chris,Duncan,The Problem,"5' 10""",155 lbs.,"71.0""",Orthodox,15,3,0,,http://ufcstats.com/fighter-details/fd406a32a6fb3a29
Christian Leroy,Duncan,CLD,"6' 2""",185 lbs.,"79.0""",Switch,14,2,0,,http://ufcstats.com/fighter-details/a93f94c923c3a9cb
Evan,Dunham,,"5' 10""",155 lbs.,"70.0""",Southpaw,18,9,1,,http://ufcstats.com/fighter-details/e5c9de15bb58b1c6
Alex,Dunworth,,"5' 8""",155 lbs.,--,,2,2,0,,http://ufcstats.com/fighter-details/31732a614e7a3d1d
Tom,Duquesnoy,Fire Kid,"5' 7""",135 lbs.,"68.0""",Orthodox,16,2,0,,http://ufcstats.com/fighter-details/e979c76341f19b22
Albert,Duraev,,"5' 11""",185 lbs.,"75.0""",Orthodox,16,5,0,,http://ufcstats.com/fighter-details/6b7c7460855dbbb9
Reuben,Duran,,"5' 7""",135 lbs.,"71.0""",Orthodox,11,7,1,,http://ufcstats.com/fighter-details/4417980b3e798abf
Cody,Durden,Custom Made,"5' 7""",125 lbs.,"67.0""",Southpaw,18,10,1,,http://ufcstats.com/fighter-details/7f6ed67d3ed3c036
Luiz,Dutra,Besouro,"5' 11""",170 lbs.,--,Orthodox,13,6,1,,http://ufcstats.com/fighter-details/2153a7f8396a46cc
Rilley,Dutro,,"5' 8""",125 lbs.,--,Orthodox,11,4,0,,http://ufcstats.com/fighter-details/43db649da89fac4b
Bill,Duvall,,"6' 2""",185 lbs.,--,Southpaw,1,2,0,,http://ufcstats.com/fighter-details/7df4d3c38792b083
Merab,Dvalishvili,The Machine,"5' 6""",135 lbs.,"68""",Orthodox,21,5,0,,http://ufcstats.com/fighter-details/c03520b5c88ed6b4
David,Dvorak,Undertaker,"5' 5""",125 lbs.,"68.0""",Orthodox,20,6,0,,http://ufcstats.com/fighter-details/9ada30894bf04e19
Matt,Dwyer,,"6' 4""",170 lbs.,"76.0""",Orthodox,9,4,0,,http://ufcstats.com/fighter-details/8f0d576beba1cfcd
Rolando,Dy,Dy Incredible,"5' 8""",145 lbs.,"69.0""",Orthodox,9,7,1,,http://ufcstats.com/fighter-details/55ed59d541f8b90c
Shanelle,Dyer,The Nightmare,"5' 6""",115 lbs.,"65.0""",Orthodox,7,1,0,,http://ufcstats.com/fighter-details/cfbb3edab781dfd2
Ben,Earwood,,"5' 8""",170 lbs.,--,Orthodox,12,3,0,,http://ufcstats.com/fighter-details/ee457ef1e1c326c1
Cody,East,The Freight Train,"6' 3""",245 lbs.,--,Orthodox,12,3,0,,http://ufcstats.com/fighter-details/5713c1d2fac539ac
Marvin,Eastman,The Beastman,"5' 9""",185 lbs.,"73.0""",Orthodox,18,15,1,,http://ufcstats.com/fighter-details/05866d8c3a321856
Mike,Easton,The Hulk,"5' 6""",135 lbs.,"70.0""",Southpaw,13,6,0,,http://ufcstats.com/fighter-details/bc7230f231701d66
Maurice,Eazel,,"5' 7""",135 lbs.,--,,7,15,0,,http://ufcstats.com/fighter-details/4acb99524a9a81ab
Vincent,Eazelle,The Real Deal,"5' 11""",155 lbs.,--,,9,2,0,,http://ufcstats.com/fighter-details/ec421d5de0aea624
Ross,Ebanez,The Boss,"5' 9""",154 lbs.,--,Southpaw,20,10,0,,http://ufcstats.com/fighter-details/a5b0bd216d8ba84e
Brian,Ebersole,Bad Boy,"6' 0""",170 lbs.,"73.0""",Southpaw,51,18,1,,http://ufcstats.com/fighter-details/32ba186f4b0e3267
Roybert,Echeverria,The Unbroken,"5' 5""",125 lbs.,"67.0""",Switch,7,1,0,,http://ufcstats.com/fighter-details/20b13e96668caaa4
Mark,Eddiva,,"5' 8""",145 lbs.,"68.0""",Orthodox,6,3,0,,http://ufcstats.com/fighter-details/40ff198adda94b9f
Frankie,Edgar,The Answer,"5' 6""",135 lbs.,"68.0""",Orthodox,23,11,1,,http://ufcstats.com/fighter-details/f2688492b9a525a3
Abdul-Kerim,Edilov,,"6' 2""",205 lbs.,--,Orthodox,17,4,0,,http://ufcstats.com/fighter-details/37e03538c960bac6
Johnny,Eduardo,,"5' 7""",135 lbs.,"71.0""",Orthodox,28,13,0,,http://ufcstats.com/fighter-details/528c24b99fbaab79
Yves,Edwards,,"5' 9""",155 lbs.,"73.0""",Southpaw,42,22,1,,http://ufcstats.com/fighter-details/5f04e3d58d9ce982
Justin,Edwards,Fast Eddy,"5' 10""",155 lbs.,"70.0""",Orthodox,9,5,0,,http://ufcstats.com/fighter-details/e56daf7725a0b5ab
Leon,Edwards,Rocky,"6' 2""",170 lbs.,"74.0""",Southpaw,22,6,0,,http://ufcstats.com/fighter-details/f1fac969a1d70b08
Te,Edwards,,"5' 8""",155 lbs.,"72.0""",Orthodox,6,3,0,,http://ufcstats.com/fighter-details/ef44e4ea9050f2ea
Adli,Edwards,,--,145 lbs.,--,,4,1,0,,http://ufcstats.com/fighter-details/e6904a03a66e711d
Joselyne,Edwards,La Pantera,"5' 8""",135 lbs.,"70.0""",Orthodox,18,6,0,,http://ufcstats.com/fighter-details/f9ab66e67240db7b
Christian,Edwards,Pain,"6' 5""",205 lbs.,"78""",Southpaw,8,5,0,,http://ufcstats.com/fighter-details/f5d82eccdea4e2dd
Tom,Egan,,"5' 11""",170 lbs.,--,Orthodox,7,5,0,,http://ufcstats.com/fighter-details/eae4aec1a5a8ff01
Stephanie,Egger,,"5' 6""",135 lbs.,"68.0""",Orthodox,8,5,0,,http://ufcstats.com/fighter-details/5e6294b37bbef029
Justin,Eilers,The Hammer,"6' 1""",235 lbs.,--,Orthodox,19,7,1,,http://ufcstats.com/fighter-details/27fc9218a3653e3c
Jon Olav,Einemo,The Viking,"6' 6""",253 lbs.,--,Orthodox,6,3,0,,http://ufcstats.com/fighter-details/0577808d22dfe79c
Per,Eklund,,"5' 10""",155 lbs.,"72.0""",Orthodox,14,5,1,,http://ufcstats.com/fighter-details/58bc81376286b3d3
John,Elam,,--,--,--,,2,0,0,,http://ufcstats.com/fighter-details/22d80fb67e50ab0b
Evan,Elder,The Phenom,"5' 10""",155 lbs.,"72.0""",Switch,10,2,0,,http://ufcstats.com/fighter-details/d9a56ecb6e94f02e
Billy,Elekana,Son of Susie,"6' 3""",205 lbs.,"77.0""",Southpaw,10,2,0,,http://ufcstats.com/fighter-details/07a74004d964c7f4
John Paul,Elias,,"6' 4""",205 lbs.,--,,3,1,0,,http://ufcstats.com/fighter-details/e873203fd50542f6
Joao,Elias,Alicate,"5' 3""",125 lbs.,"64.0""",Southpaw,17,4,1,,http://ufcstats.com/fighter-details/1a064688481f66e1
Saul,Elizondo,,"5' 7""",135 lbs.,--,,6,8,0,,http://ufcstats.com/fighter-details/e295b96f135d758a
Darren,Elkins,The Damage,"5' 10""",145 lbs.,"71.0""",Orthodox,29,12,0,,http://ufcstats.com/fighter-details/92a9aa9c93192871
Jake,Ellenberger,The Juggernaut,"5' 9""",170 lbs.,"71.0""",Orthodox,31,15,0,,http://ufcstats.com/fighter-details/d81ac739417d7f53
Joe,Ellenberger,Excalibur,"5' 9""",155 lbs.,"72.0""",Orthodox,15,2,0,,http://ufcstats.com/fighter-details/8e8e4487c621aa1c
Tim,Elliott,,"5' 7""",125 lbs.,"66""",Southpaw,22,14,1,,http://ufcstats.com/fighter-details/c96d9178c9ed9e62
Oban,Elliott,The Welsh Gangster,"6' 0""",170 lbs.,"72.0""",Orthodox,12,4,0,,http://ufcstats.com/fighter-details/6b56e94a59b7b134
Eddy,Ellis,Fast,"5' 9""",170 lbs.,--,Orthodox,21,16,1,,http://ufcstats.com/fighter-details/e60d773a0a42048a
Lisa,Ellis,,"5' 4""",115 lbs.,--,,15,11,0,,http://ufcstats.com/fighter-details/77350fd0e6d1dba8
Elisha,Ellison,The Snack Panther,"6' 0""",238 lbs.,"78.0""",Orthodox,5,2,0,,http://ufcstats.com/fighter-details/87e4a3a5080ee7ce
Anna,Elmose,Panda,"5' 3""",115 lbs.,--,Orthodox,3,2,0,,http://ufcstats.com/fighter-details/1536a25e16fc299b
Cameron,Else,Camchida,"5' 9""",135 lbs.,"71.0""",Switch,10,6,0,,http://ufcstats.com/fighter-details/5f3da9a9610d8969
Aaron,Ely,The Cyborg,"5' 8""",135 lbs.,--,,5,2,0,,http://ufcstats.com/fighter-details/1741343f0ca34dd5
Sovannahry,Em,The Sweet Savage,"5' 4""",135 lbs.,--,,3,1,0,,http://ufcstats.com/fighter-details/45c8fed13a62fe92
Ramazan,Emeev,Gorets,"5' 10""",170 lbs.,"76.0""",Southpaw,20,6,0,,http://ufcstats.com/fighter-details/abd5fb12437eda21
Aleksander,Emelianenko,,"6' 6""",255 lbs.,--,Orthodox,23,7,0,,http://ufcstats.com/fighter-details/f54200f1dfb9b5d4
Fedor,Emelianenko,The Last Emperor,"6' 0""",230 lbs.,"74.0""",Orthodox,36,5,0,,http://ufcstats.com/fighter-details/b8da6f5c80ae2d15
Rob,Emerson,The Saint,"5' 9""",155 lbs.,"70.0""",Orthodox,18,12,0,,http://ufcstats.com/fighter-details/dc0f07928009a127
Jamall,Emmers,Pretty Boy,"5' 10""",145 lbs.,"74.0""",Orthodox,22,8,0,,http://ufcstats.com/fighter-details/e00a3dee329a51f7
Josh,Emmett,,"5' 6""",145 lbs.,"70.0""",Orthodox,19,7,0,,http://ufcstats.com/fighter-details/fba03cd6cc28dc41
Marius,Enache,,"5' 11""",155 lbs.,--,,3,3,0,,http://ufcstats.com/fighter-details/e3f443e4cbc3da8f
Kevin,Engel,The Hitman,"6' 2""",170 lbs.,--,,5,1,0,,http://ufcstats.com/fighter-details/d2f310b5b072e986
Kolton,Englund,White Assassin,"5' 10""",155 lbs.,"69.0""",Orthodox,9,4,0,,http://ufcstats.com/fighter-details/4122da4f791b2f4f
Oliver,Enkamp,,"6' 0""",170 lbs.,"77.0""",Switch,7,2,0,,http://ufcstats.com/fighter-details/330bafba312face4
Alex,Enlund,,"5' 10""",145 lbs.,--,Orthodox,14,2,0,,http://ufcstats.com/fighter-details/d238217e0f8ea8e1
Kenny,Ento,Tha' Dragon,"6' 2""",192 lbs.,--,,14,15,0,,http://ufcstats.com/fighter-details/daf9be103c1edbbd
Ian,Entwistle,Enty,"5' 5""",135 lbs.,--,Orthodox,9,3,0,,http://ufcstats.com/fighter-details/d7adfcfdf7c6c1f8
Andy,Enz,Tank Mode,"6' 3""",185 lbs.,"78.0""",Orthodox,10,4,0,,http://ufcstats.com/fighter-details/993d385f5a475375
Won Jin,Eoh,,"5' 7""",160 lbs.,--,Orthodox,5,5,1,,http://ufcstats.com/fighter-details/bc7cf284c1c2f16e
Yuji,Ephoevi-Ga,The Chef,"6' 0""",155 lbs.,"75.0""",Switch,11,1,0,,http://ufcstats.com/fighter-details/919fc4bc3edf4de7
Josh,Epps,,--,130 lbs.,--,,6,7,0,,http://ufcstats.com/fighter-details/984b0c4c6e773a1c
Abdellah,Er-Ramy,The Golden Boy,"6' 0""",185 lbs.,"74.0""",Orthodox,7,2,0,,http://ufcstats.com/fighter-details/b593cd58b0afffb0
Steve,Erceg,Astroboy,"5' 8""",125 lbs.,"68.0""",Orthodox,14,4,0,,http://ufcstats.com/fighter-details/32ab52e5de93092d
Tom,Erikson,The Big Cat,"6' 3""",280 lbs.,--,Orthodox,9,4,1,,http://ufcstats.com/fighter-details/7b9a85e5ff31ef47
Konstantin,Erokhin,,"5' 11""",230 lbs.,--,Orthodox,9,3,0,,http://ufcstats.com/fighter-details/22061ff217907c78
Julian,Erosa,Juicy J,"6' 1""",145 lbs.,"74.0""",Southpaw,31,14,0,,http://ufcstats.com/fighter-details/902ec2cc48c8ae8a
Jarno,Errens,,"5' 11""",145 lbs.,"73.0""",Orthodox,14,6,1,,http://ufcstats.com/fighter-details/082eba4cd80f736f
Ivan,Erslan,,"6' 2""",205 lbs.,"72.0""",Orthodox,15,6,0,,http://ufcstats.com/fighter-details/64ad3e3b0efa30bb
Nick,Ertl,,"5' 9""",155 lbs.,--,,8,6,0,,http://ufcstats.com/fighter-details/74061adb224be3cc
Chel,Erwin-Davis,The First Sun,"6' 0""",170 lbs.,--,,5,1,0,,http://ufcstats.com/fighter-details/c26ea30823f37316
Bobby,Escalante,,--,130 lbs.,--,,5,6,0,,http://ufcstats.com/fighter-details/f7ede18b4ec4ec1f
Eric,Esch,Butterbean,"5' 11""",350 lbs.,--,Orthodox,15,10,1,,http://ufcstats.com/fighter-details/0e4daed84a8f39a6
Pro,Escobedo,,--,205 lbs.,--,,1,0,0,,http://ufcstats.com/fighter-details/b36874652ed7715d
Cole,Escovedo,Apache Kid,"5' 7""",135 lbs.,"72.0""",Orthodox,17,9,0,,http://ufcstats.com/fighter-details/5df17b3620145578
Efrain,Escudero,Hecho En Mexico,"5' 9""",155 lbs.,"71.0""",Orthodox,28,12,0,,http://ufcstats.com/fighter-details/83fd97284f4bb4a4
Evan,Esguerra,,--,145 lbs.,--,,8,7,0,,http://ufcstats.com/fighter-details/ed220e87bef0cc64
Carla,Esparza,Cookie Monster,"5' 1""",115 lbs.,"63.0""",Orthodox,20,8,0,,http://ufcstats.com/fighter-details/d910665038efc639
Juan,Espino,El Guapo,"6' 3""",255 lbs.,"80.0""",Orthodox,11,2,0,,http://ufcstats.com/fighter-details/ccf5dc41417e9daf
Jordan,Espinosa,The Gamer,"5' 6""",125 lbs.,"69.0""",Orthodox,15,9,0,,http://ufcstats.com/fighter-details/215a70f073a7b726
Jodie,Esquibel,,"5' 1""",115 lbs.,"64.0""",Orthodox,6,6,0,,http://ufcstats.com/fighter-details/411539901068522f
Rafael,Estevam,Macapa,"5' 8""",135 lbs.,"69.0""",Orthodox,14,1,0,,http://ufcstats.com/fighter-details/83455a9d17f57dae
Achilles,Estremadura,,"5' 10""",155 lbs.,"68.0""",Orthodox,7,1,0,,http://ufcstats.com/fighter-details/41f3cfdab0b22236
Shaun,Etchell,The Buzzsaw,"5' 7""",125 lbs.,"68.0""",Switch,7,3,0,,http://ufcstats.com/fighter-details/ea9bfe9c25037bba
Terry,Etim,,"6' 1""",155 lbs.,"73.0""",Orthodox,16,5,0,,http://ufcstats.com/fighter-details/33011768c3c4dc9a
Fred,Ettish,,"6' 0""",180 lbs.,--,Southpaw,1,1,0,,http://ufcstats.com/fighter-details/8d5daf67983b65ba
Scott,Ettling,,--,135 lbs.,--,,4,2,0,,http://ufcstats.com/fighter-details/74b5736f1df40be3
Sijara,Eubanks,SarJ,"5' 4""",125 lbs.,"67.0""",Orthodox,8,7,0,,http://ufcstats.com/fighter-details/4234f0097c83fa62
Billy,Evangelista,,"5' 8""",155 lbs.,"68.0""",Orthodox,13,3,0,,http://ufcstats.com/fighter-details/9766ed20b68c7c33
Rashad,Evans,Suga,"6' 0""",205 lbs.,"75.0""",Orthodox,19,8,1,,http://ufcstats.com/fighter-details/ee779c43a8926d52
Doug,Evans,,"5' 9""",155 lbs.,--,Orthodox,13,10,0,,http://ufcstats.com/fighter-details/d3de4a24f7eefac8
Ashlee,Evans-Smith,Rebel Girl,"5' 8""",135 lbs.,"67.0""",Orthodox,6,6,0,,http://ufcstats.com/fighter-details/fc6e681bf6658faf
Dan,Evensen,The Viking,"6' 3""",250 lbs.,--,Orthodox,11,4,0,,http://ufcstats.com/fighter-details/dd8aec6de7035943
Tonya,Evinger,Triple Threat,"5' 7""",135 lbs.,"70.0""",Orthodox,19,8,0,,http://ufcstats.com/fighter-details/b12a1d19ee383b7c
Movsar,Evloev,,"5' 7""",145 lbs.,"72""",Orthodox,20,0,0,,http://ufcstats.com/fighter-details/76e2870ffafbe38f
Andre,Ewell,Mr. Highlight,"5' 8""",145 lbs.,"75.0""",Southpaw,17,9,0,,http://ufcstats.com/fighter-details/5f6f049d54728e88
Chris,Ewert,El Tanke,"6' 0""",185 lbs.,"75.0""",Orthodox,7,1,0,,http://ufcstats.com/fighter-details/54c2576b7f2f1f57
Neal,Ewing,,--,185 lbs.,--,,6,0,0,,http://ufcstats.com/fighter-details/0798f558681d0eb5
Ethyn,Ewing,The Professor Finesser,"5' 6""",135 lbs.,"69.0""",Orthodox,10,2,0,,http://ufcstats.com/fighter-details/d776b5814f2400b4
Manuel,Exposito,,"5' 7""",145 lbs.,"68.0""",Orthodox,13,3,0,,http://ufcstats.com/fighter-details/a1cb266d7f44f35f
Jessica,Eye,Evil,"5' 6""",125 lbs.,"66.0""",Orthodox,15,11,0,,http://ufcstats.com/fighter-details/f72465a784c1b084
Edward,Faaloloto,,--,155 lbs.,"70.0""",Orthodox,2,5,0,,http://ufcstats.com/fighter-details/6224e8d0a34264eb
Urijah,Faber,The California Kid,"5' 6""",135 lbs.,"67.0""",Orthodox,35,11,0,,http://ufcstats.com/fighter-details/78114b7199cef90c
Melinda,Fabian,,"5' 6""",125 lbs.,"66.0""",Orthodox,4,4,2,,http://ufcstats.com/fighter-details/8c020156779f7888
Wagnney,Fabiano,The Silencer,"5' 6""",145 lbs.,"69.0""",Southpaw,16,4,0,,http://ufcstats.com/fighter-details/40389d39a92f5bfa
Bartosz,Fabinski,The Butcher,"6' 0""",170 lbs.,"75.0""",Orthodox,15,5,0,,http://ufcstats.com/fighter-details/e17ac6410c8377f4
Ron,Faircloth,,"5' 9""",205 lbs.,--,Orthodox,33,20,0,,http://ufcstats.com/fighter-details/453ee00c3e1ae9dd
Jason,Fairn,,"6' 1""",230 lbs.,--,,4,5,0,,http://ufcstats.com/fighter-details/adea9f0090aa8e14
Zarah,Fairn,Infinite,"5' 8""",135 lbs.,"72.0""",Orthodox,6,6,0,,http://ufcstats.com/fighter-details/862b0b3375aa4b6e
Rinat,Fakhretdinov,Gladiator,"6' 0""",170 lbs.,"74.0""",Orthodox,24,1,1,,http://ufcstats.com/fighter-details/8f765fd5775a8873
Maiquel,Falcao,Big Rig,"5' 11""",185 lbs.,--,Orthodox,37,10,0,,http://ufcstats.com/fighter-details/d58478ded5534695
Pedro,Falcao,Pedrinho,"5' 6""",135 lbs.,"66.0""",Orthodox,16,5,0,,http://ufcstats.com/fighter-details/f7be1db194e03d7e
Brodie,Farber,,"6' 1""",170 lbs.,--,Orthodox,16,7,0,,http://ufcstats.com/fighter-details/91d73ee59347ac16
Joao Paulo,Faria,,"5' 9""",155 lbs.,--,,1,1,0,,http://ufcstats.com/fighter-details/04e9955f33e0c267
Kalindra,Faria,,"5' 7""",125 lbs.,--,Switch,18,8,1,,http://ufcstats.com/fighter-details/27b164b0d1833df0
Jair,Farias,Chosen,"6' 1""",145 lbs.,"76.0""",Orthodox,10,1,0,,http://ufcstats.com/fighter-details/431262bbc69215dc
Chance,Farrar,,"5' 9""",145 lbs.,--,Southpaw,8,3,0,,http://ufcstats.com/fighter-details/49c7236c737d7e59
Rico,Farrington,The Triggerman,"6' 4""",170 lbs.,"79.0""",Southpaw,7,3,0,,http://ufcstats.com/fighter-details/f89e6e66b9b112de
Kelly,Faszholz,,"5' 8""",135 lbs.,--,Orthodox,4,2,0,,http://ufcstats.com/fighter-details/9c42a0de8e012870
Rodney,Faverus,,"6' 0""",215 lbs.,--,Southpaw,25,20,3,,http://ufcstats.com/fighter-details/5af26b3201690d29
Paul,Felder,The Irish Dragon,"5' 11""",155 lbs.,"70.0""",Orthodox,17,6,0,,http://ufcstats.com/fighter-details/e5010b1b94ca5755
Carlos,Felipe,Boi,"6' 0""",245 lbs.,"75.0""",Orthodox,11,2,0,,http://ufcstats.com/fighter-details/a2ea77e974c5889f
JP,Felty,,--,170 lbs.,--,,4,5,0,,http://ufcstats.com/fighter-details/954e3f4e2b0e6510
Feng,Pengchao,,--,135 lbs.,--,,15,9,1,,http://ufcstats.com/fighter-details/86597694317e5e1b
Feng,Xiaocan,,"5' 7""",115 lbs.,"67.0""",Southpaw,10,4,0,,http://ufcstats.com/fighter-details/c940b42df95bbd28
Kevin,Ferguson,Kimbo Slice,"6' 2""",235 lbs.,"77.0""",Orthodox,5,2,0,,http://ufcstats.com/fighter-details/27541033b97c076d
Rhadi,Ferguson,,"5' 7""",205 lbs.,--,,3,0,0,,http://ufcstats.com/fighter-details/15f4550e017f6c7d
Tony,Ferguson,El Cucuy,"5' 11""",170 lbs.,"76.0""",Orthodox,26,11,0,,http://ufcstats.com/fighter-details/22a92d7f62195791
Josh,Ferguson,Taz,"5' 5""",125 lbs.,--,Orthodox,10,5,0,,http://ufcstats.com/fighter-details/b0f316c60f8d3b47
CJ,Fernandes,,"6' 2""",170 lbs.,--,,14,8,3,,http://ufcstats.com/fighter-details/979f7edbb6980b0d
Bibiano,Fernandes,,"5' 7""",139 lbs.,--,Orthodox,20,3,0,,http://ufcstats.com/fighter-details/cbc071cb20ea59c7
Gabriella,Fernandes,Gabi,"5' 6""",125 lbs.,"66.0""",Southpaw,11,4,0,,http://ufcstats.com/fighter-details/a6eb54ae17a551be
Kaue,Fernandes,,"5' 9""",155 lbs.,"73.0""",Orthodox,11,2,0,,http://ufcstats.com/fighter-details/ec13c393d029297d
Emily,Fernandez,,--,--,--,,0,0,0,,http://ufcstats.com/fighter-details/7ee1babb99f30115
Luke,Fernandez,,"6' 1""",205 lbs.,"76.0""",Orthodox,6,1,0,,http://ufcstats.com/fighter-details/d62e280d0f7b6d6f
Lucas,Fernando,,"6' 3""",185 lbs.,"80.0""",,9,2,0,,http://ufcstats.com/fighter-details/3df223aeaacecf3f
Alexandre,Ferreira,Cacareco,"5' 7""",205 lbs.,--,Orthodox,18,6,0,,http://ufcstats.com/fighter-details/28ba5f27e473420c
Cezar,Ferreira,Mutante,"6' 1""",185 lbs.,"78.0""",Southpaw,13,8,0,,http://ufcstats.com/fighter-details/dbc17725b887860a
Diego,Ferreira,,"5' 9""",155 lbs.,"74.0""",Orthodox,19,7,0,,http://ufcstats.com/fighter-details/f53d4f21d1b5f2dc
Erisson,Ferreira,Gato,"5' 6""",125 lbs.,"70.0""",Orthodox,12,2,0,,http://ufcstats.com/fighter-details/1c2a8915f8431507
Brunno,Ferreira,The Hulk,"5' 10""",185 lbs.,"72""",Orthodox,15,4,0,,http://ufcstats.com/fighter-details/1e719d4b676dc19a
Scott,Ferrozzo,The Pitbull,"5' 11""",323 lbs.,--,Orthodox,4,2,0,,http://ufcstats.com/fighter-details/977081bc01197656
Timo,Feucht,,"6' 3""",205 lbs.,"79.0""",Orthodox,8,1,0,,http://ufcstats.com/fighter-details/8c21eb9fd7c4c203
Andre,Fialho,,"6' 0""",170 lbs.,"74.0""",Orthodox,16,8,0,,http://ufcstats.com/fighter-details/33efaf2d0941cfcf
Drew,Fickett,The Master,"5' 10""",155 lbs.,"70.0""",Orthodox,42,21,0,,http://ufcstats.com/fighter-details/d814f5192e58fb2f
Scott,Fiedler,,"6' 4""",235 lbs.,--,Orthodox,0,1,0,,http://ufcstats.com/fighter-details/0ec821423baa26bd
Ron,Fields,Killing,"6' 2""",200 lbs.,--,Orthodox,28,32,1,,http://ufcstats.com/fighter-details/6e380a4d73ab4f0e
Michal,Figlak,Mad Dog,"5' 10""",155 lbs.,"70.0""",Orthodox,8,2,0,,http://ufcstats.com/fighter-details/b4c57a8c2b773e82
Deiveson,Figueiredo,Deus da Guerra,"5' 5""",135 lbs.,"68""",Orthodox,25,7,1,,http://ufcstats.com/fighter-details/aa72b0f831d0bfe5
Francisco,Figueiredo,Sniper,"5' 6""",125 lbs.,"68.0""",Southpaw,13,5,1,,http://ufcstats.com/fighter-details/cdadae5363b66eef
Anthony,Figueroa,,"5' 4""",135 lbs.,--,Orthodox,11,8,1,,http://ufcstats.com/fighter-details/daff32bc96d1eabf
Edwin,Figueroa,El Feroz,"5' 7""",135 lbs.,"69.0""",Orthodox,9,5,0,,http://ufcstats.com/fighter-details/bbfca6d5c27d9cd8
Jonathan,Figueroa,El Picante,--,185 lbs.,--,,16,1,0,,http://ufcstats.com/fighter-details/2226445c4a196dc8
Paulo,Filho,,"5' 8""",185 lbs.,--,Southpaw,23,6,3,,http://ufcstats.com/fighter-details/2abdead94ce73552
Jafel,Filho,Pastor,"5' 7""",125 lbs.,"68.0""",Orthodox,17,5,0,,http://ufcstats.com/fighter-details/65adf3856c4d9256
Andre,Fili,Touchy,"5' 11""",145 lbs.,"74.0""",Orthodox,25,13,0,,http://ufcstats.com/fighter-details/8fd808923cffff82
Mirko,Filipovic,Cro Cop,"6' 2""",230 lbs.,"73.0""",Southpaw,35,11,2,,http://ufcstats.com/fighter-details/c32fb8c0f6471a4d
Brady,Fink,,"6' 0""",183 lbs.,--,Orthodox,2,3,0,,http://ufcstats.com/fighter-details/997b4f52f76a0b53
Jesse,Finney,,"6' 0""",170 lbs.,--,,5,1,0,,http://ufcstats.com/fighter-details/0496cdac0bc9edd8
Jan,Finney,Cuddles,"5' 8""",135 lbs.,--,Orthodox,11,12,0,,http://ufcstats.com/fighter-details/3317823959d32a05
Torrez,Finney,The Punisher,"5' 8""",185 lbs.,"75.0""",Orthodox,11,1,0,,http://ufcstats.com/fighter-details/fbb60f24af5d5a02
Luigi,Fioravanti,,"5' 8""",170 lbs.,"70.0""",Orthodox,26,15,0,,http://ufcstats.com/fighter-details/9583662df31d943f
Nick,Fiore,,"5' 10""",155 lbs.,"72.0""",Orthodox,6,2,0,,http://ufcstats.com/fighter-details/036e96c1c12b8a59
Manon,Fiorot,The Beast,"5' 7""",125 lbs.,"65""",Orthodox,13,2,0,,http://ufcstats.com/fighter-details/34ff304266360297
Luiz,Firmino,Buscape,"5' 6""",154 lbs.,--,Orthodox,19,8,0,,http://ufcstats.com/fighter-details/16d09e800ad7ec79
Spencer,Fisher,The King,"5' 7""",155 lbs.,"68.0""",Southpaw,24,9,0,,http://ufcstats.com/fighter-details/f34312c2ccfa0e00
Chris,Fishgold,,"5' 8""",145 lbs.,"68.0""",Orthodox,18,4,1,,http://ufcstats.com/fighter-details/bebb4ae55ac2bf6f
Bryanna,Fissori,,"5' 4""",145 lbs.,--,,2,4,0,,http://ufcstats.com/fighter-details/5517bd590dbbe1f8
Jon,Fitch,,"6' 0""",170 lbs.,"74.0""",Orthodox,30,7,1,,http://ufcstats.com/fighter-details/6f018c039b4d5d80
Isi,Fitikefu,Doxz,"5' 10""",205 lbs.,--,,6,0,0,,http://ufcstats.com/fighter-details/b8dc5fbf8338adc5
Rafael,Fiziev,Ataman,"5' 8""",155 lbs.,"71.0""",Switch,13,5,0,,http://ufcstats.com/fighter-details/c814b4c899793af6
Colin,Fletcher,The Freakshow,"6' 2""",155 lbs.,--,Orthodox,14,8,0,,http://ufcstats.com/fighter-details/7d09200f6a77b20e
AJ,Fletcher,The Ghost,"5' 10""",170 lbs.,"67.0""",Switch,10,3,0,,http://ufcstats.com/fighter-details/725b1abc9a39d873
Nathan,Fletcher,,"5' 7""",135 lbs.,"70.0""",Orthodox,9,3,0,,http://ufcstats.com/fighter-details/a2d342ffc83913ed
Jimmy,Flick,The Brick,"5' 7""",125 lbs.,"68.0""",Orthodox,17,9,0,,http://ufcstats.com/fighter-details/09e62c450e754913
Luke,Flores,,"6' 0""",155 lbs.,"73.0""",Southpaw,9,2,0,,http://ufcstats.com/fighter-details/b5f44dcb863f595b
Ty,Flores,Big Medicine,"6' 3""",205 lbs.,"73.0""",Switch,7,3,0,,http://ufcstats.com/fighter-details/4bb0f74d5e26f89a
Alejandro,Flores,El Gallito,"5' 10""",145 lbs.,"73.0""",Orthodox,17,3,0,,http://ufcstats.com/fighter-details/d23d5960ac5e117c
Kenny,Florian,KenFlo,"5' 10""",145 lbs.,"74.0""",Southpaw,14,6,0,,http://ufcstats.com/fighter-details/cb139171ed1b69fe
Darrius,Flowers,Beast Mode,"5' 9""",155 lbs.,"71.0""",Orthodox,13,8,1,,http://ufcstats.com/fighter-details/65db4065e2bc107d
Cody,Floyd,,--,--,--,,2,0,0,,http://ufcstats.com/fighter-details/8164250600b7c91b
Bobby,Flynn,,--,170 lbs.,--,,6,4,0,,http://ufcstats.com/fighter-details/c97fc5fbf7d32b8a
Caros,Fodor,The Future,"5' 9""",155 lbs.,"74.0""",Orthodox,11,6,0,,http://ufcstats.com/fighter-details/01d2ed8c502e3828
Mal,Foki,Twin Tiger,"5' 7""",220 lbs.,--,Orthodox,5,5,0,,http://ufcstats.com/fighter-details/fa534853eb195270
Matt,Foki,Twin Tiger,"5' 7""",220 lbs.,--,Orthodox,5,4,0,,http://ufcstats.com/fighter-details/5de61b03868035ff
AJ,Fonseca,,"5' 4""",145 lbs.,--,,5,4,0,,http://ufcstats.com/fighter-details/0adf1aacda5e26ac
Rob,Font,,"5' 8""",135 lbs.,"71.0""",Orthodox,22,10,0,,http://ufcstats.com/fighter-details/05339613bf8e9808
Claudionor,Fontinelle,,"5' 5""",185 lbs.,--,Orthodox,10,15,1,,http://ufcstats.com/fighter-details/7a82635ffa9b59fe
Jesse,Forbes,Kid Hercules,"6' 2""",185 lbs.,"75.0""",Southpaw,15,5,0,,http://ufcstats.com/fighter-details/947eccadb72f4f6f
Sterling,Ford,,"5' 10""",155 lbs.,--,,15,7,0,,http://ufcstats.com/fighter-details/a71ce6ff0b4a9dbb
Codale,Ford,Crunch Time,"5' 9""",170 lbs.,--,,11,9,0,,http://ufcstats.com/fighter-details/5340123d826ceadb
Raheam,Forest,Rambo,"5' 11""",170 lbs.,"73.0""",Switch,7,2,0,,http://ufcstats.com/fighter-details/90390dd1b0791e7f
Jussier,Formiga,,"5' 5""",125 lbs.,"67.0""",Orthodox,23,8,0,,http://ufcstats.com/fighter-details/b102c26727306ab6
Carol,Foro,Anabelle,"5' 2""",115 lbs.,"61.0""",Orthodox,9,1,0,,http://ufcstats.com/fighter-details/77ba5b2939c4018b
Renee,Forte,,"5' 7""",155 lbs.,"71.0""",Orthodox,8,4,0,,http://ufcstats.com/fighter-details/44bc27bfa76dcd9e
Brianna,Fortino,The Bull,"5' 0""",115 lbs.,"62.0""",Southpaw,9,3,0,,http://ufcstats.com/fighter-details/b53c46f613f6f248
Marcel,Fortuna,,"6' 1""",205 lbs.,"74.0""",Orthodox,9,3,0,,http://ufcstats.com/fighter-details/d761b3766e38c5db
Tyrell,Fortune,,"6' 0""",259 lbs.,"75.0""",Orthodox,18,3,0,,http://ufcstats.com/fighter-details/bc7f4b2d4c2724a2
Brian,Foster,The Foster Boy,"5' 9""",170 lbs.,"71.0""",Orthodox,27,10,0,,http://ufcstats.com/fighter-details/3dc3022232b79c7a
Xavier,Foupa-Pokam,Professor X,"6' 1""",185 lbs.,--,Open Stance,32,22,0,,http://ufcstats.com/fighter-details/ec33146e43e58933
Mason,Fowler,,"5' 11""",170 lbs.,--,,2,0,0,,http://ufcstats.com/fighter-details/d745d4146be48679
Brandon,Foxworth,,"5' 11""",145 lbs.,--,Orthodox,18,4,0,,http://ufcstats.com/fighter-details/f65a0eb902f9476b
Hermes,Franca,,"5' 6""",155 lbs.,"71.0""",Orthodox,24,17,0,,http://ufcstats.com/fighter-details/e0ec3c3b6b611f7e
Glaico,Franca Moreira,Nego,"6' 0""",155 lbs.,"77.0""",Orthodox,15,5,0,,http://ufcstats.com/fighter-details/00a3ff40c4b2cf21
Francisco,France,Kiko,"6' 0""",205 lbs.,--,,13,5,1,,http://ufcstats.com/fighter-details/ecfdbf38681a59ba
John,Franchi,,"5' 6""",145 lbs.,"67.0""",Orthodox,6,2,0,,http://ufcstats.com/fighter-details/b9532d815060de7f
Felipe,Franco,,"6' 1""",205 lbs.,"76.0""",Orthodox,10,2,0,,http://ufcstats.com/fighter-details/e564146b9cf6dbef
Rich,Franklin,Ace,"6' 1""",185 lbs.,"76.0""",Southpaw,29,7,0,,http://ufcstats.com/fighter-details/d897897060f10a3a
Xavier,Franklin,Mr. Benjamin,"5' 6""",135 lbs.,"66.0""",Southpaw,5,1,0,,http://ufcstats.com/fighter-details/90957a918e26bf9c
Zoila,Frausto,Warrior Princess,"5' 4""",135 lbs.,--,Orthodox,13,5,0,,http://ufcstats.com/fighter-details/040d3b4c735541aa
Stephanie,Frausto,Lil Bovy,"5' 2""",115 lbs.,"61.0""",Orthodox,8,7,0,,http://ufcstats.com/fighter-details/fee02819a271c050
Zane,Frazier,Nasty,"6' 5""",250 lbs.,--,Orthodox,4,11,0,,http://ufcstats.com/fighter-details/d3711d3784b76255
Gary,Frazier,,"6' 0""",245 lbs.,--,Orthodox,3,3,0,,http://ufcstats.com/fighter-details/3beeeafcbc8b4cbc
Justin,Frazier,The Grizzly Bear,"6' 0""",265 lbs.,"75.0""",Southpaw,10,3,0,,http://ufcstats.com/fighter-details/78863e4a28204a6b
Ian,Freeman,The Machine,"5' 11""",225 lbs.,--,Orthodox,20,7,1,,http://ufcstats.com/fighter-details/b4bc2e3353a770b5
Jason,Freeman,,"6' 2""",225 lbs.,--,,6,4,0,,http://ufcstats.com/fighter-details/5870bd1eadf4f322
Kennedy,Freeman,The Machine 2.0,--,125 lbs.,--,,6,0,0,,http://ufcstats.com/fighter-details/63d071997c75e3fd
Denzel,Freeman,Luke Fox,"6' 1""",265 lbs.,"77.0""",Southpaw,7,2,0,,http://ufcstats.com/fighter-details/b5c19c34f12c917e
Willamy,Freire,Chiquerim,"5' 8""",155 lbs.,--,Orthodox,26,6,0,,http://ufcstats.com/fighter-details/f1f37d667bcd0d27
Patricky,Freire,Pitbull,"5' 7""",155 lbs.,"71.0""",,17,8,0,,http://ufcstats.com/fighter-details/90e6dde9113830bd
Jeremy,Freitag,,"6' 1""",205 lbs.,--,,6,10,0,,http://ufcstats.com/fighter-details/a47e9ec288c91067
Rafael,Freitas,Capoeira,--,205 lbs.,--,Orthodox,3,6,0,,http://ufcstats.com/fighter-details/14b9e0f2679a2205
Donavon,Frelow,,"5' 7""",135 lbs.,--,Orthodox,6,3,0,,http://ufcstats.com/fighter-details/9aa56f004b2bca07
Josh,Fremd,,"6' 4""",185 lbs.,"76.0""",Orthodox,11,6,0,,http://ufcstats.com/fighter-details/ca43de99b07b6b40
Clay,French,,"5' 7""",161 lbs.,--,Southpaw,19,7,0,,http://ufcstats.com/fighter-details/73321668ff977f1b
Mike,French,,"5' 10""",145 lbs.,--,,9,10,0,,http://ufcstats.com/fighter-details/756f45905fb20cb5
Matt,Frevola,The SteamRolla,"5' 9""",155 lbs.,"71.0""",Orthodox,11,6,1,,http://ufcstats.com/fighter-details/dccb63727f2f5f74
Jinh Yu,Frey,,"5' 3""",115 lbs.,"65.0""",Southpaw,11,10,0,,http://ufcstats.com/fighter-details/d05cb1e8d1b885d8
Artem,Frolov,,"5' 10""",185 lbs.,--,,11,0,0,,http://ufcstats.com/fighter-details/ee704df0afd74558
Sarah,Frota,A Treta,"5' 6""",125 lbs.,"69.0""",Southpaw,9,2,0,,http://ufcstats.com/fighter-details/1641ef250e9de19b
Daniel,Frunza,,"6' 1""",170 lbs.,"73.0""",Orthodox,9,4,0,,http://ufcstats.com/fighter-details/7cec3c4a5e7b6d68
Don,Frye,The Predator,"6' 1""",219 lbs.,--,Orthodox,20,9,1,,http://ufcstats.com/fighter-details/271fe91f4ba9d2c5
Allen,Frye Jr.,,"6' 5""",265 lbs.,"80.0""",Orthodox,6,1,0,,http://ufcstats.com/fighter-details/73a78713bd899f4c
Tony,Fryklund,The Freak,"6' 0""",185 lbs.,--,Orthodox,14,9,1,,http://ufcstats.com/fighter-details/253de74457bd6374
Adam,Fugitt,,"6' 1""",170 lbs.,"77.0""",Southpaw,10,6,0,,http://ufcstats.com/fighter-details/a01a62132460a98d
Jesse,Fujarczyk,The Ronin,"6' 4""",225 lbs.,--,Southpaw,2,2,0,,http://ufcstats.com/fighter-details/c3c38c86f5ab9b5c
Katsuhisa,Fujii,Shamoji,"6' 0""",205 lbs.,--,Orthodox,9,18,1,,http://ufcstats.com/fighter-details/d71d968dc6ecfdaf
Megumi,Fujii,Mega Megu,"5' 3""",113 lbs.,--,,26,3,0,,http://ufcstats.com/fighter-details/fb6c531726447ff3
Kazuyuki,Fujita,Ironhead,"6' 0""",235 lbs.,--,Orthodox,15,12,0,,http://ufcstats.com/fighter-details/b1605ea39fba6af6
Keisuke,Fujiwara,,"5' 6""",139 lbs.,--,Switch,17,12,5,,http://ufcstats.com/fighter-details/ccd58ff71e260ed5
Riki,Fukuda,,"6' 0""",185 lbs.,"73.0""",Southpaw,24,9,0,,http://ufcstats.com/fighter-details/7c35f869033901ae
Machi,Fukuda,,--,115 lbs.,--,,10,2,0,,http://ufcstats.com/fighter-details/42189c98d434a413
Masio,Fullen,Lobo,"5' 10""",145 lbs.,"70.0""",Orthodox,11,7,0,,http://ufcstats.com/fighter-details/4638cc6479cc0afe
Travis,Fulton,The Ironman,"6' 0""",240 lbs.,--,Orthodox,253,53,10,,http://ufcstats.com/fighter-details/911fb265462f0d94
Sam,Fulton,,--,--,--,,0,2,0,,http://ufcstats.com/fighter-details/1f5f75658551f2d3
Masakatsu,Funaki,,"6' 0""",185 lbs.,--,Southpaw,39,13,2,,http://ufcstats.com/fighter-details/aa3153a9941b4d44
Ricardo,Funch,Golden Boy,"5' 10""",170 lbs.,"74.0""",Southpaw,9,6,0,,http://ufcstats.com/fighter-details/e9e1acc96536bb4f
Katsuaki,Furuki,,"6' 0""",168 lbs.,--,,1,1,0,,http://ufcstats.com/fighter-details/c3e2eca94b2320bc
James,Gabert,,--,178 lbs.,--,,6,4,0,,http://ufcstats.com/fighter-details/fcd8b623892b9a10
Gustavo,Gabriel,,"5' 6""",125 lbs.,--,Orthodox,13,1,0,,http://ufcstats.com/fighter-details/fe98f86284a6eeb3
Claudia,Gadelha,Claudinha,"5' 4""",115 lbs.,"63.0""",Orthodox,18,5,0,,http://ufcstats.com/fighter-details/ec34349e7dffcde7
Alavutdin,Gadjiev,,"6' 2""",185 lbs.,--,Orthodox,18,13,1,,http://ufcstats.com/fighter-details/a7a79b8efbceaaac
Magomed,Gadzhiyasulov,,"6' 2""",205 lbs.,"75.0""",Orthodox,9,1,0,,http://ufcstats.com/fighter-details/6e344b71421103da
Justin,Gaethje,The Highlight,"5' 11""",155 lbs.,"70.0""",Orthodox,27,5,0,,http://ufcstats.com/fighter-details/9e8f6c728eb01124
Sheila,Gaff,The German Tank,"5' 5""",135 lbs.,--,Orthodox,9,7,0,,http://ufcstats.com/fighter-details/837d30395faca41e
Muin,Gafurov,Tajik,"5' 7""",135 lbs.,"68.0""",Orthodox,20,7,0,,http://ufcstats.com/fighter-details/a54660deb6a8489c
Mitch,Gagnon,,"5' 5""",135 lbs.,"65.0""",Southpaw,12,5,0,,http://ufcstats.com/fighter-details/b8592b4a383696cd
Brandon,Gaines,,"6' 3""",185 lbs.,--,,5,21,0,,http://ufcstats.com/fighter-details/8e6cfbd455f0f9c2
Travis,Galbraith,The Gladiator,"6' 0""",170 lbs.,--,Orthodox,18,7,0,,http://ufcstats.com/fighter-details/06dc1a58663579d2
Dave,Galera,Scarecrow,"5' 11""",135 lbs.,--,Orthodox,5,1,0,,http://ufcstats.com/fighter-details/0876d21328cf4a45
Zelg,Galesic,Benkei,"6' 2""",185 lbs.,--,Orthodox,11,9,0,,http://ufcstats.com/fighter-details/8a1b4330c7957961
Mickey,Gall,,"6' 2""",170 lbs.,"74.0""",Switch,7,7,0,,http://ufcstats.com/fighter-details/9e50097a89442158
Daniel,Gallemore,Big Kansas,"6' 5""",265 lbs.,--,,7,3,0,,http://ufcstats.com/fighter-details/96706c75a2b14164
Tom,Gallicchio,Da Tank,"5' 10""",170 lbs.,--,Southpaw,19,10,0,,http://ufcstats.com/fighter-details/cc81c92fe2254935
Turrell,Galloway,,"5' 3""",145 lbs.,--,,8,6,0,,http://ufcstats.com/fighter-details/7e654edcddd71550
Eric,Galvan,,--,155 lbs.,--,,0,0,0,,http://ufcstats.com/fighter-details/ad3fdba28a7540cf
Andre,Galvao,,"5' 7""",168 lbs.,--,Orthodox,5,2,0,,http://ufcstats.com/fighter-details/45fe6765c56d8018
Marcos,Galvao,Loro,"5' 7""",135 lbs.,--,Orthodox,18,8,1,,http://ufcstats.com/fighter-details/e15d0a2519d6a0b5
Lucas,Gamaza,,--,170 lbs.,--,,8,4,0,,http://ufcstats.com/fighter-details/289a3b69b85da7cd
Joey,Gambino,The Raging Warrior,"5' 7""",145 lbs.,--,Orthodox,9,2,0,,http://ufcstats.com/fighter-details/10559c53de0b950e
Manvel,Gamburyan,The Anvil,"5' 5""",135 lbs.,"67.0""",Orthodox,15,10,0,,http://ufcstats.com/fighter-details/cc6f9d1e89f3449a
Mateusz,Gamrot,Gamer,"5' 10""",155 lbs.,"70.0""",Southpaw,26,4,0,,http://ufcstats.com/fighter-details/72db2a14ffa73ece
Shamil,Gamzatov,,"6' 2""",205 lbs.,"76.0""",Orthodox,14,1,0,,http://ufcstats.com/fighter-details/0d980975001ae3d8
Ryan,Gandra,Problema,"6' 1""",185 lbs.,"74""",Orthodox,10,1,0,,http://ufcstats.com/fighter-details/e463ce0a2ca474f4
Ariel,Gandulla,,"5' 11""",205 lbs.,--,Orthodox,7,9,0,,http://ufcstats.com/fighter-details/41904fc4d3f5bffc
Ciryl,Gane,Bon Gamin,"6' 4""",247 lbs.,"81.0""",Orthodox,13,2,0,,http://ufcstats.com/fighter-details/787bb1f087ccff8a
Sean,Gannon,The Cannon,"6' 3""",265 lbs.,--,Southpaw,2,1,0,,http://ufcstats.com/fighter-details/6d7886b094b471ac
Tommy,Gantt,,"5' 11""",155 lbs.,"76.0""",Orthodox,12,0,0,,http://ufcstats.com/fighter-details/de83f920fd302871
Junye,Gao,,--,125 lbs.,--,,19,12,0,,http://ufcstats.com/fighter-details/8b27d25ce0221d60
Eduardo,Garagorri,,"5' 9""",145 lbs.,"70.0""",Orthodox,13,2,0,,http://ufcstats.com/fighter-details/7bde387d50829adf
Cody,Garbrandt,No Love,"5' 8""",135 lbs.,"65.0""",Orthodox,15,7,0,,http://ufcstats.com/fighter-details/d8c7c61b176e3994
Leonard,Garcia,Bad Boy,"5' 10""",145 lbs.,"68.0""",Orthodox,18,13,1,,http://ufcstats.com/fighter-details/917e53fa0adea0d3
Edgar,Garcia,,"5' 10""",170 lbs.,"71.0""",Orthodox,14,5,0,,http://ufcstats.com/fighter-details/8d49545dadf9b919
Alejandro,Garcia,Alex,"5' 7""",145 lbs.,--,,14,10,0,,http://ufcstats.com/fighter-details/e5dc36e0aba7e9da
Alex,Garcia,The Dominican Nightmare,"5' 9""",170 lbs.,"72.0""",Orthodox,15,6,0,,http://ufcstats.com/fighter-details/a2b12c3f3d60ff69
Nick,Garcia,Nitro,"5' 4""",125 lbs.,--,,8,3,0,,http://ufcstats.com/fighter-details/8a04d94dfcfab159
Steve,Garcia,Mean Machine,"6' 0""",145 lbs.,"75.0""",Southpaw,19,5,0,,http://ufcstats.com/fighter-details/97cf1a2c7c5e7889
Elias,Garcia,,"5' 5""",125 lbs.,"67.0""",Southpaw,6,2,0,,http://ufcstats.com/fighter-details/ac5a7400da3a9a41
Rafa,Garcia,Gifted,"5' 7""",155 lbs.,"70""",Orthodox,19,4,0,,http://ufcstats.com/fighter-details/e132d47bd9efbbe0
Fernie,Garcia,,"5' 7""",135 lbs.,"67.0""",Orthodox,10,5,0,,http://ufcstats.com/fighter-details/9e92e1ca498d7244
Rulon,Gardner,,"6' 3""",265 lbs.,--,Orthodox,1,0,0,,http://ufcstats.com/fighter-details/4f7e290e71d60f87
David,Gardner,,"5' 11""",155 lbs.,--,Orthodox,18,21,0,,http://ufcstats.com/fighter-details/70167689d6a01793
Pablo,Garza,The Scarecrow,"6' 1""",145 lbs.,"73.0""",Orthodox,12,4,0,,http://ufcstats.com/fighter-details/8e5bfd4e82352340
Azamat,Gashimov,,"5' 6""",125 lbs.,--,Orthodox,8,3,0,,http://ufcstats.com/fighter-details/a1b0715c4fd2dbd3
Brian,Gassaway,,"6' 1""",170 lbs.,--,Orthodox,29,20,2,,http://ufcstats.com/fighter-details/e4770d5ed44a3970
Kelvin,Gastelum,,"5' 9""",185 lbs.,"71.0""",Southpaw,21,11,0,,http://ufcstats.com/fighter-details/8c0580d4fff106c1
Willie,Gates,,"5' 8""",125 lbs.,"72.0""",Orthodox,12,7,0,,http://ufcstats.com/fighter-details/6ded9184b2284645
Melissa,Gatto,,"5' 5""",125 lbs.,"69.0""",Orthodox,9,3,2,,http://ufcstats.com/fighter-details/a4a80dd7336ffd59
Sean,Gauci,,"5' 5""",125 lbs.,"64.0""",Switch,10,1,0,,http://ufcstats.com/fighter-details/d758f272d94f5866
Louis,Gaudinot,Goodnight,"5' 3""",125 lbs.,"63.0""",Orthodox,8,4,0,,http://ufcstats.com/fighter-details/b72a60a0cadff408
Ateba,Gautier,The Storm,"6' 4""",185 lbs.,"81""",Switch,11,1,0,,http://ufcstats.com/fighter-details/2f815ed5f8278ba6
Manuel,Gaxhja,,"5' 8""",155 lbs.,--,Switch,7,0,0,,http://ufcstats.com/fighter-details/618643d0d5c0631d
Shamil,Gaziev,,"6' 4""",265 lbs.,"78.0""",Orthodox,14,3,0,,http://ufcstats.com/fighter-details/6747ccd6d1acd266
Charlene,Gellner,Princess,"5' 2""",125 lbs.,--,,0,4,0,,http://ufcstats.com/fighter-details/effd0b70e6749ab2
Chad,George,Savage,"5' 6""",135 lbs.,"68.0""",Southpaw,16,8,0,,http://ufcstats.com/fighter-details/14e797332ea32cdb
Paul,Georgieff,,"6' 2""",170 lbs.,--,Orthodox,6,2,0,,http://ufcstats.com/fighter-details/2f1700b3a4a09bc7
Brian,Geraghty,Duke,"5' 7""",155 lbs.,--,Orthodox,26,18,1,,http://ufcstats.com/fighter-details/15edcf67ccf5be84
Derek,Getzel,The Pretzel,"6' 0""",155 lbs.,--,,8,5,0,,http://ufcstats.com/fighter-details/42883268854b78be
Karine,Gevorgyan,The Princess,"5' 4""",125 lbs.,"63.0""",,3,3,0,,http://ufcstats.com/fighter-details/2db0c114414d4f06
Yanis,Ghemmouri,The Desert Warrior,"5' 9""",135 lbs.,"69.0""",Orthodox,12,3,0,,http://ufcstats.com/fighter-details/eb70e786bbdf1d16
Darrel,Gholar,,"5' 8""",194 lbs.,--,Orthodox,5,6,0,,http://ufcstats.com/fighter-details/a24e080000fa7a35
Tiki,Ghosn,,"5' 10""",170 lbs.,--,Orthodox,10,7,1,,http://ufcstats.com/fighter-details/cb6783c39c01d896
Christos,Giagos,The Spartan,"5' 10""",155 lbs.,"71.0""",Orthodox,20,12,0,,http://ufcstats.com/fighter-details/de45aaae23dfa392
Joe,Giannetti,,"6' 0""",155 lbs.,"74.0""",Southpaw,6,1,0,,http://ufcstats.com/fighter-details/946db8a378903cc3
Nick,Gibbons,,"5' 10""",155 lbs.,--,,2,1,0,,http://ufcstats.com/fighter-details/96a221341035b701
James,Giboo,,"5' 11""",170 lbs.,--,Orthodox,13,5,0,,http://ufcstats.com/fighter-details/f74e037b97917027
Lance,Gibson,Fearless,"5' 9""",185 lbs.,--,Orthodox,4,5,0,,http://ufcstats.com/fighter-details/63eedfcc73071d41
Lee,Gibson,Lethal,"5' 7""",155 lbs.,--,,12,4,0,,http://ufcstats.com/fighter-details/69db199087a1a792
Cody,Gibson,The Renegade,"5' 10""",135 lbs.,"71.0""",Orthodox,22,12,0,,http://ufcstats.com/fighter-details/700a674c042b7a96
Chase,Gibson,El Guero,"5' 10""",155 lbs.,"72.0""",Orthodox,9,5,0,,http://ufcstats.com/fighter-details/09439946214993bc
Lance,Gibson Jr.,Fearless,"5' 9""",155 lbs.,"72.0""",Switch,10,2,0,,http://ufcstats.com/fighter-details/07bc580bdf3eb9c8
Kenny,Giddens,,"5' 11""",155 lbs.,--,,12,7,0,,http://ufcstats.com/fighter-details/db8b800176d26f6e
Thomas,Gifford,The Young Lion,"6' 1""",155 lbs.,"75.0""",Orthodox,14,9,0,,http://ufcstats.com/fighter-details/e7f51d9f9e9259e7
Joseph,Gigliotti,Capo,"5' 11""",185 lbs.,--,Orthodox,7,2,0,,http://ufcstats.com/fighter-details/83825fad27ab3581
Joey,Gilbert,,"5' 11""",155 lbs.,--,Orthodox,2,3,0,,http://ufcstats.com/fighter-details/6bb1d2b714d4b3bc
Trevin,Giles,,"6' 0""",170 lbs.,"74.0""",Orthodox,16,7,0,,http://ufcstats.com/fighter-details/b27a1fcb56a3035a
Kultar,Gill,Black Mamba,"6' 0""",154 lbs.,--,Orthodox,12,8,0,,http://ufcstats.com/fighter-details/42c96a9c4802e2e1
Jesse,Gillespie,,--,185 lbs.,--,,3,2,0,,http://ufcstats.com/fighter-details/160b931119c1bf91
Gregor,Gillespie,The Gift,"5' 7""",155 lbs.,"71.0""",Orthodox,14,1,0,,http://ufcstats.com/fighter-details/84ff027394f7e470
Jason,Gilliam,,"6' 0""",170 lbs.,--,Orthodox,14,9,0,,http://ufcstats.com/fighter-details/91720876db0ee468
Micheal,Gillmore,The Gentleman,"5' 11""",170 lbs.,"72.0""",Orthodox,6,5,0,,http://ufcstats.com/fighter-details/ce175eaafe867d1f
Krishaun,Gilmore,,--,--,--,,0,1,0,,http://ufcstats.com/fighter-details/10ccdcd14c3dfcf1
Alex,Gilpin,,"5' 7""",145 lbs.,--,Orthodox,11,1,0,,http://ufcstats.com/fighter-details/762c69860eef65d8
Bob,Gilstrap,,"6' 3""",200 lbs.,--,Orthodox,5,7,0,,http://ufcstats.com/fighter-details/c96518b7f6881004
Max,Gimenis,,"6' 2""",256 lbs.,"75.0""",Orthodox,6,2,0,,http://ufcstats.com/fighter-details/6a311920edd73c85
Eperaim,Ginting,The Wolfman,"5' 4""",135 lbs.,"64.0""",Orthodox,6,1,0,,http://ufcstats.com/fighter-details/bad8ed7d714f1493
Demetrius,Gioulacos,,"5' 11""",185 lbs.,--,,0,1,0,,http://ufcstats.com/fighter-details/a58114c6dd0add64
Billy,Giovanella,Wolverine,"5' 8""",125 lbs.,--,,9,5,0,,http://ufcstats.com/fighter-details/c1ea31a904fe08a9
He-Man,Gipson,,--,--,--,,1,2,0,,http://ufcstats.com/fighter-details/3e03cec9767d37e6
Israel,Giron,El Rojo,"5' 8""",155 lbs.,--,,19,5,0,,http://ufcstats.com/fighter-details/4b4f6abdce986be6
Brandon,Girtz,Cold Roll,"5' 7""",155 lbs.,--,,14,7,0,,http://ufcstats.com/fighter-details/81f1810f72df8f25
Jason,Glaza,,"6' 0""",230 lbs.,--,,3,2,0,,http://ufcstats.com/fighter-details/fda067e842b07466
Mike,Glenn,,--,205 lbs.,--,,5,6,0,,http://ufcstats.com/fighter-details/ed133185689088b3
Ricky,Glenn,The Gladiator,"6' 0""",170 lbs.,"70.0""",Southpaw,22,9,2,,http://ufcstats.com/fighter-details/814ff3018127e8fc
Ivan,Gnizditskiy,,--,205 lbs.,--,,5,0,0,,http://ufcstats.com/fighter-details/057a241e4ba90c4d
Mark,Godbeer,The Hand Of,"6' 4""",240 lbs.,"77.0""",Orthodox,13,4,0,,http://ufcstats.com/fighter-details/ad56b3f00ca38dfd
Clint,Godfrey,,"5' 6""",135 lbs.,--,Southpaw,13,3,0,,http://ufcstats.com/fighter-details/bd85ca0bb4f26cfc
Loopy,Godinez,,"5' 2""",115 lbs.,"61.0""",Orthodox,14,6,0,,http://ufcstats.com/fighter-details/8e5d953bdb9ae5e7
Jason,Godsey,,"6' 2""",230 lbs.,--,Orthodox,16,16,0,,http://ufcstats.com/fighter-details/5ca158b1cc9cb242
Allan,Goes,,"6' 0""",205 lbs.,--,Orthodox,10,5,2,,http://ufcstats.com/fighter-details/e62b36885ecdac27
Billy Ray,Goff,,"5' 10""",170 lbs.,"72.0""",Switch,9,4,0,,http://ufcstats.com/fighter-details/fa07345cc9db5cc9
Amiran,Gogoladze,,"6' 1""",170 lbs.,"74.0""",Switch,14,3,0,,http://ufcstats.com/fighter-details/5d1636b6c1688502
Jonny,Goh,,"5' 11""",155 lbs.,--,,3,4,0,,http://ufcstats.com/fighter-details/e86af30738a5452a
Hannah,Goldy,24K,"5' 4""",115 lbs.,"61.0""",Orthodox,6,4,0,,http://ufcstats.com/fighter-details/26e3f3928b1891d9
Marcelo,Golm,,"6' 3""",249 lbs.,"75.0""",Orthodox,6,3,0,,http://ufcstats.com/fighter-details/ac29d508d78384c9
Denise,Gomes,Dee,"5' 2""",115 lbs.,"63.0""",Orthodox,12,3,0,,http://ufcstats.com/fighter-details/cffb87059e645bd1
Sergio,Gomez,,"5' 6""",155 lbs.,--,Orthodox,10,3,0,,http://ufcstats.com/fighter-details/af1e5c64b8663aa0
Frank,Gomez,,"5' 10""",135 lbs.,"67.0""",Orthodox,10,6,0,,http://ufcstats.com/fighter-details/a0a680fe2f6cc8e6
Alan,Gomez,,--,155 lbs.,--,,2,0,0,,http://ufcstats.com/fighter-details/0a66de3a797cf73a
David,Gomez,,--,155 lbs.,--,,1,2,0,,http://ufcstats.com/fighter-details/489413d3be819647
Ulysses,Gomez,Useless,"5' 6""",125 lbs.,--,Orthodox,9,5,0,,http://ufcstats.com/fighter-details/1e35aa8955794580
Joey,Gomez,KO King,"5' 10""",135 lbs.,"73.0""",Orthodox,6,2,0,,http://ufcstats.com/fighter-details/0778f94eb5d588a5
Luis,Gomez,Tiger Junior,"5' 7""",145 lbs.,"68.0""",Orthodox,4,1,0,,http://ufcstats.com/fighter-details/513e84bfe65ff509
Joey,Gomez,,"5' 10""",155 lbs.,"71.0""",Orthodox,7,1,0,,http://ufcstats.com/fighter-details/3a28e1e641366308
Edson,Gomez,,"5' 8""",170 lbs.,"69.0""",Switch,6,2,0,,http://ufcstats.com/fighter-details/e90f4291f93708e6
Silvana,Gomez Juarez,La Malvada,"5' 3""",115 lbs.,"65.0""",Orthodox,11,5,0,,http://ufcstats.com/fighter-details/b4880ef2f838d4e1
Takanori,Gomi,The Fireball Kid,"5' 7""",155 lbs.,"70.0""",Southpaw,35,14,0,,http://ufcstats.com/fighter-details/3be081c29bf734d9
William,Gomis,Jaguar,"6' 0""",145 lbs.,"73.0""",Southpaw,15,4,0,,http://ufcstats.com/fighter-details/e1d40e8782d80bc2
Akihiro,Gono,,"5' 7""",170 lbs.,"68.0""",Switch,35,21,8,,http://ufcstats.com/fighter-details/b2acebbef8da14ea
Gabriel,Gonzaga,Napao,"6' 2""",242 lbs.,"76.0""",Orthodox,17,11,0,,http://ufcstats.com/fighter-details/270b89c00ef0c55c
Justin,Gonzales,J-Train,"5' 9""",145 lbs.,"72.0""",Orthodox,6,0,0,,http://ufcstats.com/fighter-details/94535f76f43b466a
Fernando,Gonzalez,The Menifee Maniac,"5' 9""",170 lbs.,"68.0""",Southpaw,26,14,0,,http://ufcstats.com/fighter-details/be5aab761c40ef35
Nick,Gonzalez,The Ghost,"5' 6""",155 lbs.,--,Orthodox,17,12,0,,http://ufcstats.com/fighter-details/28d8638ea0a71908
Fabian,Gonzalez,,"5' 10""",135 lbs.,--,,2,1,0,,http://ufcstats.com/fighter-details/69c071bc2621e8b0
Lewis,Gonzalez,Lethal,"5' 10""",170 lbs.,--,Orthodox,11,3,0,,http://ufcstats.com/fighter-details/2ff2e6e5abea3e53
Jason,Gonzalez,Nicoya,"6' 2""",155 lbs.,"74.0""",Southpaw,11,5,0,,http://ufcstats.com/fighter-details/e45cfa47f504033a
Pearl,Gonzalez,,"5' 4""",115 lbs.,--,Orthodox,6,3,0,,http://ufcstats.com/fighter-details/1ebdcb7488d0ebee
Jorge,Gonzalez,Street,"6' 2""",205 lbs.,"76.0""",Orthodox,16,4,0,,http://ufcstats.com/fighter-details/ff175a137b395e2b
Mikey,Gonzalez,Rolls,"5' 11""",155 lbs.,"74.0""",Orthodox,7,2,0,,http://ufcstats.com/fighter-details/de47c33e48b0ce38
Erick,Gonzalez,The Ghost Pepper,"5' 11""",155 lbs.,"75.0""",Orthodox,14,8,0,,http://ufcstats.com/fighter-details/a2ccf35a88346a91
Jennifer,Gonzalez,Jefa,"5' 2""",125 lbs.,--,,13,5,0,,http://ufcstats.com/fighter-details/4f1a48f4e6ffb007
Kier,Gooch,,--,155 lbs.,--,,2,7,0,,http://ufcstats.com/fighter-details/1bda4867f1baceac
Lyman,Good,Cyborg,"6' 0""",170 lbs.,"74.0""",Orthodox,21,6,0,,http://ufcstats.com/fighter-details/4e0692ad070976e4
Jared,Gooden,NiteTrain,"6' 0""",170 lbs.,"77.0""",Orthodox,23,10,0,,http://ufcstats.com/fighter-details/c730a0be691dc081
Gary,Goodridge,Big Daddy,"6' 3""",249 lbs.,--,Orthodox,23,22,1,,http://ufcstats.com/fighter-details/fbbde91f7bc2d3c5
Jordan,Goodwin,,--,155 lbs.,--,,0,0,0,,http://ufcstats.com/fighter-details/7f98d9d5a10fa25c
Gerard,Gordeau,,"6' 5""",216 lbs.,--,Orthodox,2,2,0,,http://ufcstats.com/fighter-details/279093302a6f44b3
Eddie,Gordon,Truck,"6' 0""",185 lbs.,"76.0""",Orthodox,8,4,0,,http://ufcstats.com/fighter-details/8cad40a75e5c97f5
Jared,Gordon,Flash,"5' 9""",155 lbs.,"68.0""",Orthodox,21,9,0,,http://ufcstats.com/fighter-details/7026eca45f65377b
Tebaris,Gordon,Boom,"6' 1""",265 lbs.,--,Orthodox,3,1,0,,http://ufcstats.com/fighter-details/68c4ca70067bf282
Malcolm,Gordon,X,"5' 7""",125 lbs.,"71.0""",Switch,14,8,0,,http://ufcstats.com/fighter-details/dee294e9717012c2
Tresean,Gore,Mr. Vicious,"6' 0""",185 lbs.,"75.0""",Switch,7,4,0,,http://ufcstats.com/fighter-details/147e70aa6cc48cfc
Alex,Gorgees,Hitman,"6' 2""",155 lbs.,"74.0""",Switch,6,1,0,,http://ufcstats.com/fighter-details/803bebcfb6d6f506
Themba,Gorimbo,Mamba,"6' 1""",170 lbs.,"77.0""",Orthodox,14,7,0,,http://ufcstats.com/fighter-details/40f3cb27fc7305a1
Tim,Gorman,The Psycho,"5' 5""",135 lbs.,--,Southpaw,9,4,0,,http://ufcstats.com/fighter-details/c10eb2f12c489f6d
Chase,Gormley,,"6' 3""",265 lbs.,--,Orthodox,14,6,0,,http://ufcstats.com/fighter-details/052ceb8976695342
Jonathan,Goulet,The Road Warrior,"6' 0""",170 lbs.,"73.0""",Orthodox,23,12,0,,http://ufcstats.com/fighter-details/fb1538b46877a695
Thibault,Gouti,GT,"5' 10""",155 lbs.,"72.0""",Orthodox,12,5,0,,http://ufcstats.com/fighter-details/51e86de150ee8be6
Wilson,Gouveia,,"6' 1""",185 lbs.,"76.0""",Orthodox,14,8,0,,http://ufcstats.com/fighter-details/af5b208e97f5d382
Todd,Gouwenberg,,"6' 1""",205 lbs.,--,Orthodox,9,5,0,,http://ufcstats.com/fighter-details/c44acf87e376c62b
Hugo,Govea,,--,--,--,,0,1,0,,http://ufcstats.com/fighter-details/2391a73686200c5d
Justin,Governale,The Therapist,--,145 lbs.,--,,5,5,0,,http://ufcstats.com/fighter-details/ae954fd497025462
Damian,Grabowski,The Polish Pitbull,"6' 1""",241 lbs.,"75.0""",Orthodox,20,5,0,,http://ufcstats.com/fighter-details/3f11b5d4bd76a6d9
Patryk,Grabowski,Czapla,--,205 lbs.,--,,5,1,0,,http://ufcstats.com/fighter-details/4e163b53d1de1fbc
Royce,Gracie,,"6' 1""",175 lbs.,--,Southpaw,15,2,3,,http://ufcstats.com/fighter-details/429e7d3725852ce9
Crosley,Gracie,,"5' 9""",190 lbs.,--,Orthodox,2,2,0,,http://ufcstats.com/fighter-details/52d92050a046bc17
Daniel,Gracie,,"6' 2""",225 lbs.,--,Orthodox,5,4,1,,http://ufcstats.com/fighter-details/82d6a9ae41aac3f7
Ralph,Gracie,,"5' 9""",183 lbs.,--,Orthodox,6,1,0,,http://ufcstats.com/fighter-details/a9c45a8b21eabadc
Renzo,Gracie,,"5' 10""",185 lbs.,--,Orthodox,13,7,1,,http://ufcstats.com/fighter-details/aae0897825336b1a
Rickson,Gracie,,"5' 10""",185 lbs.,--,Switch,11,0,0,,http://ufcstats.com/fighter-details/194fc025f9355db6
Rodrigo,Gracie,,"6' 0""",183 lbs.,--,Orthodox,6,2,1,,http://ufcstats.com/fighter-details/36877f0e62b25b96
Royler,Gracie,,"5' 8""",150 lbs.,--,Southpaw,5,5,1,,http://ufcstats.com/fighter-details/b807814d977682eb
Ryan,Gracie,,"5' 9""",200 lbs.,--,Orthodox,5,2,0,,http://ufcstats.com/fighter-details/0c3838c8f7c620c2
Ralek,Gracie,,"6' 2""",210 lbs.,--,Orthodox,3,1,0,,http://ufcstats.com/fighter-details/84283233ec42be5f
Rolles,Gracie,,"6' 4""",242 lbs.,--,Orthodox,8,4,0,,http://ufcstats.com/fighter-details/e4a9dbade7c7e1a7
Cesar,Gracie,,"5' 10""",181 lbs.,--,Orthodox,0,1,0,,http://ufcstats.com/fighter-details/079488710f012779
Roger,Gracie,,"6' 4""",185 lbs.,"79.0""",Orthodox,8,2,0,,http://ufcstats.com/fighter-details/a6bbd3df469c6bea
Igor,Gracie,,"5' 11""",170 lbs.,--,,5,4,0,,http://ufcstats.com/fighter-details/722b870449243083
Neiman,Gracie,,"6' 0""",170 lbs.,--,,6,0,0,,http://ufcstats.com/fighter-details/12d855d12a624da2
Kron,Gracie,,"5' 9""",145 lbs.,"70.0""",Southpaw,5,3,0,,http://ufcstats.com/fighter-details/242d36d241b43c12
Bogdan,Grad,The Unleashed,"5' 8""",145 lbs.,"70.0""",Orthodox,15,4,0,,http://ufcstats.com/fighter-details/fb37795db81f93f3
Steven,Graham,,"6' 1""",290 lbs.,--,Orthodox,2,1,0,,http://ufcstats.com/fighter-details/3e514f437c51ce0a
Scott,Graham,,"6' 4""",185 lbs.,--,Orthodox,3,1,0,,http://ufcstats.com/fighter-details/6e4acc2c115215b5
Miranda,Granger,Danger,"5' 7""",115 lbs.,"68.0""",Orthodox,7,3,0,,http://ufcstats.com/fighter-details/7559395ad833c074
TJ,Grant,,"5' 10""",155 lbs.,"72.0""",Orthodox,21,5,0,,http://ufcstats.com/fighter-details/a26198ba5093147e
Davey,Grant,Dangerous,"5' 8""",135 lbs.,"69.0""",Orthodox,18,8,0,,http://ufcstats.com/fighter-details/113df4fde64735c6
Dwight,Grant,The Body Snatcher,"6' 1""",185 lbs.,"76.0""",Switch,11,6,0,,http://ufcstats.com/fighter-details/8be158ca1e5ea6a0
Alexa,Grasso,,"5' 5""",125 lbs.,"66""",Orthodox,17,5,1,,http://ufcstats.com/fighter-details/e8b731feff72294b
Tony,Gravely,,"5' 5""",135 lbs.,"69.0""",Orthodox,23,9,0,,http://ufcstats.com/fighter-details/601964f9654f911a
Michael,Graves,,"5' 10""",170 lbs.,"71.0""",Orthodox,6,0,1,,http://ufcstats.com/fighter-details/3f1d23b01c552a13
Shelton,Graves,The Gravedigger,"6' 2""",255 lbs.,"76.0""",Southpaw,7,3,0,,http://ufcstats.com/fighter-details/642862d6d63605cd
James,Gray,The Phenom,"5' 9""",135 lbs.,--,Orthodox,4,1,0,,http://ufcstats.com/fighter-details/2db65fc038c0018e
Kevin,Gray,Pocket Herc,"5' 4""",125 lbs.,"67.0""",Orthodox,9,4,0,,http://ufcstats.com/fighter-details/bb0d290026d7681d
Sam,Greco,,"6' 2""",205 lbs.,--,Orthodox,3,1,1,,http://ufcstats.com/fighter-details/6d12031661db8ac8
King,Green,,"5' 10""",155 lbs.,"71.0""",Orthodox,35,17,1,,http://ufcstats.com/fighter-details/887961364be5ceb3
Desmond,Green,The Predator,"5' 10""",155 lbs.,"73.0""",Southpaw,23,8,0,,http://ufcstats.com/fighter-details/f046d724d2a84ac5
Gabe,Green,Gifted,"5' 10""",155 lbs.,"73.0""",Switch,12,5,0,,http://ufcstats.com/fighter-details/5eb50529a8418b77
Maurice,Greene,The Crochet Boss,"6' 7""",258 lbs.,"80.0""",Orthodox,9,7,0,,http://ufcstats.com/fighter-details/068f8a189a47fea6
Matt,Grice,The Real One,"5' 8""",145 lbs.,"70.0""",Orthodox,15,5,0,,http://ufcstats.com/fighter-details/bfc2fc38a0e20211
Forrest,Griffin,,"6' 3""",205 lbs.,"77.0""",Orthodox,19,7,0,,http://ufcstats.com/fighter-details/fcffee71cff5530e
Tyson,Griffin,,"5' 6""",145 lbs.,"68.0""",Orthodox,16,8,0,,http://ufcstats.com/fighter-details/20205040232ed0f3
Max,Griffin,Pain,"5' 11""",170 lbs.,"76.0""",Orthodox,20,13,0,,http://ufcstats.com/fighter-details/b0d6a1d8ac3d563d
Jordan,Griffin,Native Psycho,"5' 10""",145 lbs.,"73.0""",Southpaw,18,9,0,,http://ufcstats.com/fighter-details/ebef46976554f975
Chad,Griggs,The Grave Digger,"6' 1""",205 lbs.,"73.0""",Orthodox,11,3,0,,http://ufcstats.com/fighter-details/fdf18227faa596dd
Charalampos,Grigoriou,Ferocious,"5' 7""",135 lbs.,"67.0""",Orthodox,8,5,0,,http://ufcstats.com/fighter-details/68b8ebdfce9dbb61
Chuck,Grigsby,The Reverend,"6' 6""",205 lbs.,--,Orthodox,23,10,0,,http://ufcstats.com/fighter-details/7fb4234670271505
Rodrigo,Gripp de Sousa,Riscado,"5' 11""",205 lbs.,--,Orthodox,7,9,0,,http://ufcstats.com/fighter-details/dde70a112e053a6c
Maxim,Grishin,Maximus,"6' 3""",205 lbs.,"78.0""",Orthodox,32,10,2,,http://ufcstats.com/fighter-details/950d0ef5c17157c5
Josh,Grispi,The Fluke,"5' 11""",145 lbs.,"74.0""",Orthodox,14,5,0,,http://ufcstats.com/fighter-details/60ba33c3f555a7a3
Garrett,Gross,,"5' 9""",155 lbs.,--,Orthodox,11,7,0,,http://ufcstats.com/fighter-details/6741218640534d8b
Kendall,Grove,Da Spyder,"6' 6""",185 lbs.,"79.0""",Orthodox,23,17,0,,http://ufcstats.com/fighter-details/234f3767ff0e5701
Neil,Grove,Goliath,"6' 6""",265 lbs.,--,Orthodox,12,8,1,,http://ufcstats.com/fighter-details/36a432f22144843e
Chris,Gruetzemacher,Gritz,"5' 8""",155 lbs.,"68.0""",Orthodox,15,5,0,,http://ufcstats.com/fighter-details/feaf00f3373435d6
Vik,Grujic,The Spartan,"5' 11""",170 lbs.,"73.0""",Orthodox,6,6,0,,http://ufcstats.com/fighter-details/1e7483dbff40b84b
Mike,Grundy,,"5' 7""",145 lbs.,"72.0""",Orthodox,12,4,0,,http://ufcstats.com/fighter-details/56fcb2c4d99f9d1b
Wang,Guan,The Dongbei Tiger,"5' 9""",145 lbs.,"71.0""",Orthodox,20,1,1,,http://ufcstats.com/fighter-details/dd12382f28296f7b
Anthony,Guarascio,The Daywalker,"6' 2""",233 lbs.,"72.0""",Orthodox,3,1,0,,http://ufcstats.com/fighter-details/dc052ab64be66e1d
Nandor,Guelmino,The Hun,"6' 3""",230 lbs.,--,,11,5,1,,http://ufcstats.com/fighter-details/1abfb658cd4f8533
Fabricio,Guerreiro,,"5' 10""",145 lbs.,--,,21,5,0,,http://ufcstats.com/fighter-details/2963369e327e1979
Rainn,Guerrero,Purple Rainn,"5' 6""",125 lbs.,"65.0""",Orthodox,5,2,0,,http://ufcstats.com/fighter-details/8300a47f6fd6fe4f
Shannon,Gugerty,,"5' 10""",155 lbs.,"71.0""",Orthodox,15,7,0,,http://ufcstats.com/fighter-details/9f1641c08cf8fbe2
Clay,Guida,The Carpenter,"5' 7""",155 lbs.,"70.0""",Orthodox,38,22,0,,http://ufcstats.com/fighter-details/c47df9303d318c67
Jason,Guida,,"5' 10""",214 lbs.,--,,19,28,0,,http://ufcstats.com/fighter-details/ce25b4ed82b1811b
Melvin,Guillard,The Young Assassin,"5' 9""",155 lbs.,"71.0""",Orthodox,32,18,2,,http://ufcstats.com/fighter-details/ccd1299e0345e0ce
Chris,Guillen,,"6' 0""",240 lbs.,--,Orthodox,13,16,0,,http://ufcstats.com/fighter-details/da0f33e4255f99eb
Marcelo,Guimaraes,Magrao,"6' 0""",185 lbs.,"73.0""",Orthodox,9,2,1,,http://ufcstats.com/fighter-details/0c9c0a43d3f3f49d
Leonardo,Guimaraes,Leleco,"6' 0""",185 lbs.,--,Orthodox,11,5,0,,http://ufcstats.com/fighter-details/cc98d857b148e33a
Brad,Gumm,,"5' 11""",170 lbs.,--,Orthodox,10,6,1,,http://ufcstats.com/fighter-details/4d74641fac830182
John,Gunderson,Quick Guns,"5' 9""",155 lbs.,"69.0""",Orthodox,35,16,2,,http://ufcstats.com/fighter-details/a0c139b34f11421a
John,Gunther,The Machine,"5' 9""",155 lbs.,"72.0""",Orthodox,5,1,0,,http://ufcstats.com/fighter-details/3956bdc8ab2e54b3
Jorge,Gurgel,,"5' 7""",155 lbs.,"69.0""",Orthodox,14,10,0,,http://ufcstats.com/fighter-details/04d5718ed2661e8c
Fabio,Gurgel,,"6' 0""",205 lbs.,--,Orthodox,3,2,0,,http://ufcstats.com/fighter-details/8377c5572cb356f3
Luis,Gurule,Grim,"5' 5""",125 lbs.,"64.0""",Orthodox,11,3,0,,http://ufcstats.com/fighter-details/29162be25ebef5f0
Bogdan,Guskov,Hitman,"6' 3""",205 lbs.,"76.0""",Orthodox,18,3,1,,http://ufcstats.com/fighter-details/ef5dcb10d2bd4b0f
Gugun,Gusman,The Tiger,"5' 7""",135 lbs.,"68.0""",Orthodox,8,4,0,,http://ufcstats.com/fighter-details/e34e3b1fffa13a6a
Andre,Gusmao,,"6' 0""",205 lbs.,--,Orthodox,6,3,0,,http://ufcstats.com/fighter-details/cc300e9aa3063431
Alexander,Gustafsson,The Mauler,"6' 5""",205 lbs.,"79.0""",Orthodox,18,8,0,,http://ufcstats.com/fighter-details/3c6976f8182d9527
Andreas,Gustafsson,Bane,"6' 1""",170 lbs.,"73.0""",Orthodox,12,3,0,,http://ufcstats.com/fighter-details/2caf993f53541fa1
Justin,Guthrie,,"6' 1""",170 lbs.,--,,18,9,0,,http://ufcstats.com/fighter-details/a789defa9086da46
Horacio,Gutierrez,The Punisher,"5' 10""",145 lbs.,--,,4,3,0,,http://ufcstats.com/fighter-details/cd85b48dc880fabd
Chris,Gutierrez,El Guapo,"5' 9""",135 lbs.,"67.0""",Orthodox,22,7,2,,http://ufcstats.com/fighter-details/45f0cc9d18f35137
Mando,Gutierrez,El Toro,"5' 6""",135 lbs.,"70.0""",Southpaw,7,2,0,,http://ufcstats.com/fighter-details/5f33ae0620e050c5
Mike,Guymon,The Joker,"6' 0""",170 lbs.,"74.0""",Orthodox,15,6,1,,http://ufcstats.com/fighter-details/eaea0fc7b76525a8
Chelsea,Hackett,Hammer,"5' 4""",125 lbs.,"66.0""",Switch,3,1,1,,http://ufcstats.com/fighter-details/184b7a36d50dcc5e
Keith,Hackney,The Giant Killer,"5' 11""",200 lbs.,--,Sideways,2,2,0,,http://ufcstats.com/fighter-details/bf12aca029bfcc47
Cody,Haddon,,"5' 7""",135 lbs.,"69.0""",Orthodox,8,1,0,,http://ufcstats.com/fighter-details/8e6654e9f0461b8f
Jake,Hadley,White Kong,"5' 7""",135 lbs.,"70.0""",Southpaw,11,4,0,,http://ufcstats.com/fighter-details/60a42bf82447c919
Steve,Hadsel,,"5' 8""",170 lbs.,--,,3,0,0,,http://ufcstats.com/fighter-details/99793cf88c5adeee
Damir,Hadzovic,The Bosnian Bomber,"5' 9""",155 lbs.,"70.0""",Orthodox,14,8,0,,http://ufcstats.com/fighter-details/38c626ca912c7bac
Bassil,Hafez,The Habibi,"5' 11""",170 lbs.,"72.0""",Orthodox,9,4,1,,http://ufcstats.com/fighter-details/f4d92416da98804b
Tim,Hague,The Trashing Machine,"6' 4""",260 lbs.,"76.0""",Orthodox,21,13,0,,http://ufcstats.com/fighter-details/219a254e15d60135
Theo,Haig,,"6' 2""",185 lbs.,"77.0""",Orthodox,6,1,0,,http://ufcstats.com/fighter-details/8a213af406eb2dd4
Yazan,Hajeh,Yazzle Dazzle,"5' 9""",145 lbs.,--,Orthodox,6,1,0,,http://ufcstats.com/fighter-details/4955c524c2a71469
Stoney,Hale,The Skuller,"6' 0""",--,--,,5,3,0,,http://ufcstats.com/fighter-details/206a7d47eb62170e
Kevin,Haley,The North Woods Nightmare,"6' 2""",205 lbs.,--,,6,4,0,,http://ufcstats.com/fighter-details/439d4bbefd4e6940
Mark,Hall,,"6' 0""",190 lbs.,--,Orthodox,5,6,0,,http://ufcstats.com/fighter-details/18524b46c570730b
Uriah,Hall,Prime Time,"6' 0""",185 lbs.,"79.0""",Orthodox,18,11,0,,http://ufcstats.com/fighter-details/65578a75fa7900e3
Ryan,Hall,The Wizard,"5' 10""",145 lbs.,"70.0""",Southpaw,9,2,0,,http://ufcstats.com/fighter-details/8866c6f509c19089
Dennis,Hallman,Superman,"5' 9""",155 lbs.,"72.0""",Orthodox,53,20,2,,http://ufcstats.com/fighter-details/8a8a84b743ae7699
Piotr,Hallmann,Pletwal,"5' 9""",155 lbs.,"71.0""",Orthodox,18,6,0,,http://ufcstats.com/fighter-details/a3be148af5c7b088
Tony,Halme,,"6' 3""",300 lbs.,--,Orthodox,0,4,0,,http://ufcstats.com/fighter-details/bad28b7b34f334de
Brandon,Halsey,Bull,"6' 0""",185 lbs.,--,,9,3,0,,http://ufcstats.com/fighter-details/e763679f15326ae1
John,Halverson,The Hurricane,"5' 9""",155 lbs.,--,Southpaw,16,8,0,,http://ufcstats.com/fighter-details/88c8f47241d90040
Seo Hee,Ham,,"5' 2""",115 lbs.,"62.0""",Southpaw,17,8,0,,http://ufcstats.com/fighter-details/165c244bcca3ed26
Frank,Hamaker,,--,--,--,,1,0,0,,http://ufcstats.com/fighter-details/c3c23c99477c041b
Kazuhiro,Hamanaka,,"6' 0""",185 lbs.,--,Southpaw,5,7,1,,http://ufcstats.com/fighter-details/1b4d6971bb18b82c
Rami,Hamed,,"6' 1""",170 lbs.,"71.0""",Orthodox,13,3,0,,http://ufcstats.com/fighter-details/a59017211b775b5d
Matt,Hamill,The Hammer,"6' 1""",205 lbs.,"76.0""",Orthodox,12,8,0,,http://ufcstats.com/fighter-details/98b80a717b9bda17
Jeremy,Hamilton,Hawk,--,185 lbs.,--,,9,2,0,,http://ufcstats.com/fighter-details/7ada6ea792a34424
Anthony,Hamilton,Freight Train,"6' 5""",260 lbs.,"76.0""",Orthodox,15,9,0,,http://ufcstats.com/fighter-details/c727c7d31c50c4cf
CJ,Hamilton,The Autobot,"5' 7""",125 lbs.,"68.0""",Switch,11,4,0,,http://ufcstats.com/fighter-details/7da5839b223f3728
Jared,Hamman,The Messenger,"6' 3""",185 lbs.,"75.0""",Orthodox,14,6,0,,http://ufcstats.com/fighter-details/23459ee7e373b98f
James,Hammortree,The Sledge,"6' 3""",185 lbs.,--,Orthodox,6,3,0,,http://ufcstats.com/fighter-details/1f77fce698e80488
Dean,Hancock,The Hammer,--,155 lbs.,--,,2,1,0,,http://ufcstats.com/fighter-details/24e9d6b0a24cff9d
Chad,Hanekom,Superman,"6' 4""",185 lbs.,"74.0""",Orthodox,9,3,0,,http://ufcstats.com/fighter-details/98533a2738124a0d
Joachim,Hansen,Hellboy,"5' 7""",150 lbs.,--,Southpaw,23,14,1,,http://ufcstats.com/fighter-details/86e388ed20761ad9
Kay,Hansen,,"5' 2""",115 lbs.,"63.0""",Orthodox,7,6,0,,http://ufcstats.com/fighter-details/4100c7a09497ad41
Nasrat,Haqparast,,"5' 10""",155 lbs.,"72.0""",Southpaw,18,6,0,,http://ufcstats.com/fighter-details/b7b84ccd221be298
Shin,Haraguchi,,"5' 5""",145 lbs.,"68.0""",Switch,8,2,0,,http://ufcstats.com/fighter-details/05b17ae24e6bba81
Janay,Harding,Hollowpoint,--,135 lbs.,--,,2,3,0,,http://ufcstats.com/fighter-details/b9c3ee342eb72100
Antoni,Hardonk,,"6' 4""",245 lbs.,"78.0""",Orthodox,8,6,0,,http://ufcstats.com/fighter-details/69b69c0178c4004d
George,Hardwick,King,"5' 10""",155 lbs.,"72.0""",Orthodox,12,2,0,,http://ufcstats.com/fighter-details/f55a6807b6bb853d
Harry,Hardwick,Houdini,"5' 8""",145 lbs.,"71.0""",Switch,13,5,1,,http://ufcstats.com/fighter-details/2dbc60c52de126d8
Dan,Hardy,The Outlaw,"6' 0""",170 lbs.,"74.0""",Orthodox,25,10,0,,http://ufcstats.com/fighter-details/473ce3aa581251a2
Veronica,Hardy,,"5' 4""",125 lbs.,"64.0""",Southpaw,10,5,1,,http://ufcstats.com/fighter-details/4798e823ada58fe9
Greg,Hardy,Prince of War,"6' 5""",265 lbs.,"80.0""",Orthodox,7,5,0,,http://ufcstats.com/fighter-details/85073dbd1be65ed9
Tobias,Harila,Bad Intention,--,--,--,,12,3,0,,http://ufcstats.com/fighter-details/4d1e92b61bcef308
Baru,Harn,Seiryu,--,265 lbs.,--,,1,2,0,,http://ufcstats.com/fighter-details/848809f3986b4977
Scott,Harper,,"6' 0""",185 lbs.,--,Orthodox,12,7,0,,http://ufcstats.com/fighter-details/14a433bccba87016
Josiah,Harrell,The Muscle Hamster,"5' 7""",155 lbs.,"68""",Southpaw,11,1,0,,http://ufcstats.com/fighter-details/e5864a42c80294f6
Gerry,Harris,,"6' 8""",270 lbs.,--,Orthodox,1,4,0,,http://ufcstats.com/fighter-details/30cd319d39ee689b
Gerald,Harris,,"5' 11""",185 lbs.,"77.0""",Southpaw,23,5,0,,http://ufcstats.com/fighter-details/c4b81cdecd5d6abe
Phil,Harris,Billy,"5' 4""",125 lbs.,"65.0""",Orthodox,22,12,0,,http://ufcstats.com/fighter-details/ba043b03eb799063
Walt,Harris,The Big Ticket,"6' 5""",250 lbs.,"77.0""",Southpaw,13,10,0,,http://ufcstats.com/fighter-details/03f982ca3735070c
Dhafir,Harris,Dada 5000,--,257 lbs.,--,,2,0,0,,http://ufcstats.com/fighter-details/0e96af5220d27ed4
Trevor,Harris,,"5' 6""",145 lbs.,--,,2,2,0,,http://ufcstats.com/fighter-details/0e98b05d3cf6d271
Carlston,Harris,Mocambique,"6' 0""",170 lbs.,"76.0""",Orthodox,19,7,0,,http://ufcstats.com/fighter-details/a53d30163304aa6e
Kayla,Harrison,,"5' 8""",135 lbs.,"66.0""",Southpaw,19,1,0,,http://ufcstats.com/fighter-details/1af1170ed937cba7
Collin,Hart,,"6' 1""",185 lbs.,--,Orthodox,6,3,1,,http://ufcstats.com/fighter-details/16bf6a73bdd302cd
Joey,Hart,The Hitman,"6' 3""",170 lbs.,"79.0""",Orthodox,6,2,0,,http://ufcstats.com/fighter-details/6412da484125716b
Dale,Hartt,,"5' 10""",155 lbs.,"69.0""",Orthodox,6,3,0,,http://ufcstats.com/fighter-details/058e4e08a1ad8aba
Luke,Hartwig,,--,--,--,,0,1,0,,http://ufcstats.com/fighter-details/34f3869747bf8fa9
Clay,Harvison,Bushwacker,"6' 1""",170 lbs.,"74.0""",Orthodox,13,6,0,,http://ufcstats.com/fighter-details/83a477a7dba1ca58
Farman,Hasanov,,--,170 lbs.,--,,5,0,0,,http://ufcstats.com/fighter-details/c88f8a9c1ea7165d
Hidehiko,Hasegawa,,"5' 9""",170 lbs.,--,,19,20,6,,http://ufcstats.com/fighter-details/2a2eeee20ef049cf
Chris,Haseman,The Hammer,"5' 11""",205 lbs.,--,Orthodox,20,17,0,,http://ufcstats.com/fighter-details/5bd533d50c8e7b8a
Takayo,Hashi,,"5' 4""",135 lbs.,--,Orthodox,15,6,1,,http://ufcstats.com/fighter-details/ae4343d29c68e9d0
Tomohiko,Hashimoto,,"6' 0""",250 lbs.,--,Orthodox,1,4,0,,http://ufcstats.com/fighter-details/a890f9a791ed615d
Justin,Haskins,,"5' 10""",170 lbs.,--,Orthodox,7,6,0,,http://ufcstats.com/fighter-details/77940e45bc86208e
Hayder,Hassan,Hulk,"5' 10""",170 lbs.,--,,6,3,0,,http://ufcstats.com/fighter-details/cf615eb4b7862c76
Ahmad,Hassanzada,Lion of the Ring,"6' 1""",155 lbs.,"75.0""",Orthodox,11,3,0,,http://ufcstats.com/fighter-details/bf7a64d9ae343e86
Daiki,Hata,DJ Taiki,"5' 6""",139 lbs.,--,Orthodox,17,11,7,,http://ufcstats.com/fighter-details/c76ceda100ac0fad
John,Hathaway,The Hitman,"6' 1""",170 lbs.,"75.0""",Orthodox,17,2,0,,http://ufcstats.com/fighter-details/28f3c2258a1d8874
Phil,Hawes,No Hype,"6' 0""",185 lbs.,"77.0""",Orthodox,12,6,0,,http://ufcstats.com/fighter-details/547afe1017e72dbe
Justin,Hawes,The Hawk,"5' 11""",205 lbs.,--,,6,9,0,,http://ufcstats.com/fighter-details/5c7fc58e782b6842
Chris,Hawk,,"6' 1""",205 lbs.,--,,5,10,0,,http://ufcstats.com/fighter-details/9460c867aae1987e
Del,Hawkins,The Filipino Delight,"5' 5""",135 lbs.,--,Orthodox,22,17,0,,http://ufcstats.com/fighter-details/885e7f70dcac0007
Tommy,Hayden,Wild Card,"5' 9""",145 lbs.,--,Southpaw,11,3,0,,http://ufcstats.com/fighter-details/0871254cd790c250
Mike,Hayes,,"6' 4""",230 lbs.,--,Orthodox,20,12,2,,http://ufcstats.com/fighter-details/0cfbbfa0ba6d9855
Ryan,Hayes,,--,--,--,,7,6,0,,http://ufcstats.com/fighter-details/a620638435de0628
Gerric,Hayes,,"5' 10""",--,--,,8,11,0,,http://ufcstats.com/fighter-details/7d6a3546c988cdc0
Josh,Haynes,Bring the Pain,"5' 9""",170 lbs.,--,Orthodox,14,11,0,,http://ufcstats.com/fighter-details/6ef58dabef8beb15
Dustin,Hazelett,McLovin,"6' 1""",170 lbs.,"76.0""",Orthodox,12,7,0,,http://ufcstats.com/fighter-details/a149d6bc670cdb60
James,Head,,"6' 1""",170 lbs.,"73.0""",Orthodox,9,4,0,,http://ufcstats.com/fighter-details/19a8cce18a1cef9e
Pat,Healy,Bam Bam,"6' 0""",155 lbs.,"72.0""",Orthodox,34,23,0,,http://ufcstats.com/fighter-details/50d2f0018bcf9eef
Ryan,Healy,The Irish Assassin,"6' 1""",155 lbs.,--,Orthodox,25,14,1,,http://ufcstats.com/fighter-details/f3eb664db7fb1df3
Spencer,Hearns,,"5' 11""",185 lbs.,--,,1,0,0,,http://ufcstats.com/fighter-details/d85cf12439945941
David,Heath,,"5' 11""",205 lbs.,"72.0""",Orthodox,18,7,0,,http://ufcstats.com/fighter-details/4f95f74620a6b7a4
Chris,Heatherly,Stump,"5' 9""",155 lbs.,--,Orthodox,9,4,0,,http://ufcstats.com/fighter-details/bad8be5827ea1bf1
Jake,Hecht,Hitman,"6' 0""",170 lbs.,"73.0""",Orthodox,11,4,0,,http://ufcstats.com/fighter-details/e57fdbea1b828202
Donavon,Hedrick,,"5' 11""",185 lbs.,"76.0""",Orthodox,6,1,0,,http://ufcstats.com/fighter-details/1004099ab87faa8d
Nick,Hein,Sergeant,"5' 6""",155 lbs.,"66.0""",Southpaw,14,5,0,,http://ufcstats.com/fighter-details/2816ced060a21be3
Ian,Heinisch,The Hurricane,"5' 11""",185 lbs.,"72.0""",Orthodox,14,5,0,,http://ufcstats.com/fighter-details/2e585c701f72fe55
Marcin,Held,,"5' 9""",155 lbs.,"71.0""",Orthodox,23,7,0,,http://ufcstats.com/fighter-details/bf43fed8f29e1671
Delson,Heleno,Pe De Chumbo,"5' 11""",185 lbs.,--,Orthodox,29,10,0,,http://ufcstats.com/fighter-details/970beed85bc46b63
Matt,Helm,,--,155 lbs.,--,,1,1,0,,http://ufcstats.com/fighter-details/cacfd51b8e97ace0
Elisha,Helsper,Knuckles,"5' 6""",135 lbs.,--,Orthodox,0,4,0,,http://ufcstats.com/fighter-details/0971be7d94e109e1
Dan,Henderson,Hendo,"5' 11""",185 lbs.,"74.0""",Orthodox,32,15,0,,http://ufcstats.com/fighter-details/1ccf4e7caff270df
Benson,Henderson,Smooth,"5' 9""",170 lbs.,"70.0""",Southpaw,24,7,0,,http://ufcstats.com/fighter-details/2676b28836a5a836
Ron,Henderson,,"5' 10""",125 lbs.,--,,4,3,0,,http://ufcstats.com/fighter-details/498f0d066396ec59
Josh,Hendricks,,"6' 2""",235 lbs.,--,Southpaw,19,11,0,,http://ufcstats.com/fighter-details/7649c4c95b824488
Johny,Hendricks,Bigg Rigg,"5' 9""",185 lbs.,"69.0""",Southpaw,18,8,0,,http://ufcstats.com/fighter-details/0941df56f6ac954b
Cory,Hendricks,,"6' 3""",205 lbs.,--,Switch,3,1,0,,http://ufcstats.com/fighter-details/9ab9912e0f8fa6d6
Luis,Henrique,KLB,"6' 2""",243 lbs.,"74.0""",Orthodox,10,5,0,,http://ufcstats.com/fighter-details/e5bda12faabfc850
Jose,Henrique,Canela,"6' 3""",170 lbs.,"79.0""",Orthodox,8,1,0,,http://ufcstats.com/fighter-details/20a0e4cc5227c117
Paulo,Henrique,PH,"5' 7""",125 lbs.,"69.0""",,12,2,0,,http://ufcstats.com/fighter-details/3fe8ad7e1594537a
Diego,Henrique da Silva,Gaucho,"6' 2""",185 lbs.,--,Orthodox,8,4,0,,http://ufcstats.com/fighter-details/1649770c649db6a5
Danny,Henry,The Hatchet,"6' 0""",145 lbs.,"73.0""",Orthodox,12,4,0,,http://ufcstats.com/fighter-details/f7d73e452b064bf2
Victor,Henry,La Mangosta,"5' 7""",135 lbs.,"68.0""",Switch,25,7,0,,http://ufcstats.com/fighter-details/eb8d8c2a95cfccb8
TJ,Hepburn,The Carnivore,"5' 7""",155 lbs.,--,,4,2,0,,http://ufcstats.com/fighter-details/e1acbb6352ca3551
Jai,Herbert,Black Country Banger,"6' 1""",155 lbs.,"77.0""",Orthodox,14,6,1,,http://ufcstats.com/fighter-details/4c88a1db5a46c6a4
Ed,Herman,Short Fuse,"6' 1""",205 lbs.,"77.0""",Orthodox,27,16,0,,http://ufcstats.com/fighter-details/06f36cf4bd97ec77
Dave,Herman,,"6' 4""",242 lbs.,"77.0""",Orthodox,22,6,0,,http://ufcstats.com/fighter-details/cbd6f1abf955e628
Jack,Hermansson,The Joker,"6' 1""",170 lbs.,"77.0""",Orthodox,24,10,0,,http://ufcstats.com/fighter-details/0a1942069c9ad6b6
Noe,Hernandez,,--,--,--,Orthodox,5,5,0,,http://ufcstats.com/fighter-details/df2cf66d8c0123db
Joe,Hernandez,,--,--,--,,0,1,0,,http://ufcstats.com/fighter-details/4a76daef28549957
Ramiro,Hernandez,Junior,"5' 9""",135 lbs.,--,Orthodox,19,9,0,,http://ufcstats.com/fighter-details/915c8d39d4a0e7d1
Alexander,Hernandez,El Gran Chango,"5' 9""",155 lbs.,"72.0""",Orthodox,18,9,0,,http://ufcstats.com/fighter-details/262a7d06203657e6
Anthony,Hernandez,Fluffy,"6' 0""",185 lbs.,"75.0""",Orthodox,15,3,0,,http://ufcstats.com/fighter-details/093e1f5bb73850be
Nohelin,Hernandez,Suave,"5' 10""",135 lbs.,"71.0""",Orthodox,9,4,0,,http://ufcstats.com/fighter-details/f97c5433c77522d3
Carlos,Hernandez,,"5' 8""",125 lbs.,"67.0""",Orthodox,10,5,0,,http://ufcstats.com/fighter-details/798e48f9e7f6ba22
Leslie,Hernandez,Dora The Destroyer,"5' 3""",115 lbs.,"64.0""",Orthodox,4,2,0,,http://ufcstats.com/fighter-details/fc8610cc15674ae2
Paul,Herrera,The Bone Crusher,"5' 10""",185 lbs.,--,Orthodox,1,1,0,,http://ufcstats.com/fighter-details/440c9dbab63528fb
Chris,Herrera,The Crusher,"5' 10""",185 lbs.,--,,3,2,1,,http://ufcstats.com/fighter-details/f71028a6e5128856
Geane,Herrera,La Pulga,"5' 5""",125 lbs.,"66.0""",Orthodox,9,3,0,,http://ufcstats.com/fighter-details/c169545ab0825f44
Alvaro,Herrera Mendoza,Chango,"6' 0""",155 lbs.,"74.0""",Orthodox,9,6,0,,http://ufcstats.com/fighter-details/74d35fbc9c6a61bd
Felice,Herrig,Lil Bulldog,"5' 4""",115 lbs.,"65.0""",Orthodox,14,10,0,,http://ufcstats.com/fighter-details/b6850671a008bf9a
Heath,Herring,The Texas Crazy Horse,"6' 4""",250 lbs.,"78.0""",Orthodox,28,16,0,,http://ufcstats.com/fighter-details/7450525c7ba032a0
Jon,Hess,,"6' 7""",295 lbs.,--,,1,1,0,,http://ufcstats.com/fighter-details/32a3025d5db456ae
Clint,Hester,Headbussa,"6' 2""",205 lbs.,"77.0""",Orthodox,11,6,0,,http://ufcstats.com/fighter-details/92b62174c175ce19
Brandon,Hester,The Beast,"6' 1""",205 lbs.,--,,3,0,0,,http://ufcstats.com/fighter-details/13150cf89a5b81e0
Jimy,Hettes,The Kid,"5' 9""",145 lbs.,"71.0""",Southpaw,11,3,0,,http://ufcstats.com/fighter-details/893d51aaf024eddd
Conor,Heun,Hurricane,"5' 10""",155 lbs.,--,Orthodox,9,5,0,,http://ufcstats.com/fighter-details/fdb02029556ff4ed
Marcus,Hicks,The Wrecking Ball,"5' 6""",155 lbs.,"64.0""",Southpaw,10,4,0,,http://ufcstats.com/fighter-details/e69c5ce12f4e762b
Jay,Hieron,The Thoroughbred,"6' 0""",170 lbs.,"75.0""",Orthodox,23,7,0,,http://ufcstats.com/fighter-details/5bb0a618ad03ac64
Brady,Hiestand,Bam Bam,"5' 8""",135 lbs.,"71""",Orthodox,9,2,0,,http://ufcstats.com/fighter-details/7af33fc4435017f1
Lee,Higgins,,--,155 lbs.,--,,2,1,0,,http://ufcstats.com/fighter-details/88432fe79d5091d9
Jason,High,The Kansas City Bandit,"5' 8""",155 lbs.,"73.0""",Southpaw,21,6,0,,http://ufcstats.com/fighter-details/e5d03e4d966126bd
Richie,Hightower,The Dirty Samurai,"5' 8""",170 lbs.,--,Orthodox,8,4,0,,http://ufcstats.com/fighter-details/318e629d1eb7aa49
Alex,Higley,,"5' 10""",145 lbs.,--,,4,3,0,,http://ufcstats.com/fighter-details/2af2d675f7d847e3
Corey,Hill,,"6' 4""",155 lbs.,"80.0""",Orthodox,6,9,0,,http://ufcstats.com/fighter-details/abbc737317f66b81
Isaiah,Hill,,"5' 10""",155 lbs.,--,,5,7,1,,http://ufcstats.com/fighter-details/86b30a86664cb6e4
Angela,Hill,Overkill,"5' 3""",115 lbs.,"64.0""",Orthodox,18,16,0,,http://ufcstats.com/fighter-details/f0feeb2192937424
Tyler,Hill,,"6' 3""",170 lbs.,--,Switch,8,2,0,,http://ufcstats.com/fighter-details/006efbb0c1621fd7
Jamahal,Hill,Sweet Dreams,"6' 4""",205 lbs.,"79.0""",Southpaw,12,4,0,,http://ufcstats.com/fighter-details/5444c5a201d3ee5a
Kailan,Hill,,"6' 1""",185 lbs.,"77.0""",Southpaw,4,1,0,,http://ufcstats.com/fighter-details/bc7efc037c5f6550
Alvin,Hines,Goozie,"6' 2""",265 lbs.,"74.0""",Orthodox,7,1,0,,http://ufcstats.com/fighter-details/ab2a4b5e04dc5fe9
Branden Lee,Hinkle,The Iron Lion,"6' 3""",235 lbs.,--,Orthodox,17,11,0,,http://ufcstats.com/fighter-details/06f0ffa6446c5b6d
Hatsu,Hioki,,"5' 11""",145 lbs.,"73.0""",Orthodox,29,10,2,,http://ufcstats.com/fighter-details/ef7fa30364cbe7f2
Alan,Hiro,Yamaniha,"5' 5""",135 lbs.,--,Orthodox,14,5,4,,http://ufcstats.com/fighter-details/483b3170b3c05cf0
Kuniyoshi,Hironaka,,"5' 10""",168 lbs.,"70.0""",Orthodox,23,9,0,,http://ufcstats.com/fighter-details/9d4522df6fc49a47
Mizuto,Hirota,Pugnus,"5' 7""",155 lbs.,"67.0""",Orthodox,18,10,2,,http://ufcstats.com/fighter-details/35faad160d346839
Yuji,Hisamatsu,,"5' 10""",185 lbs.,--,,16,22,6,,http://ufcstats.com/fighter-details/8332a607df696345
An Tuan,Ho,Highlight,"5' 6""",125 lbs.,"66.0""",Switch,6,2,0,,http://ufcstats.com/fighter-details/6c9384138c82962f
Kwan,Ho Kwak,,"5' 5""",135 lbs.,--,Switch,9,2,0,,http://ufcstats.com/fighter-details/c13042265355a290
Matt,Hobar,The Crowbar,"5' 10""",135 lbs.,"70.0""",Southpaw,9,3,0,,http://ufcstats.com/fighter-details/b57edace7b647f07
Bobby,Hoffman,The Truth,"6' 2""",245 lbs.,--,Orthodox,36,10,1,,http://ufcstats.com/fighter-details/afaad7d6a581e307
Chris,Hofmann,,"6' 0""",170 lbs.,"72.0""",Orthodox,9,2,0,,http://ufcstats.com/fighter-details/33fb306278dbb3e5
Sam,Hoger,The Alaskan Assassin,"6' 2""",205 lbs.,--,Orthodox,10,4,0,,http://ufcstats.com/fighter-details/84a067c46306a737
Josh,Hokit,,"6' 1""",236 lbs.,"73.0""",Orthodox,9,0,0,,http://ufcstats.com/fighter-details/955da1675ad58a50
Andrew,Holbrook,,"5' 11""",155 lbs.,"70.0""",Southpaw,12,3,0,,http://ufcstats.com/fighter-details/66ab58d0b3783607
Sean,Holden,,"5' 10""",170 lbs.,--,,5,2,0,,http://ufcstats.com/fighter-details/acbb9c76f5894e36
Chris,Holdsworth,,"5' 11""",135 lbs.,--,,6,0,0,,http://ufcstats.com/fighter-details/fc60ecf0671b9489
Kevin,Holland,Trailblazer,"6' 3""",170 lbs.,"81.0""",Orthodox,29,15,0,,http://ufcstats.com/fighter-details/3a46b268013afede
Roger,Hollett,The Hulk,"5' 11""",205 lbs.,--,Orthodox,13,5,0,,http://ufcstats.com/fighter-details/27d65e9d0fba61ea
Max,Holloway,Blessed,"5' 11""",155 lbs.,"69.0""",Orthodox,27,9,0,,http://ufcstats.com/fighter-details/150ff4cc642270b9
Gabrielle,Holloway,Gabanator,"5' 3""",145 lbs.,--,,6,5,0,,http://ufcstats.com/fighter-details/e30715382f42b772
Jeremie,Holloway,Hit Em,"6' 0""",170 lbs.,--,,8,3,0,,http://ufcstats.com/fighter-details/ee28aa7f1043756c
Holly,Holm,The Preacher's Daughter,"5' 8""",135 lbs.,"69.0""",Southpaw,15,7,0,,http://ufcstats.com/fighter-details/634e2fb70bde3fd5
Rex,Holman,Big Dog,"6' 3""",205 lbs.,--,Southpaw,4,2,0,,http://ufcstats.com/fighter-details/b5ea750025697880
Joseph,Holmes,Uglyman Joe,"6' 4""",185 lbs.,"80.0""",Orthodox,8,4,0,,http://ufcstats.com/fighter-details/8d20d76af3f213ce
Brandon,Holmes,,"6' 2""",185 lbs.,"74.0""",Orthodox,5,1,0,,http://ufcstats.com/fighter-details/f295d50c56339ab6
Kurt,Holobaugh,The Hurt,"5' 11""",155 lbs.,"70.0""",Orthodox,22,10,0,,http://ufcstats.com/fighter-details/a7151778b3381036
Paddy,Holohan,The Hooligan,"5' 10""",125 lbs.,"69.0""",Orthodox,12,2,1,,http://ufcstats.com/fighter-details/6e7c758f5cdec01a
Ben,Holscher,The Teacher,"5' 11""",155 lbs.,--,,4,0,0,,http://ufcstats.com/fighter-details/6070f16bcfd89fcf
Mark,Holst,Boots,"6' 0""",155 lbs.,--,Orthodox,12,6,0,,http://ufcstats.com/fighter-details/c11f50e9c1513ce9
Scott,Holtzman,Hot Sauce,"5' 9""",155 lbs.,"69.0""",Orthodox,14,6,0,,http://ufcstats.com/fighter-details/df1eb4354d18a906
Sabah,Homasi,,"6' 0""",170 lbs.,"72.0""",Orthodox,11,8,0,,http://ufcstats.com/fighter-details/71f048adbfed5b49
Mark,Hominick,The Machine,"5' 8""",145 lbs.,"68.0""",Orthodox,20,12,0,,http://ufcstats.com/fighter-details/0a97691039c4bbfb
Barb,Honchak,Little Warrior,"5' 4""",125 lbs.,"65.0""",Orthodox,10,4,0,,http://ufcstats.com/fighter-details/472f6f6e6d962f40
Chris,Honeycutt,The Cutt,"5' 10""",170 lbs.,"73.0""",,9,1,0,,http://ufcstats.com/fighter-details/4d2e3320d815f687
JunYoung,Hong,Drunken Red,"5' 9""",145 lbs.,"69.0""",Orthodox,13,8,1,,http://ufcstats.com/fighter-details/b24666e26bd750a3
SeongChan,Hong,Honey Badger,"5' 7""",155 lbs.,"69.0""",Orthodox,9,2,0,,http://ufcstats.com/fighter-details/10d4575f497face4
Satoshi,Honma,,"6' 1""",205 lbs.,--,Orthodox,4,6,3,,http://ufcstats.com/fighter-details/d2b1c1317a39f6c6
David,Hood,,"6' 0""",200 lbs.,--,,1,3,0,,http://ufcstats.com/fighter-details/5af480a3b2e1726b
Lorenzo,Hood,Dream Killer,"6' 3""",265 lbs.,"80.0""",Southpaw,14,5,0,,http://ufcstats.com/fighter-details/7f9abc4db2d05764
Dan,Hooker,The Hangman,"6' 0""",155 lbs.,"75""",Switch,24,14,0,,http://ufcstats.com/fighter-details/193b9d1858bc4df3
Chase,Hooper,The Dream,"6' 1""",155 lbs.,"74.0""",Southpaw,16,5,1,,http://ufcstats.com/fighter-details/971246648e162f0d
Dakota,Hope,Huracan,"5' 6""",155 lbs.,"68.0""",,11,2,0,,http://ufcstats.com/fighter-details/6142edbd477d20c9
Darrell,Horcher,The Saint,"5' 10""",155 lbs.,"70.0""",Southpaw,13,4,0,,http://ufcstats.com/fighter-details/18e8b7070228e728
Moti,Horenstein,,"6' 4""",230 lbs.,--,Orthodox,1,6,0,,http://ufcstats.com/fighter-details/baf942f4bcb09894
Yoshinori,Horie,,"5' 8""",145 lbs.,"70.0""",Orthodox,8,2,0,,http://ufcstats.com/fighter-details/3fa7688bfe48a493
Kyoji,Horiguchi,Karate Kid,"5' 4""",125 lbs.,"63.0""",Orthodox,36,5,0,,http://ufcstats.com/fighter-details/98aa60cf58071fd6
Yuma,Horiuchi,Ichiban,"5' 6""",125 lbs.,"67.0""",Switch,9,5,0,,http://ufcstats.com/fighter-details/f6c1ce7cfd600662
Jeremy,Horn,Gumby,"6' 1""",185 lbs.,"74.0""",Orthodox,91,22,5,,http://ufcstats.com/fighter-details/8d26912cd2aeb366
Matt,Horning,Horndog,"5' 4""",125 lbs.,--,,20,25,0,,http://ufcstats.com/fighter-details/21632ba272c0785a
Chris,Horodecki,The Polish Hammer,"5' 9""",155 lbs.,"69.0""",Orthodox,21,7,1,,http://ufcstats.com/fighter-details/e29cf523ebd155c5
Jamey-Lyn,Horth,,"5' 7""",125 lbs.,"66""",Orthodox,9,3,0,,http://ufcstats.com/fighter-details/5c637af9472ae7cc
Matt,Horwich,Suave,"6' 1""",185 lbs.,--,Orthodox,30,25,1,,http://ufcstats.com/fighter-details/049d698d773eb3e1
John,Hosman,,"5' 10""",135 lbs.,--,Southpaw,18,8,1,,http://ufcstats.com/fighter-details/57591bbf1623574e
Saeed,Hosseini,,--,--,--,,0,1,0,,http://ufcstats.com/fighter-details/21f2974fd08085e3
Jeff,Hougland,Hellbound,"5' 7""",135 lbs.,"68.0""",Orthodox,10,6,0,,http://ufcstats.com/fighter-details/97a8f39186f489db
Trey,Houston,,"5' 11""",185 lbs.,--,,11,4,0,,http://ufcstats.com/fighter-details/c6668eeb261588d3
Jamie,Houston,,--,185 lbs.,--,,3,0,0,,http://ufcstats.com/fighter-details/4b1896310a907656
Brian,Houston,B-Hue,"6' 2""",185 lbs.,--,Orthodox,4,6,0,,http://ufcstats.com/fighter-details/36fbaa49a09ff997
Harold,Howard,,"6' 2""",240 lbs.,--,Orthodox,1,3,0,,http://ufcstats.com/fighter-details/a2b06ca02bca14c0
John,Howard,Doomsday,"5' 7""",170 lbs.,"72.0""",Orthodox,24,13,0,,http://ufcstats.com/fighter-details/fc31f896cde2bc2e
Shane,Howell,,"5' 8""",125 lbs.,--,Orthodox,13,10,0,,http://ufcstats.com/fighter-details/a7de976620f2ed13
Hu,Yaozong,Totoro,"6' 3""",185 lbs.,"72.0""",Orthodox,3,3,0,,http://ufcstats.com/fighter-details/f1175ea3aafbf351
Carlos,Huachin,Perro Malo,"5' 4""",135 lbs.,"67.0""",Southpaw,10,5,1,,http://ufcstats.com/fighter-details/225def29ecfe0fc1
Brady,Huang,The Kung Fu Warrior,"5' 9""",135 lbs.,"69.0""",Orthodox,11,2,0,,http://ufcstats.com/fighter-details/1ec1b6a7a29ffc71
Yuele,Huang,,--,145 lbs.,--,,13,0,0,,http://ufcstats.com/fighter-details/1c8b9f4d89b92e1b
Huang,Feier,Muscle Barbie,"5' 5""",115 lbs.,"65.0""",Orthodox,14,8,0,,http://ufcstats.com/fighter-details/e71c75f533a30daa
Austin,Hubbard,Thud,"5' 10""",155 lbs.,"71.0""",Orthodox,17,10,0,,http://ufcstats.com/fighter-details/d2cd7a69cc55e7ed
Collin,Huckbody,All In,"6' 3""",185 lbs.,"76.0""",Orthodox,8,2,0,,http://ufcstats.com/fighter-details/f372a848d250e006
Alex,Huddleston,The Shaved Gorilla,"6' 7""",254 lbs.,--,,6,2,0,,http://ufcstats.com/fighter-details/8b9197746bd3e005
Roger,Huerta,El Matador,"5' 9""",155 lbs.,"70.0""",Orthodox,23,9,1,,http://ufcstats.com/fighter-details/daf1b84aebd6602b
Casey,Huffman,Hellbent,"6' 3""",185 lbs.,--,,3,1,0,,http://ufcstats.com/fighter-details/737d93a42b8c2e94
Matt,Hughes,,"5' 9""",170 lbs.,"73.0""",Switch,45,9,0,,http://ufcstats.com/fighter-details/621a6c59f88a44fe
Mark,Hughes,,"5' 9""",205 lbs.,--,Southpaw,6,2,0,,http://ufcstats.com/fighter-details/d62bb4d84a7267ba
Jeff,Hughes,Lights Out,"6' 2""",250 lbs.,"77.0""",Orthodox,10,4,0,,http://ufcstats.com/fighter-details/6a11e325aa60ad02
Sam,Hughes,Sampage,"5' 5""",115 lbs.,"64.0""",Orthodox,11,7,0,,http://ufcstats.com/fighter-details/e94085e821bd81de
Victor,Hugo,Striker,"5' 7""",135 lbs.,"71.0""",Orthodox,25,5,0,,http://ufcstats.com/fighter-details/f264ba50b007f39e
David,Hulett,Hollywood,"5' 10""",170 lbs.,--,,22,10,0,,http://ufcstats.com/fighter-details/b0718335e9868cfd
Dominik,Humburger,,--,185 lbs.,--,,8,1,0,,http://ufcstats.com/fighter-details/e4cbc82c36e47299
Bryan,Humes,,--,265 lbs.,--,,6,2,0,,http://ufcstats.com/fighter-details/b9c75e7fc910f587
Abongo,Humphrey,,"5' 11""",205 lbs.,--,Orthodox,7,3,0,,http://ufcstats.com/fighter-details/cb1b4d237b0079e6
Harry,Hunsucker,The Hurricane,"6' 2""",205 lbs.,"75.0""",Orthodox,7,6,0,,http://ufcstats.com/fighter-details/f703250471acaf96
Mark,Hunt,Super Samoan,"5' 10""",265 lbs.,"72.0""",Orthodox,13,14,1,,http://ufcstats.com/fighter-details/eef9b891edbd4604
Alex,Hunter,,"5' 9""",226 lbs.,--,Orthodox,2,0,0,,http://ufcstats.com/fighter-details/baa5358456803df8
Adam,Hunter,Warhammer,"6' 1""",185 lbs.,--,Orthodox,7,1,0,,http://ufcstats.com/fighter-details/edc9eb3051f444fa
Joe,Hurley,,"5' 8""",155 lbs.,--,,12,5,0,,http://ufcstats.com/fighter-details/21b54430c8eeb9cc
Solomon,Hutcherson,King,"5' 11""",185 lbs.,--,Southpaw,11,7,0,,http://ufcstats.com/fighter-details/155bfc7ed36622df
Young,Hwang,,"5' 9""",135 lbs.,--,,8,5,0,,http://ufcstats.com/fighter-details/8588d14c4952b9fa
In Su,Hwang,Legendary,"5' 11""",185 lbs.,"74.0""",Orthodox,8,2,0,,http://ufcstats.com/fighter-details/1c01d986283e6acb
Matty,Iann,Ironside,--,135 lbs.,--,,4,0,0,,http://ufcstats.com/fighter-details/031c06c8210e357c
Al,Iaquinta,Raging,"5' 10""",155 lbs.,"70.0""",Orthodox,14,7,1,,http://ufcstats.com/fighter-details/59279a7c978f7da0
Khadis,Ibragimov,,"6' 3""",205 lbs.,"78.0""",Orthodox,8,4,0,,http://ufcstats.com/fighter-details/c3218c810959d279
Minoki,Ichihara,,"5' 7""",178 lbs.,--,Orthodox,0,1,0,,http://ufcstats.com/fighter-details/4565d435005319c0
Alibi,Idiris,,"5' 6""",125 lbs.,"68.0""",Orthodox,11,1,0,,http://ufcstats.com/fighter-details/30cad5a751adcb48
Dan,Ige,100K,"5' 7""",135 lbs.,"71""",Orthodox,19,11,0,,http://ufcstats.com/fighter-details/82a5152216251682
Valeri,Ignatov,,"5' 9""",170 lbs.,--,Orthodox,1,2,0,,http://ufcstats.com/fighter-details/7b6ce3a9460565b5
Sergey,Ignatov,,"5' 9""",210 lbs.,--,Orthodox,0,1,0,,http://ufcstats.com/fighter-details/df9e9c1f65805d29
Fabiano,Iha,,"5' 8""",155 lbs.,--,Orthodox,9,5,0,,http://ufcstats.com/fighter-details/263ebd4a669e1e98
Seichi,Ikemoto,,"5' 11""",168 lbs.,--,Orthodox,21,19,5,,http://ufcstats.com/fighter-details/81f38d1640c4e70d
Mikhail,Iloukhine,,"5' 9""",205 lbs.,--,Orthodox,30,11,1,,http://ufcstats.com/fighter-details/b71667c778b6d9e5
Zelim,Imadaev,,"6' 0""",170 lbs.,"76.0""",Orthodox,8,3,0,,http://ufcstats.com/fighter-details/7f0f171414d0a287
Kento,Imai,,--,125 lbs.,--,,12,4,0,,http://ufcstats.com/fighter-details/3abe2b6b2d9b7efc
Yusuke,Imamura,,"5' 8""",220 lbs.,--,Orthodox,2,6,0,,http://ufcstats.com/fighter-details/2ce6541127b0e232
Masakazu,Imanari,,"5' 4""",139 lbs.,--,Southpaw,36,16,2,,http://ufcstats.com/fighter-details/a4dd5c9a75763295
Nassourdine,Imavov,The Sniper,"6' 3""",185 lbs.,"75.0""",Orthodox,17,4,0,,http://ufcstats.com/fighter-details/881bf86d4cba8578
Brad,Imes,Hillbilly Heartthrob,"6' 7""",265 lbs.,--,Orthodox,13,7,0,,http://ufcstats.com/fighter-details/4908c5ee68a50ee5
Michael,Imperato,,"5' 7""",135 lbs.,"66.0""",Switch,12,7,0,,http://ufcstats.com/fighter-details/59e52d56bab2b1ee
Rui,Imura,,"5' 10""",135 lbs.,"69.0""",Southpaw,12,5,0,,http://ufcstats.com/fighter-details/bb56173e2275e622
Chris,Indich,,"5' 10""",170 lbs.,--,,6,4,0,,http://ufcstats.com/fighter-details/d5b7fac960e58920
Chris,Inman,,--,--,--,,1,0,0,,http://ufcstats.com/fighter-details/f0a381ba65d2a933
Guto,Inocente,,"6' 3""",205 lbs.,--,Orthodox,7,4,0,,http://ufcstats.com/fighter-details/e7fe5315b1efeb92
Enson,Inoue,Yamato Damashii,"5' 10""",210 lbs.,--,Orthodox,12,8,0,,http://ufcstats.com/fighter-details/0cf935519d439ba6
Egan,Inoue,,"5' 9""",190 lbs.,--,Southpaw,13,8,0,,http://ufcstats.com/fighter-details/37a6c95201592fea
Katsuya,Inoue,,"5' 9""",168 lbs.,--,Southpaw,19,9,4,,http://ufcstats.com/fighter-details/b5882371e2a3900d
Takeshi,Inoue,Lion,"5' 8""",145 lbs.,--,,23,10,0,,http://ufcstats.com/fighter-details/a61a0cd2829e5d4e
Naoki,Inoue,,"5' 9""",125 lbs.,"71.0""",Orthodox,11,1,0,,http://ufcstats.com/fighter-details/199eb7cf6ae90294
Jorge,Interiano,,"6' 1""",205 lbs.,--,,4,3,0,,http://ufcstats.com/fighter-details/1e75e6c9de99fa76
Jason,Ireland,The Irish Tornado,"5' 9""",161 lbs.,--,Southpaw,19,9,1,,http://ufcstats.com/fighter-details/05a0556072931f01
James,Irvin,The Sandman,"6' 2""",205 lbs.,"75.0""",Orthodox,17,10,0,,http://ufcstats.com/fighter-details/a7f4d0902bb64092
Eric,Irvin,,"5' 8""",155 lbs.,--,,11,4,0,,http://ufcstats.com/fighter-details/a47c2a6e24757932
Issa,Isakov,Determinator,"5' 9""",155 lbs.,"70.0""",Orthodox,10,3,0,,http://ufcstats.com/fighter-details/e9095aeb36f2aeb8
Mitsuhiro,Ishida,The Endless Warrior,"5' 6""",154 lbs.,--,Southpaw,20,8,1,,http://ufcstats.com/fighter-details/82f5c81f4e3c3eb5
Teruto,Ishihara,Yashabo,"5' 7""",135 lbs.,"69.0""",Southpaw,10,7,2,,http://ufcstats.com/fighter-details/88cd34d836b4ebcd
Satoshi,Ishii,,"5' 11""",240 lbs.,--,Orthodox,15,8,1,,http://ufcstats.com/fighter-details/c8a49ff2acb6f3c5
Yuki,Ishikawa,,"5' 11""",205 lbs.,--,Orthodox,0,2,0,,http://ufcstats.com/fighter-details/119ebea97e914dcf
Eiji,Ishikawa,,"5' 10""",170 lbs.,--,,29,24,3,,http://ufcstats.com/fighter-details/eb89dc31949a1427
Tokimitsu,Ishizawa,Kendo Ka Shin,"6' 0""",185 lbs.,--,Orthodox,1,5,1,,http://ufcstats.com/fighter-details/f3155a94ca420126
Damir,Ismagulov,Qazaq,"5' 10""",155 lbs.,"74.0""",Orthodox,24,3,0,,http://ufcstats.com/fighter-details/135d124172a0bea3
Wallid,Ismail,,"5' 7""",205 lbs.,--,Orthodox,9,3,0,,http://ufcstats.com/fighter-details/da6dfd09cca1d705
Leandro,Issa,Brodinho,"5' 7""",135 lbs.,"69.0""",Orthodox,13,6,0,,http://ufcstats.com/fighter-details/d1e1fdcea7c8a90a
Kuya,Ito,Psycho Zombie,"5' 5""",135 lbs.,"66.0""",Orthodox,17,9,1,,http://ufcstats.com/fighter-details/f647247f0d9f3b50
Blagoy,Ivanov,Baga,"5' 11""",250 lbs.,"73.0""",Southpaw,19,6,0,,http://ufcstats.com/fighter-details/1788eee370f077b7
Anthony,Ivy,Aquaman,"6' 2""",185 lbs.,"74.0""",Orthodox,8,4,0,,http://ufcstats.com/fighter-details/3c5005b66696d790
Tomomi,Iwama,,"5' 3""",155 lbs.,--,Orthodox,9,6,2,,http://ufcstats.com/fighter-details/ac5f67109accb482
Tatsuya,Iwasaki,,"5' 9""",205 lbs.,--,Orthodox,0,1,0,,http://ufcstats.com/fighter-details/243b07fc65ccbb16
Taiga,Iwasaki,,"6' 1""",185 lbs.,"73.0""",Orthodox,9,2,0,,http://ufcstats.com/fighter-details/5b08af4fbc987f9c
Saygid,Izagakhmaev,,"6' 0""",170 lbs.,"74.0""",,22,3,0,,http://ufcstats.com/fighter-details/de26d906f2874dd4
Yoislandy,Izquierdo,Cuba,"5' 11""",155 lbs.,--,Southpaw,10,4,0,,http://ufcstats.com/fighter-details/afc2a7ce0c763bd5
Hiroshi,Izumi,,--,205 lbs.,--,Orthodox,4,2,0,,http://ufcstats.com/fighter-details/53e4e21f4c688801
Yves,Jabouin,Tiger,"5' 7""",135 lbs.,"68.0""",Orthodox,20,11,0,,http://ufcstats.com/fighter-details/b4eeac608fc82f88
Kevin,Jackson,,"5' 10""",199 lbs.,--,Switch,4,2,0,,http://ufcstats.com/fighter-details/13b2f59210dda9cc
Eugene,Jackson,The Wolf,"5' 8""",185 lbs.,--,Orthodox,15,9,1,,http://ufcstats.com/fighter-details/ce783bf73b5131f9
Quinton,Jackson,Rampage,"6' 1""",205 lbs.,"73.0""",Orthodox,37,12,0,,http://ufcstats.com/fighter-details/ffc088e64fab57e9
Jeremy,Jackson,Scorpion,"5' 10""",170 lbs.,--,Orthodox,9,5,0,,http://ufcstats.com/fighter-details/ad32471f01e7b1a5
Damon,Jackson,The Leech,"5' 11""",155 lbs.,"71.0""",Switch,23,8,1,,http://ufcstats.com/fighter-details/29af297d9f1de0f8
Kenyon,Jackson,,"6' 0""",185 lbs.,--,,4,3,0,,http://ufcstats.com/fighter-details/56c5132870a526d5
Mike,Jackson,The Truth,"6' 2""",170 lbs.,"74.0""",Orthodox,1,2,0,,http://ufcstats.com/fighter-details/0641c21bec209472
Jason,Jackson,Jah-Son,"6' 1""",170 lbs.,"78.0""",Orthodox,7,2,0,,http://ufcstats.com/fighter-details/ca8da445dfa82d56
Montel,Jackson,Quik,"5' 10""",135 lbs.,"75""",Southpaw,15,4,0,,http://ufcstats.com/fighter-details/cc1a8b4b38b92c6d
Eric,Jacob,,--,155 lbs.,--,,1,9,0,,http://ufcstats.com/fighter-details/ba17afef01ed78b6
Richard,Jacobi,,"6' 4""",260 lbs.,"75.0""",Orthodox,6,1,1,,http://ufcstats.com/fighter-details/46f557bd44da630e
Dustin,Jacoby,The Hanyak,"6' 3""",205 lbs.,"76.0""",Orthodox,22,9,1,,http://ufcstats.com/fighter-details/e4277e87a789d687
Justin,James,,"5' 10""",155 lbs.,--,Orthodox,13,7,0,,http://ufcstats.com/fighter-details/1ea8df62b3f8fea6
Nate,James,,"6' 0""",185 lbs.,--,,14,8,1,,http://ufcstats.com/fighter-details/a34fecf2f4e5a317
Virna,Jandiroba,Carcara,"5' 3""",115 lbs.,"64.0""",Orthodox,23,4,0,,http://ufcstats.com/fighter-details/7dda2cf308f24a02
Ryan,Janes,,"6' 3""",185 lbs.,"76.0""",Orthodox,10,3,0,,http://ufcstats.com/fighter-details/b59037262c8fe060
YunSeong,Jang,,"6' 0""",170 lbs.,"72.0""",Orthodox,7,2,0,,http://ufcstats.com/fighter-details/c7b0081edfef4bc7
Josh,Janousek,,"5' 11""",185 lbs.,--,Orthodox,8,1,0,,http://ufcstats.com/fighter-details/8f7380fb0916dc77
Dave,Jansen,,"5' 9""",155 lbs.,"73.0""",Orthodox,20,4,0,,http://ufcstats.com/fighter-details/335ad945324c3a2e
Jaime,Jara,El Cucui,"6' 1""",205 lbs.,--,Southpaw,38,18,0,,http://ufcstats.com/fighter-details/805ad1801eb26abb
Gigo,Jara,The Little Animal,"5' 9""",145 lbs.,--,,6,9,0,,http://ufcstats.com/fighter-details/99d5cf1eda8b25c1
Keith,Jardine,The Dean of Mean,"6' 2""",185 lbs.,"76.0""",Orthodox,17,11,2,,http://ufcstats.com/fighter-details/b9d0fd83bb8a147a
Brock,Jardine,The Machine,"5' 11""",170 lbs.,--,Orthodox,12,6,0,,http://ufcstats.com/fighter-details/64959f90b6dd9759
Josh,Jarvis,,--,--,--,,1,4,0,,http://ufcstats.com/fighter-details/32e8e0e8498f03c2
Rony,Jason,,"5' 7""",145 lbs.,"73.0""",Orthodox,14,7,0,,http://ufcstats.com/fighter-details/b71ce838b01f2cad
Jasmine,Jasudavicius,,"5' 7""",125 lbs.,"68""",Orthodox,15,4,0,,http://ufcstats.com/fighter-details/a9e260472d321361
Louis,Jauregui,,"5' 7""",170 lbs.,--,,4,2,0,,http://ufcstats.com/fighter-details/0e8744ded08ee5fb
Yazmin,Jauregui,,"5' 3""",115 lbs.,"64""",Orthodox,11,2,0,,http://ufcstats.com/fighter-details/40cb680ae1cd331f
Justin,Jaynes,The Guitar Hero,"5' 7""",145 lbs.,"68.0""",Orthodox,16,8,0,,http://ufcstats.com/fighter-details/304a21d0595e1a08
Joanna,Jedrzejczyk,,"5' 6""",115 lbs.,"65.0""",Orthodox,16,5,0,,http://ufcstats.com/fighter-details/3d6749c4267da18f
Aaron,Jeffery,,"6' 2""",185 lbs.,"73.0""",Orthodox,10,3,0,,http://ufcstats.com/fighter-details/ccdcb20370be62a3
Trent,Jenkins,,"6' 2""",185 lbs.,--,,0,4,0,,http://ufcstats.com/fighter-details/02fc8f50f56eb307
Bubba,Jenkins,The Highlight Kid,"5' 7""",145 lbs.,--,,11,4,0,,http://ufcstats.com/fighter-details/5e841bb3752b6e86
Adrienna,Jenkins,AJ,"5' 8""",145 lbs.,--,,19,6,0,,http://ufcstats.com/fighter-details/dae85a6a83f53215
Brandon,Jenkins,The Human Highlight Reel,"6' 0""",155 lbs.,"71.0""",Switch,15,9,0,,http://ufcstats.com/fighter-details/6a8928652fc01bee
Jack,Jenkins,Phar,"5' 7""",145 lbs.,"68.0""",Switch,14,4,0,,http://ufcstats.com/fighter-details/a9da3158dd2c2b5a
Steve,Jennum,,"5' 10""",215 lbs.,--,Orthodox,2,3,0,,http://ufcstats.com/fighter-details/ad047e3073a775f3
Ryan,Jensen,,"6' 1""",185 lbs.,"76.0""",Orthodox,21,8,0,,http://ufcstats.com/fighter-details/aae99701b21554e4
Kyle,Jensen,,"5' 9""",170 lbs.,--,Orthodox,4,11,2,,http://ufcstats.com/fighter-details/aec273fcb765330d
Chan-Mi,Jeon,,"5' 5""",115 lbs.,--,Orthodox,5,2,0,,http://ufcstats.com/fighter-details/24174a3f44ce8e03
Maciej,Jewtuszko,Irokez,"6' 0""",155 lbs.,--,Southpaw,12,3,0,,http://ufcstats.com/fighter-details/6b5b9be990774f0e
Ronald,Jhun,The Machine Gun,"5' 11""",170 lbs.,--,Orthodox,24,26,2,,http://ufcstats.com/fighter-details/b9e871af730f826c
Baergeng,Jieleyisi,,"5' 9""",145 lbs.,"71.0""",Orthodox,18,7,0,,http://ufcstats.com/fighter-details/8677e67a75d65b8e
Gilbert,Jimenez,,--,155 lbs.,--,,8,12,1,,http://ufcstats.com/fighter-details/59d36ddfcb27b7dc
Ramiro,Jimenez,El Cachanilla,"5' 9""",145 lbs.,"73""",Southpaw,11,0,0,,http://ufcstats.com/fighter-details/1c02b964466c10e4
Art,Jimmerson,,"6' 1""",196 lbs.,--,Orthodox,0,1,0,,http://ufcstats.com/fighter-details/a5c53b3ddb31cc7d
Ryan,Jimmo,The Big Deal,"6' 1""",205 lbs.,"73.0""",Orthodox,19,5,0,,http://ufcstats.com/fighter-details/bc3ec52ef70fc155
Jinensibieke,Asikeerbai,,"5' 6""",155 lbs.,"69.0""",Orthodox,36,11,0,,http://ufcstats.com/fighter-details/4eccb78d628b2238
,Jiniushiyue,Little King Kong,"5' 6""",125 lbs.,"68.0""",Southpaw,13,4,0,,http://ufcstats.com/fighter-details/c14a683dac2ebc4c
Sung Bin,Jo,Korean Falcon,"6' 0""",145 lbs.,"72.0""",Orthodox,9,1,0,,http://ufcstats.com/fighter-details/6e0e977beb909837
Carls,John De Tomas,,"5' 5""",125 lbs.,"71.0""",Southpaw,6,2,0,,http://ufcstats.com/fighter-details/2a4200ead401a9ce
Phil,Johns,,"5' 2""",170 lbs.,--,Southpaw,30,14,1,,http://ufcstats.com/fighter-details/a8fa0c4e95512806
Brett,Johns,The Pikey,"5' 7""",135 lbs.,"71.0""",Orthodox,17,2,0,,http://ufcstats.com/fighter-details/ec52462a1b41f714
Miles,Johns,Chapo,"5' 7""",135 lbs.,"68.0""",Orthodox,15,5,0,,http://ufcstats.com/fighter-details/46e0d677f91bacc0
Anthony,Johnson,Rumble,"6' 2""",205 lbs.,"78.0""",Orthodox,22,6,0,,http://ufcstats.com/fighter-details/365fee2da473b177
DaMarques,Johnson,Darkness,"6' 1""",170 lbs.,"75.0""",Orthodox,15,15,0,,http://ufcstats.com/fighter-details/322a56923b396b4d
Devin,Johnson,,--,--,--,,1,1,1,,http://ufcstats.com/fighter-details/22f4b6cb6b1bd7fd
Travis,Johnson,,--,205 lbs.,--,,0,1,0,,http://ufcstats.com/fighter-details/443835675e8fc6ca
Ricky,Johnson,,"5' 8""",145 lbs.,--,Orthodox,10,6,0,,http://ufcstats.com/fighter-details/fa2fca260beeb9c0
Tony,Johnson,,"6' 2""",205 lbs.,"76.0""",Orthodox,7,2,0,,http://ufcstats.com/fighter-details/3641a0d117e9bc6c
Lavar,Johnson,Big,"6' 4""",240 lbs.,"82.0""",Orthodox,18,10,0,,http://ufcstats.com/fighter-details/e6c5908910cc26e4
Demetrious,Johnson,Mighty Mouse,"5' 3""",125 lbs.,"66.0""",Orthodox,27,3,1,,http://ufcstats.com/fighter-details/8a304bfd6bf04a57
Michael,Johnson,The Menace,"5' 10""",155 lbs.,"73.0""",Southpaw,25,20,0,,http://ufcstats.com/fighter-details/511e82663651438d
Deshaun,Johnson,,--,167 lbs.,--,,6,9,0,,http://ufcstats.com/fighter-details/bf97ad31eae89429
Kajan,Johnson,Ragin',"5' 11""",155 lbs.,"75.0""",Orthodox,23,13,1,,http://ufcstats.com/fighter-details/633a45d131192ffe
Dashon,Johnson,Flyboy,"5' 7""",145 lbs.,--,Orthodox,9,2,0,,http://ufcstats.com/fighter-details/36207c58e854cae5
Timothy,Johnson,,"6' 3""",265 lbs.,"77.0""",Southpaw,12,4,0,,http://ufcstats.com/fighter-details/cc900af167fbedfd
Tony,Johnson,,"6' 1""",265 lbs.,--,,11,3,0,,http://ufcstats.com/fighter-details/a45bab49951a45cd
Jordan,Johnson,,"6' 2""",205 lbs.,"79.0""",Orthodox,10,0,0,,http://ufcstats.com/fighter-details/99bcdf5eac39898f
Taylor,Johnson,Tombstone,"6' 0""",185 lbs.,"74.0""",Switch,5,1,0,,http://ufcstats.com/fighter-details/552b09cbf13b6328
Chad,Johnson,Big Rigg,"6' 2""",230 lbs.,"80.0""",Orthodox,6,2,0,,http://ufcstats.com/fighter-details/6ce9a012e4c6020c
Jose,Johnson,Zhakwarius,"6' 0""",125 lbs.,"71.0""",Orthodox,16,10,0,,http://ufcstats.com/fighter-details/84f727cf0166d6f2
Charles,Johnson,InnerG,"5' 9""",125 lbs.,"70.0""",Switch,19,8,0,,http://ufcstats.com/fighter-details/814e5233e2acf2ee
Donte,Johnson,Lock Jaw,"5' 8""",185 lbs.,"74.0""",Southpaw,8,0,0,,http://ufcstats.com/fighter-details/ad5cb64af10fc946
Brian,Johnston,,"6' 3""",230 lbs.,--,Orthodox,5,5,0,,http://ufcstats.com/fighter-details/1c3f5e85b59ec710
Ben,Johnston,,"6' 4""",185 lbs.,"76.0""",Orthodox,5,2,0,,http://ufcstats.com/fighter-details/3261aa79bf6caa64
Liana,Jojua,She Wolf,"5' 4""",125 lbs.,"62.0""",Orthodox,8,5,0,,http://ufcstats.com/fighter-details/eebc23626e38f5dc
Nikola,Joksovic,,--,170 lbs.,--,,16,0,0,,http://ufcstats.com/fighter-details/a6aa3157e1a1d104
Daniel,Jolly,The Werewolf of Texas,"6' 1""",205 lbs.,"75.0""",Orthodox,5,3,0,,http://ufcstats.com/fighter-details/eeabcd4dc6619129
Paul,Jones,,"5' 9""",199 lbs.,--,Orthodox,11,1,1,,http://ufcstats.com/fighter-details/f341f9551ba744e2
Jon,Jones,Bones,"6' 4""",248 lbs.,"84.0""",Orthodox,28,1,0,,http://ufcstats.com/fighter-details/07f72a2a7591b409
Nathan,Jones,,"6' 11""",345 lbs.,--,Orthodox,0,1,0,,http://ufcstats.com/fighter-details/f54fb3b9c4228142
Marcus,Jones,The Darkness,"6' 6""",265 lbs.,--,Orthodox,4,2,0,,http://ufcstats.com/fighter-details/8fa2b06572365321
Carlton,Jones,,"6' 1""",225 lbs.,--,Orthodox,1,4,0,,http://ufcstats.com/fighter-details/f117c3e8c1aa7b9e
Jesse,Jones,,"5' 9""",170 lbs.,--,,2,1,0,,http://ufcstats.com/fighter-details/bc0f994de0521926
Tito,Jones,,"5' 8""",145 lbs.,--,Southpaw,11,8,0,,http://ufcstats.com/fighter-details/7b223a22a6c26868
Roy,Jones,,--,205 lbs.,--,,7,5,0,,http://ufcstats.com/fighter-details/be8dfcf0442812b1
Justin,Jones,Black Dynamite,"5' 11""",185 lbs.,--,Orthodox,9,2,0,,http://ufcstats.com/fighter-details/9b75954db8db2a08
Ben,Jones,Blitzkrieg,--,185 lbs.,--,,4,4,0,,http://ufcstats.com/fighter-details/329aff8e958a2997
Victor,Jones,,--,145 lbs.,--,,1,3,0,,http://ufcstats.com/fighter-details/04f0471f221db717
Chris,Jones,Lionheart,"5' 9""",149 lbs.,--,,10,5,0,,http://ufcstats.com/fighter-details/509319d35664369e
Roshaun,Jones,,"5' 8""",135 lbs.,--,,2,6,0,,http://ufcstats.com/fighter-details/8a9f54b9056b07f5
Jamelle,Jones,The Beast,"6' 0""",205 lbs.,"75.0""",Orthodox,7,5,0,,http://ufcstats.com/fighter-details/1dda22d0ac3d1271
Antonio,Jones,Doomsday,"5' 11""",185 lbs.,--,Orthodox,6,1,0,,http://ufcstats.com/fighter-details/f1fd494586ab8d5f
Trevin,Jones,5 Star,"5' 7""",135 lbs.,"70.0""",Southpaw,13,10,0,,http://ufcstats.com/fighter-details/ec23c1be628d8057
Mason,Jones,The Dragon,"5' 10""",155 lbs.,"74.0""",Orthodox,18,2,0,,http://ufcstats.com/fighter-details/f6ad6a1e4d600e0d
Craig,Jones,,--,205 lbs.,--,,0,0,0,,http://ufcstats.com/fighter-details/e947b563eb744a21
Jacobi,Jones,Big Toe,"5' 9""",155 lbs.,"72.0""",Orthodox,6,2,0,,http://ufcstats.com/fighter-details/08b01ed84044c6bc
Jocelyn,Jones-Lybarger,,"5' 7""",115 lbs.,"64.0""",Orthodox,6,4,0,,http://ufcstats.com/fighter-details/1a98c9dbb7fc3959
Kevin,Jordan,The Shaman,"6' 3""",245 lbs.,--,Orthodox,11,9,0,,http://ufcstats.com/fighter-details/02e52b3a595f0786
Joe,Jordan,,"5' 6""",155 lbs.,--,Orthodox,49,14,2,,http://ufcstats.com/fighter-details/712c4db78b9373d1
Shawn,Jordan,The Savage,"6' 0""",260 lbs.,"75.0""",Southpaw,19,8,0,,http://ufcstats.com/fighter-details/ca2efc9d7d523c43
Ivan,Jorge,Batman,"5' 9""",155 lbs.,"73.0""",Orthodox,27,7,0,,http://ufcstats.com/fighter-details/19db7ac26308178f
Scott,Jorgensen,Young Guns,"5' 5""",135 lbs.,"66.0""",Orthodox,15,12,0,,http://ufcstats.com/fighter-details/0b64d0fed453ef7f
Gareth,Joseph,,--,205 lbs.,--,,9,5,0,,http://ufcstats.com/fighter-details/8ecb9f42da5ef5ac
Dwight,Joseph,,"5' 6""",135 lbs.,--,Switch,5,0,0,,http://ufcstats.com/fighter-details/34ca93f1791a5c50
Jeff,Joslin,The Inferno,"6' 0""",170 lbs.,--,Orthodox,5,3,0,,http://ufcstats.com/fighter-details/388abbf8832b5adf
Krzysztof,Jotko,,"6' 1""",185 lbs.,"77.0""",Southpaw,24,6,0,,http://ufcstats.com/fighter-details/4e06913c91da5200
Alan,Jouban,Brahma,"6' 0""",170 lbs.,"73.0""",Southpaw,17,7,0,,http://ufcstats.com/fighter-details/cf65d56b0755ed3b
Charles,Jourdain,Air,"5' 9""",135 lbs.,"69""",Switch,18,8,1,,http://ufcstats.com/fighter-details/f1d64ae34e088832
Louis,Jourdain,The Mad Prince,"5' 9""",135 lbs.,"69""",Orthodox,9,3,0,,http://ufcstats.com/fighter-details/91cd52cb92dfdd52
Kevin,Jousset,Air,"6' 2""",170 lbs.,"75.0""",Orthodox,10,4,0,,http://ufcstats.com/fighter-details/dda15dbfafb792df
Mike,Joy,,"5' 6""",155 lbs.,--,Southpaw,11,8,0,,http://ufcstats.com/fighter-details/35080a7f406f9ab3
Dustin,Joynson,,"6' 6""",244 lbs.,"78.0""",Orthodox,5,0,0,,http://ufcstats.com/fighter-details/791367e8c35cfb6a
Tony,Juarez,,--,155 lbs.,--,,1,12,0,,http://ufcstats.com/fighter-details/97f3692d5444a80a
Jesse,Juarez,,"6' 1""",170 lbs.,--,Orthodox,23,12,0,,http://ufcstats.com/fighter-details/cd039ff136d89ded
Ernie,Juarez,The Young Titan,"5' 8""",145 lbs.,"70.0""",,8,1,0,,http://ufcstats.com/fighter-details/410898e8dd6ca9b6
Anshul,Jubli,King of Lions,"6' 0""",155 lbs.,"69.0""",Switch,7,2,0,,http://ufcstats.com/fighter-details/a72a2a769fa5a2be
Carli,Judice,Crispy,"5' 7""",125 lbs.,"68.0""",Southpaw,6,2,0,,http://ufcstats.com/fighter-details/f1ab6f37492c630a
Steve,Judson,,"5' 11""",230 lbs.,--,Orthodox,0,2,0,,http://ufcstats.com/fighter-details/6ece1d2ab1bed31d
Luke,Jumeau,The Jedi,"5' 11""",170 lbs.,"72.0""",Orthodox,13,5,0,,http://ufcstats.com/fighter-details/4c288a2b250bb576
Bu-Kyung,Jung,,"5' 7""",154 lbs.,--,Orthodox,0,4,0,,http://ufcstats.com/fighter-details/b35d1650c78c2948
Chan Sung,Jung,The Korean Zombie,"5' 7""",145 lbs.,"72.0""",Orthodox,17,8,0,,http://ufcstats.com/fighter-details/c451d67c09c55418
Young Sam,Jung,,"5' 8""",139 lbs.,--,Orthodox,4,8,0,,http://ufcstats.com/fighter-details/13104eaed3ae96c3
Da Woon,Jung,Sseda,"6' 4""",205 lbs.,"78.0""",Orthodox,15,6,1,,http://ufcstats.com/fighter-details/74f9448b97bf8bec
Scott,Junk,,"6' 1""",265 lbs.,--,Orthodox,8,3,1,,http://ufcstats.com/fighter-details/ac70a4f1db1b8c40
Myles,Jury,Fury,"5' 10""",145 lbs.,"73.0""",Orthodox,17,4,0,,http://ufcstats.com/fighter-details/08e908ed6d18d6a0
Cristiane,Justino,Cyborg,"5' 8""",145 lbs.,"68.0""",Orthodox,21,2,0,,http://ufcstats.com/fighter-details/634bb0de2eb043b4
Patrick,Kaase,Kamikaze,"5' 9""",185 lbs.,--,,1,2,0,,http://ufcstats.com/fighter-details/b180f05acb24d430
Emily,Kagan,,"5' 3""",115 lbs.,--,,3,3,0,,http://ufcstats.com/fighter-details/c1ea9d56cd953586
Oron,Kahlon,,"5' 8""",135 lbs.,"70.0""",Orthodox,16,1,0,,http://ufcstats.com/fighter-details/00a35c92b03992b0
,Kaiwen,The Underdog,"5' 8""",145 lbs.,"71.0""",Switch,15,7,0,,http://ufcstats.com/fighter-details/0565706b1e7f7e7c
Sirwan,Kakai,Zohan,"5' 5""",135 lbs.,--,Orthodox,12,5,0,,http://ufcstats.com/fighter-details/2525a853486ee670
Saidyokub,Kakhramonov,,"5' 8""",135 lbs.,"69.0""",Orthodox,10,3,0,,http://ufcstats.com/fighter-details/50a28b9f8314e008
Geza,Kalman,,"6' 1""",200 lbs.,--,,4,9,0,,http://ufcstats.com/fighter-details/304fcd812f12c589
Bryson,Kamaka,,"5' 11""",170 lbs.,--,Orthodox,12,20,1,,http://ufcstats.com/fighter-details/9336e86cfd4ceaa1
Kai,Kamaka III,Da Fighting Hawaiian,"5' 7""",145 lbs.,"69.0""",Orthodox,18,7,1,,http://ufcstats.com/fighter-details/eee0ef3e2b14816b
Shah,Kamali,,--,265 lbs.,--,,4,0,0,,http://ufcstats.com/fighter-details/a46ab6c64d321c2d
Shuya,Kamikubo,Stealth,"5' 5""",135 lbs.,"68.0""",Switch,13,2,1,,http://ufcstats.com/fighter-details/a46fa1c7972548d0
Daichi,Kamiya,,"5' 8""",155 lbs.,"68.0""",Southpaw,6,1,0,,http://ufcstats.com/fighter-details/a497e228cce8a64f
Martin,Kampmann,The Hitman,"6' 0""",170 lbs.,"72.0""",Orthodox,20,7,0,,http://ufcstats.com/fighter-details/8b69839f3555a67b
Koya,Kanda,Bushido,"5' 9""",145 lbs.,"75.0""",Southpaw,12,5,0,,http://ufcstats.com/fighter-details/b42d3a1469dab722
Bharat,Kandare,Daring,"5' 7""",135 lbs.,"72.0""",Orthodox,5,3,0,,http://ufcstats.com/fighter-details/efd2b3e9bb7965a4
Hiromitsu,Kanehara,,"5' 10""",200 lbs.,--,Orthodox,19,27,5,,http://ufcstats.com/fighter-details/eda579d906cf0ca2
Masanori,Kanehara,,"5' 7""",135 lbs.,"67.0""",Orthodox,26,12,5,,http://ufcstats.com/fighter-details/f3a078277b3b8ff4
Ken,Kaneko,,"6' 0""",161 lbs.,--,Orthodox,0,3,0,,http://ufcstats.com/fighter-details/5345f86680378fc1
Denis,Kang,,"5' 11""",185 lbs.,"77.0""",Orthodox,35,16,2,,http://ufcstats.com/fighter-details/3c241737a6069b9f
Kyung Ho,Kang,Mr. Perfect,"5' 9""",135 lbs.,"73.0""",Orthodox,19,11,0,,http://ufcstats.com/fighter-details/a7897d200692ab64
Manel,Kape,StarBoy,"5' 5""",125 lbs.,"68.0""",Southpaw,22,7,0,,http://ufcstats.com/fighter-details/5d1b7e3dd9e11074
David,Kaplan,Diamond,"5' 7""",155 lbs.,--,Orthodox,3,4,0,,http://ufcstats.com/fighter-details/5669b828e7e11329
Kai,Kara-France,Don't Blink,"5' 4""",125 lbs.,"69.0""",Orthodox,25,12,0,,http://ufcstats.com/fighter-details/853eb0dd5c0e2149
Georgi,Karakhanyan,Insane,"5' 8""",145 lbs.,--,,26,7,1,,http://ufcstats.com/fighter-details/43292ecf0e72c143
Alex,Karalexis,The Assassin,"5' 8""",155 lbs.,"66.0""",Orthodox,10,6,0,,http://ufcstats.com/fighter-details/e361e5c858af6ff1
Ernesta,Kareckaite,Heavy-Handed,"5' 9""",125 lbs.,"71.0""",Orthodox,6,2,1,,http://ufcstats.com/fighter-details/e4faa79383c9f214
Impa,Kasanganay,Tshilobo,"5' 11""",170 lbs.,"75.0""",Orthodox,9,2,0,,http://ufcstats.com/fighter-details/257b0c8d6f199895
Jinnosuke,Kashimura,,"5' 7""",155 lbs.,"71.0""",Southpaw,4,2,0,,http://ufcstats.com/fighter-details/4a9120fa47bafef0
Nadia,Kassem,,"5' 5""",125 lbs.,"66.0""",Southpaw,5,2,0,,http://ufcstats.com/fighter-details/6e7506127408aa9e
Yusuke,Kasuya,,"5' 7""",155 lbs.,--,Southpaw,9,3,0,,http://ufcstats.com/fighter-details/3058888c33149a53
Tetsuji,Kato,,--,155 lbs.,--,Orthodox,20,10,0,,http://ufcstats.com/fighter-details/542db012217ecb83
Hisaki,Kato,,"6' 0""",185 lbs.,--,,8,2,0,,http://ufcstats.com/fighter-details/ebf1c247b2cba375
Brad,Katona,Superman,"5' 6""",135 lbs.,"64.0""",Orthodox,16,5,0,,http://ufcstats.com/fighter-details/7b433309b0fd12aa
Calvin,Kattar,,"5' 11""",145 lbs.,"72.0""",Orthodox,23,10,0,,http://ufcstats.com/fighter-details/751de04455cfaac0
Sarah,Kaufman,,"5' 5""",135 lbs.,"66.0""",Orthodox,18,4,0,,http://ufcstats.com/fighter-details/36df8e119aec6175
Lone'er,Kavanagh,,"5' 6""",125 lbs.,"67""",Orthodox,10,2,0,,http://ufcstats.com/fighter-details/bb2c3c3a466224af
Yusuke,Kawaguchi,,"6' 0""",255 lbs.,--,,18,12,0,,http://ufcstats.com/fighter-details/fa2320781bfe4f49
Canaan,Kawaihae,,"6' 0""",145 lbs.,"71.0""",Southpaw,6,2,0,,http://ufcstats.com/fighter-details/58d42b9e920b25fc
Tatsuya,Kawajiri,Crusher,"5' 7""",145 lbs.,"69.0""",Orthodox,36,11,2,,http://ufcstats.com/fighter-details/80d918336163b80c
Ryo,Kawamura,,"5' 11""",205 lbs.,--,Orthodox,18,9,4,,http://ufcstats.com/fighter-details/9e91d7fd2720e241
Masuto,Kawana,Mast,"5' 6""",145 lbs.,"69.0""",Orthodox,10,4,0,,http://ufcstats.com/fighter-details/49f4171f14f54220
Doug,Kay,,--,--,--,,0,0,0,,http://ufcstats.com/fighter-details/547c5611bd366988
Toshiomi,Kazama,,"5' 7""",135 lbs.,"69.0""",Orthodox,11,5,0,,http://ufcstats.com/fighter-details/148bb103cfbf123e
Julie,Kedzie,,"5' 5""",135 lbs.,--,Orthodox,16,13,0,,http://ufcstats.com/fighter-details/981ab7a0576f76a0
Ryan,Keenan,,"5' 10""",170 lbs.,--,,6,2,0,,http://ufcstats.com/fighter-details/a72b20136239ba39
Losene,Keita,Black Panther,"5' 7""",145 lbs.,"72""",Orthodox,16,2,0,,http://ufcstats.com/fighter-details/5b43d68174b6e2ab
CJ,Keith,,"6' 0""",155 lbs.,--,Orthodox,8,4,0,,http://ufcstats.com/fighter-details/c0eecd851dbf3146
Chris,Kelades,The Greek Assassin,"5' 7""",125 lbs.,"68.0""",Orthodox,9,3,0,,http://ufcstats.com/fighter-details/56c9acc4e86046a2
Brian,Kelleher,Boom,"5' 6""",135 lbs.,"66.0""",Switch,24,16,0,,http://ufcstats.com/fighter-details/7be14eaed4c74856
Mayana,Kellem,,"5' 5""",135 lbs.,--,Orthodox,7,1,0,,http://ufcstats.com/fighter-details/c788481ae19e798d
Tony,Kelley,Primetime,"5' 9""",135 lbs.,"70.0""",Switch,8,3,0,,http://ufcstats.com/fighter-details/1a08b01fdabb6ae2
Paul,Kelly,,"5' 9""",155 lbs.,"70.0""",Orthodox,14,5,0,,http://ufcstats.com/fighter-details/aac5ac38148f0528
John,Kelly,,"5' 9""",170 lbs.,--,,5,4,0,,http://ufcstats.com/fighter-details/ace83095105dd205
Daniel,Kelly,,"6' 0""",185 lbs.,"70.0""",Southpaw,13,4,0,,http://ufcstats.com/fighter-details/bdcbb976816fd256
Tim,Kennedy,,"5' 11""",185 lbs.,"74.0""",Orthodox,18,6,0,,http://ufcstats.com/fighter-details/3c660c90d48fc80d
Steve,Kennedy,The Steamrolla,"5' 11""",170 lbs.,--,Orthodox,24,8,0,,http://ufcstats.com/fighter-details/185fb0200a4605e6
Jeremy,Kennedy,JBC,"5' 11""",145 lbs.,"71.0""",Orthodox,11,1,0,,http://ufcstats.com/fighter-details/68f6e96c5fa6e044
Waylon,Kennell,,"6' 0""",185 lbs.,--,,6,2,0,,http://ufcstats.com/fighter-details/9b8a73b59be8d786
Casey,Kenney,,"5' 7""",135 lbs.,"68.0""",Southpaw,16,4,1,,http://ufcstats.com/fighter-details/e7bba7ce4d6c7b07
Maimaitituoheti,Keremuaili,Kyrgyz Mountain Eagle,"5' 6""",135 lbs.,"66.0""",Orthodox,26,11,0,,http://ufcstats.com/fighter-details/772022b989534f0d
Aurelijus,Kerpe,,--,--,--,Orthodox,11,22,0,,http://ufcstats.com/fighter-details/c1e4ae143cce7398
Mark,Kerr,The Smashing Machine,"6' 3""",266 lbs.,--,Switch,15,11,0,,http://ufcstats.com/fighter-details/a7b48e18ca27795d
Will,Kerr,,"5' 10""",155 lbs.,"69.0""",Orthodox,9,3,0,,http://ufcstats.com/fighter-details/ef61d9f5176b3200
Ron,Keslar,,--,185 lbs.,--,,11,9,0,,http://ufcstats.com/fighter-details/b84f34b425dfd24b
Rustam,Khabilov,Tiger,"5' 8""",155 lbs.,"73.0""",Orthodox,24,4,0,,http://ufcstats.com/fighter-details/9b7694d064a8a0ad
Adam,Khaliev,,"6' 0""",170 lbs.,--,Orthodox,6,0,0,,http://ufcstats.com/fighter-details/1aba18b5f15d4956
Sergey,Khandozhko,Honda,"6' 1""",170 lbs.,"74.0""",Orthodox,28,6,1,,http://ufcstats.com/fighter-details/90da09db03e41748
Sergei,Kharitonov,,"6' 0""",245 lbs.,--,Orthodox,26,6,0,,http://ufcstats.com/fighter-details/0693b2eab79198ea
Alfred,Khashakyan,The Fearless,"5' 8""",135 lbs.,"70.0""",Orthodox,8,3,0,,http://ufcstats.com/fighter-details/3929efe0c0a83d07
Aziz,Khaydarov,,"5' 11""",155 lbs.,"72.0""",Orthodox,21,7,0,,http://ufcstats.com/fighter-details/a072b512b6f4fc42
Mansher,Khera,New Era,"5' 10""",155 lbs.,"68.0""",Orthodox,10,0,0,,http://ufcstats.com/fighter-details/4bbd1e5c77ef3c2f
Aliaskhab,Khizriev,Black Wolf,"5' 9""",185 lbs.,"74.0""",Southpaw,14,0,0,,http://ufcstats.com/fighter-details/7ab478c397cd68ef
WonBin,Ki,The Danger,"5' 11""",155 lbs.,"73.0""",Orthodox,18,9,0,,http://ufcstats.com/fighter-details/aaeb55084b198a39
Pannie,Kianzad,Banzai,"5' 7""",135 lbs.,"66.0""",Orthodox,17,9,0,,http://ufcstats.com/fighter-details/91dac5e69e28d5b5
Akira,Kikuchi,,"5' 8""",155 lbs.,--,Orthodox,16,4,0,,http://ufcstats.com/fighter-details/9c37681096c6f3a9
Katsunori,Kikuno,,"5' 8""",145 lbs.,"66.0""",Orthodox,24,8,2,,http://ufcstats.com/fighter-details/44470bfd9483c7ad
Sanae,Kikuta,,"5' 9""",200 lbs.,--,Orthodox,31,9,3,,http://ufcstats.com/fighter-details/e4bde462b043d3e1
Jacob,Kilburn,The Killer,"5' 9""",145 lbs.,"72.0""",Orthodox,8,4,0,,http://ufcstats.com/fighter-details/637bd06c32219f0b
Dong Hyun,Kim,Stun Gun,"6' 2""",170 lbs.,"76.0""",Southpaw,22,4,1,,http://ufcstats.com/fighter-details/9bcf8603ceb25680
Jin Oh,Kim,,"5' 9""",205 lbs.,--,Orthodox,0,4,0,,http://ufcstats.com/fighter-details/8d04923f2db59b7f
Dae Won,Kim,,"5' 11""",180 lbs.,--,Orthodox,11,7,0,,http://ufcstats.com/fighter-details/354808cf38d9d73c
Jong Wang,Kim,,"6' 1""",240 lbs.,--,,13,23,0,,http://ufcstats.com/fighter-details/380e8b023290d091
Jong Won,Kim,,"5' 7""",139 lbs.,--,Orthodox,0,1,0,,http://ufcstats.com/fighter-details/9e0f28d1f639ad73
Min Soo,Kim,,"6' 1""",255 lbs.,--,Southpaw,3,7,0,,http://ufcstats.com/fighter-details/831b937811804dad
Jong Man,Kim,Special Force,"5' 7""",139 lbs.,--,Orthodox,23,11,3,,http://ufcstats.com/fighter-details/dba230fe33011201
Ji Yeon,Kim,Firefist,"5' 7""",125 lbs.,"72.0""",Orthodox,9,7,2,,http://ufcstats.com/fighter-details/a20f234df70f2182
MinWoo,Kim,Korean MOAI,"5' 8""",135 lbs.,"72.0""",Orthodox,10,2,0,,http://ufcstats.com/fighter-details/6343a95f1d9e6a33
HanSeul,Kim,Spade,"6' 1""",170 lbs.,"73.0""",Southpaw,13,6,0,,http://ufcstats.com/fighter-details/2bc47c7cc6c05bd7
KyeungPyo,Kim,Redhorse,"5' 9""",155 lbs.,"71.0""",Orthodox,11,4,0,,http://ufcstats.com/fighter-details/5a9f7b5ffebdd6e7
Sangwook,Kim,Frogman,"6' 0""",155 lbs.,"71.0""",Orthodox,13,4,0,,http://ufcstats.com/fighter-details/a264d4e9a4d6bfe4
SangWon,Kim,No Problem,"5' 9""",145 lbs.,"69.0""",Orthodox,10,6,1,,http://ufcstats.com/fighter-details/e9712cad24948ce1
KyuSung,Kim,,"5' 11""",125 lbs.,"69.0""",Orthodox,12,6,0,,http://ufcstats.com/fighter-details/e7ecfab8fd86d3e1
So Yul,Kim,,--,115 lbs.,--,,8,1,0,,http://ufcstats.com/fighter-details/864c07a7ff90caae
Jeremy,Kimball,,"6' 0""",205 lbs.,"72.0""",Switch,15,8,0,,http://ufcstats.com/fighter-details/917a5cb9821df261
Rob,Kimmons,The Rosedale Reaper,"5' 10""",185 lbs.,"73.0""",Orthodox,25,9,0,,http://ufcstats.com/fighter-details/054defd5420a551f
Dustin,Kimura,The Diamond,"5' 7""",135 lbs.,"71.0""",Orthodox,11,3,0,,http://ufcstats.com/fighter-details/fe91d254db77a7fc
Taiei,Kin,,"5' 11""",185 lbs.,--,Orthodox,6,3,0,,http://ufcstats.com/fighter-details/c7ac79839e86ce33
Mike,King,,"6' 3""",185 lbs.,--,,5,1,0,,http://ufcstats.com/fighter-details/564c2f5f9eb45d67
Kyle,Kingsbury,Kingsbu,"6' 4""",205 lbs.,"79.0""",Orthodox,11,6,0,,http://ufcstats.com/fighter-details/b959e8c7fd8390d2
Yusaku,Kinoshita,,"6' 0""",170 lbs.,"71.0""",Southpaw,6,3,0,,http://ufcstats.com/fighter-details/21b5c82c1b89dab1
Kamuela,Kirk,The Jawaiian,"5' 10""",155 lbs.,"75.0""",Switch,12,6,0,,http://ufcstats.com/fighter-details/c7d7fda69ec410d3
Yurij,Kiseliov,Playboy,"5' 8""",185 lbs.,--,Orthodox,5,4,0,,http://ufcstats.com/fighter-details/51d2aaaca56e5b40
Justine,Kish,,"5' 5""",125 lbs.,"64.0""",Orthodox,7,4,0,,http://ufcstats.com/fighter-details/928ae2e5b5f7a9ec
Koji,Kitao,,"6' 7""",350 lbs.,--,Southpaw,1,2,0,,http://ufcstats.com/fighter-details/2a6f8136da1e52c0
Satoru,Kitaoka,,"5' 6""",154 lbs.,--,,40,14,9,,http://ufcstats.com/fighter-details/e2ac5bb645f33088
Top Noi,Kiwram,,"5' 5""",125 lbs.,"67.0""",Southpaw,9,5,0,,http://ufcstats.com/fighter-details/e065b4a42a6c2c79
Ludovit,Klein,Mr. Highlight,"5' 7""",155 lbs.,"72.0""",Southpaw,24,5,1,,http://ufcstats.com/fighter-details/5b86d491d63890c5
Nick,Klein,Blue Collar,"6' 1""",185 lbs.,"77""",Orthodox,6,3,0,,http://ufcstats.com/fighter-details/7eaa5e31c2dd86aa
Seth,Kleinbeck,Mass Destruction,"6' 2""",185 lbs.,--,,8,4,0,,http://ufcstats.com/fighter-details/8ad022dd81224f61
Stefan,Klever,,--,185 lbs.,--,Orthodox,6,1,0,,http://ufcstats.com/fighter-details/bc3876891e155bb5
Fatima,Kline,The Archangel,"5' 6""",115 lbs.,"67.0""",Orthodox,9,1,0,,http://ufcstats.com/fighter-details/745fa7b605f8e2da
Felix,Klinkhammer,,"6' 0""",170 lbs.,--,,7,0,0,,http://ufcstats.com/fighter-details/8276f28f1ad087de
Drakkar,Klose,,"5' 9""",155 lbs.,"70.0""",Orthodox,16,3,1,,http://ufcstats.com/fighter-details/7cbf7c78d3b34218
Michael,Knaap,Hammer,"6' 2""",220 lbs.,--,Orthodox,18,22,3,,http://ufcstats.com/fighter-details/02f0e04acf102ea9
Kevin,Knabjian,,"5' 10""",170 lbs.,--,Orthodox,12,7,1,,http://ufcstats.com/fighter-details/1fac46d466abd5b8
Jason,Knight,The Kid,"5' 10""",145 lbs.,"71.0""",Orthodox,20,5,0,,http://ufcstats.com/fighter-details/bb1a2cdad6ff34db
William,Knight,Knightmare,"5' 10""",205 lbs.,"73.0""",Orthodox,11,5,0,,http://ufcstats.com/fighter-details/5da33b8fbfa5ee95
Josefine,Knutsson,Thunder,"5' 3""",115 lbs.,"60.0""",Orthodox,8,1,0,,http://ufcstats.com/fighter-details/971dba22c622af12
Seokhyeon,Ko,The Korean Tyson,"5' 10""",170 lbs.,"71.0""",Southpaw,13,2,0,,http://ufcstats.com/fighter-details/4a07b1988477502c
Isao,Kobayashi,,"5' 8""",145 lbs.,--,,21,4,4,,http://ufcstats.com/fighter-details/a02652d063ef5baa
Kelly,Kobold,Blood Red,"5' 6""",135 lbs.,--,Orthodox,19,3,1,,http://ufcstats.com/fighter-details/c398235fcaf8d71d
Erik,Koch,Phoenix,"5' 10""",170 lbs.,"71.0""",Southpaw,16,6,0,,http://ufcstats.com/fighter-details/99bd87a300079ed9
Sokun,Koh,,"6' 1""",205 lbs.,--,,4,1,0,,http://ufcstats.com/fighter-details/6d8ef8706781c49e
Shingo,Kohara,,"5' 6""",135 lbs.,--,,1,0,0,,http://ufcstats.com/fighter-details/44c233770075cea1
Brad,Kohler,,"5' 9""",220 lbs.,--,Orthodox,12,15,0,,http://ufcstats.com/fighter-details/13c4313ed0f744f3
Charlie,Kohler,,"5' 9""",155 lbs.,--,Orthodox,8,4,1,,http://ufcstats.com/fighter-details/5717efc6f271cd52
Tsuyoshi,Kohsaka,TK,"5' 11""",225 lbs.,--,Orthodox,27,19,2,,http://ufcstats.com/fighter-details/b76ed59283d3559c
Kaloyan,Kolev,,"6' 2""",205 lbs.,"73.0""",Orthodox,10,1,0,,http://ufcstats.com/fighter-details/33de378ce1734638
John,Kolosci,,"5' 11""",185 lbs.,--,Orthodox,15,9,0,,http://ufcstats.com/fighter-details/5f6038bcdb95e3e4
Yuki,Kondo,,"5' 11""",183 lbs.,--,Southpaw,60,33,9,,http://ufcstats.com/fighter-details/1fe7adb23b3eedfb
Syuri,Kondo,,"5' 4""",115 lbs.,"66.0""",Orthodox,6,3,0,,http://ufcstats.com/fighter-details/a851c35f58199231
Mantas,Kondratavicius,,"6' 2""",185 lbs.,"75.0""",Orthodox,9,1,0,,http://ufcstats.com/fighter-details/3cc506f115cbb9d5
Cheick,Kongo,,"6' 4""",240 lbs.,"82.0""",Orthodox,27,10,2,,http://ufcstats.com/fighter-details/1eacf73d6a0055dc
Andrei,Kopylov,,"6' 2""",265 lbs.,--,Orthodox,6,11,0,,http://ufcstats.com/fighter-details/dd39f1ca787a3d9d
Roman,Kopylov,,"6' 0""",185 lbs.,"75""",Southpaw,15,5,0,,http://ufcstats.com/fighter-details/9d83f6da776ff7d6
Bruno,Korea,,"5' 6""",135 lbs.,"65.0""",,7,3,0,,http://ufcstats.com/fighter-details/6c011be66326ad97
Chungreng,Koren,The Indian Rhino,--,135 lbs.,--,,7,1,0,,http://ufcstats.com/fighter-details/000774e57404d8c7
Andrey,Koreshkov,Spartan,"6' 0""",170 lbs.,--,,19,2,0,,http://ufcstats.com/fighter-details/aee885b8ca29ab4f
Josh,Koscheck,,"5' 10""",170 lbs.,"73.0""",Orthodox,17,11,0,,http://ufcstats.com/fighter-details/dd37fd509af89f15
Steven,Koslow,Obi Won Shinobi The Pillow,"5' 7""",135 lbs.,"69""",Switch,6,1,0,,http://ufcstats.com/fighter-details/84512339473dd300
Naoyuki,Kotani,,"5' 8""",155 lbs.,"66.0""",Southpaw,34,14,7,,http://ufcstats.com/fighter-details/bc8f6b42767e28df
Ilya,Kotau,,--,170 lbs.,--,,1,2,0,,http://ufcstats.com/fighter-details/a68d57ae177a5815
Iouri,Kotchkine,,"6' 2""",235 lbs.,--,Orthodox,7,4,1,,http://ufcstats.com/fighter-details/c6becb722706c7d8
Matt,Kovacs,300,"6' 0""",244 lbs.,--,Orthodox,12,16,0,,http://ufcstats.com/fighter-details/8fbcd82bf7f352bf
Marcus,Kowal,,--,135 lbs.,--,,3,1,1,,http://ufcstats.com/fighter-details/ad0e42800a0d8977
Karolina,Kowalkiewicz,,"5' 3""",115 lbs.,"64.0""",Orthodox,16,10,0,,http://ufcstats.com/fighter-details/d7c3816669784109
Steve,Kozola,,--,155 lbs.,--,,8,0,0,,http://ufcstats.com/fighter-details/fc36e2352dccf2a4
Derrick,Krantz,D-Rock,"5' 10""",170 lbs.,"72.0""",Orthodox,22,12,0,,http://ufcstats.com/fighter-details/714e1e0681ddb703
James,Krause,The,"6' 2""",170 lbs.,"73.0""",Orthodox,28,9,0,,http://ufcstats.com/fighter-details/8f6a18831a120817
Pascal,Krauss,Panzer,"6' 1""",170 lbs.,--,Orthodox,11,2,0,,http://ufcstats.com/fighter-details/a01e84abefd85ec0
Rene,Kronvold,,"5' 8""",170 lbs.,--,Orthodox,5,1,0,,http://ufcstats.com/fighter-details/db05271715bb4874
Kaynan,Kruschewsky,Bahia,"6' 0""",155 lbs.,"73.0""",Orthodox,15,3,0,,http://ufcstats.com/fighter-details/ca36633b80be4a78
Jorgen,Kruth,The Last Viking,"6' 2""",205 lbs.,--,,5,0,0,,http://ufcstats.com/fighter-details/6071d786f6187810
Nikita,Krylov,The Miner,"6' 3""",205 lbs.,"77""",Orthodox,31,12,0,,http://ufcstats.com/fighter-details/1091d4d957141094
Mariusz,Ksiazkiewicz,The Iron Pol,"6' 3""",185 lbs.,"75.0""",Southpaw,8,1,0,,http://ufcstats.com/fighter-details/ab16537dd1e5e81d
Eliezer,Kubanza,,"5' 9""",170 lbs.,"74.0""",Orthodox,7,1,0,,http://ufcstats.com/fighter-details/66579081831db7b0
Junya,Kudo,,--,135 lbs.,--,Orthodox,10,7,2,,http://ufcstats.com/fighter-details/487c170da059857d
John,Kuhner,,--,170 lbs.,--,,1,2,0,,http://ufcstats.com/fighter-details/a272656ad662ac53
Michael,Kuiper,,"6' 0""",185 lbs.,"73.0""",Orthodox,15,5,0,,http://ufcstats.com/fighter-details/b7f38813485745da
Anton,Kuivanen,,"5' 8""",155 lbs.,"72.0""",Orthodox,24,10,0,,http://ufcstats.com/fighter-details/706f8e2b34e8e18b
Maiju,Kujala,,--,135 lbs.,--,,6,3,0,,http://ufcstats.com/fighter-details/4e77d070239699e2
Sumit,Kumar,The Indian Kid,"5' 5""",125 lbs.,"66.0""",Orthodox,8,1,0,,http://ufcstats.com/fighter-details/a0a625221e0dd339
Aleksei,Kunchenko,,"5' 8""",170 lbs.,"70.0""",Orthodox,20,2,0,,http://ufcstats.com/fighter-details/e2ccd9a9ace60de7
Rizvan,Kuniev,,"6' 4""",240 lbs.,"76.0""",Orthodox,13,3,1,,http://ufcstats.com/fighter-details/739fd4fbb5d862f4
Keigo,Kunihara,,"6' 0""",235 lbs.,--,Orthodox,3,2,0,,http://ufcstats.com/fighter-details/782a2a17d3e38fdf
Kiichi,Kunimoto,Strasser,"5' 10""",170 lbs.,"71.0""",Orthodox,18,7,2,,http://ufcstats.com/fighter-details/71df36d6d8cf0d74
Jon,Kunneman,AK-47,--,185 lbs.,--,,10,0,0,,http://ufcstats.com/fighter-details/2694c4997a51ed01
Leo,Kuntz,The Lion,"5' 10""",155 lbs.,--,Orthodox,18,4,1,,http://ufcstats.com/fighter-details/6905d45bd71b50a9
Korey,Kuppe,,"6' 5""",170 lbs.,"77.0""",Switch,8,4,0,,http://ufcstats.com/fighter-details/780a2897055e3ee3
Ramazan,Kuramagomedov,,"6' 1""",170 lbs.,"73.0""",Orthodox,8,0,0,,http://ufcstats.com/fighter-details/b6a73e6f11a8835c
Tsuyoshi,Kurihara,,"5' 10""",185 lbs.,--,Orthodox,10,8,2,,http://ufcstats.com/fighter-details/032b65d5fff611b2
Eldari,Kurtanidze,,"5' 6""",235 lbs.,--,Orthodox,0,1,0,,http://ufcstats.com/fighter-details/4c78fc005a53831d
Kyle,Kurtz,,--,170 lbs.,--,,7,5,0,,http://ufcstats.com/fighter-details/b490def93478ae29
Guram,Kutateladze,Georgian Viking,"5' 11""",155 lbs.,"72.0""",Orthodox,13,5,0,,http://ufcstats.com/fighter-details/7772b283d288dbe2
Vadym,Kutsyi,,"6' 0""",170 lbs.,"71.0""",Orthodox,17,2,0,,http://ufcstats.com/fighter-details/aeb2bcd4371f40d5
Lina,Kvokov,,"5' 9""",135 lbs.,--,Orthodox,0,3,0,,http://ufcstats.com/fighter-details/843dd76c50cae0f6
Kaleo,Kwan,Leo Boy,"5' 7""",155 lbs.,--,,11,16,0,,http://ufcstats.com/fighter-details/2545c7f47a65bca3
Jarrod,Kwitty,,"5' 8""",185 lbs.,--,,2,2,0,,http://ufcstats.com/fighter-details/849d15ed7e3a0e97
Mike,Kyle,MAK,"6' 4""",205 lbs.,"77.0""",Orthodox,22,14,1,,http://ufcstats.com/fighter-details/56b8b24f65f9f057
Lisa,Kyriacou,The Savage,"5' 5""",125 lbs.,"64.0""",Orthodox,7,2,0,,http://ufcstats.com/fighter-details/edbc609a3b0d2aba
Achmed,Labasanov,,"6' 3""",215 lbs.,--,Orthodox,7,4,0,,http://ufcstats.com/fighter-details/b3fb8d2293e17a59
Josh,LaBerge,,"5' 10""",145 lbs.,--,,11,6,0,,http://ufcstats.com/fighter-details/5108b169b5fe1f86
Jeremiah,Labiano,The Kid,"5' 10""",135 lbs.,--,,11,5,0,,http://ufcstats.com/fighter-details/4fe1d105af549845
Daniel,Lacerda,Miojo,"5' 6""",125 lbs.,"70.0""",Switch,11,6,0,,http://ufcstats.com/fighter-details/31bb0772f21cabd8
Luan,Lacerda,,"5' 7""",135 lbs.,"71.0""",Orthodox,13,4,0,,http://ufcstats.com/fighter-details/6fc506e1099afe20
Kemran,Lachinov,,--,170 lbs.,--,,3,2,0,,http://ufcstats.com/fighter-details/eb84192d1a97f69e
Aspen,Ladd,,"5' 6""",135 lbs.,"66.0""",Orthodox,9,3,0,,http://ufcstats.com/fighter-details/d4691518d012b9e7
Ryan,LaFlare,,"6' 1""",170 lbs.,"74.0""",Southpaw,14,3,0,,http://ufcstats.com/fighter-details/4c7781da8c6cae93
Corinne,Laframboise,,"5' 4""",125 lbs.,"65.0""",Orthodox,8,5,0,,http://ufcstats.com/fighter-details/fbe9f4efc2153be2
Ben,Lagman,Bad News,"6' 2""",185 lbs.,--,,6,5,0,,http://ufcstats.com/fighter-details/b40e65d71a8d4ce5
Noad,Lahat,Neo,"5' 9""",145 lbs.,"69.0""",Orthodox,11,2,0,,http://ufcstats.com/fighter-details/9f755fb04cc21499
Tina,Lahdemaki,Jelly Bean,"5' 2""",115 lbs.,--,Orthodox,5,1,0,,http://ufcstats.com/fighter-details/e5ca2bc2451a5956
Yohan,Lainesse,White Lion,"6' 1""",170 lbs.,"76.0""",Orthodox,9,3,0,,http://ufcstats.com/fighter-details/f998f5c102250d6e
Tim,Lajcik,The Bohemian,"6' 1""",225 lbs.,--,Orthodox,7,6,1,,http://ufcstats.com/fighter-details/c7e9d15cfce52f1d
Todd,Lally,,"5' 7""",145 lbs.,--,Orthodox,2,1,0,,http://ufcstats.com/fighter-details/7d06092326c52528
Sean,Lally,The Unpredictable One,"6' 0""",170 lbs.,--,Orthodox,7,3,0,,http://ufcstats.com/fighter-details/e62ce041bb7aeb1f
Ricardo,Lamas,The Bully,"5' 8""",145 lbs.,"71.0""",Orthodox,20,8,0,,http://ufcstats.com/fighter-details/3974fa35c917af1d
Jason,Lambert,The Punisher,"6' 3""",185 lbs.,"75.0""",Orthodox,26,13,0,,http://ufcstats.com/fighter-details/5be86bb2f78fef2f
Jose,Landi-Jons,Pele,"5' 11""",170 lbs.,--,Orthodox,29,16,0,,http://ufcstats.com/fighter-details/7e062824c175f975
Nate,Landwehr,The Train,"5' 9""",155 lbs.,"72""",Orthodox,18,8,0,,http://ufcstats.com/fighter-details/583ee11abddfc581
Austen,Lane,,"6' 6""",205 lbs.,"80.0""",Orthodox,13,8,0,,http://ufcstats.com/fighter-details/be9bdec19b7e9ffe
Aaron,Lanfranco,,--,155 lbs.,--,,5,1,0,,http://ufcstats.com/fighter-details/d73e856f150744b2
Jeremy,Lang,,"5' 11""",205 lbs.,--,Southpaw,21,2,0,,http://ufcstats.com/fighter-details/09422812370fbdfe
Lionel,Lanham,,--,205 lbs.,--,,5,1,0,,http://ufcstats.com/fighter-details/b8980dd7e8fc5976
Lina,Lansberg,Elbow Queen,"5' 7""",135 lbs.,"65.0""",Orthodox,10,8,0,,http://ufcstats.com/fighter-details/2eeaefbfc7f9fcff
Taylor,Lapilus,Double Impact,"5' 6""",135 lbs.,"73.0""",Southpaw,21,4,0,,http://ufcstats.com/fighter-details/8b1ed83b02303075
Chad,Laprise,The Disciple,"5' 10""",170 lbs.,"71.0""",Orthodox,13,4,0,,http://ufcstats.com/fighter-details/c03a5022f8439f2a
Anthony,Lapsley,The Recipe,"5' 9""",170 lbs.,--,Southpaw,23,7,0,,http://ufcstats.com/fighter-details/f3a853544e4413c4
TJ,Laramie,,"5' 6""",145 lbs.,"66.0""",Orthodox,12,5,0,,http://ufcstats.com/fighter-details/cd2e5a390821fb48
Joseph,Larcinese,Big Sexy,--,125 lbs.,--,,5,0,0,,http://ufcstats.com/fighter-details/62a72adeb0227603
Icho,Larenas,,"6' 3""",235 lbs.,--,Orthodox,6,5,0,,http://ufcstats.com/fighter-details/49efbdc6c9f650c4
Lorenz,Larkin,The Monsoon,"5' 11""",170 lbs.,"72.0""",Orthodox,18,6,0,,http://ufcstats.com/fighter-details/9450848a71d53776
Jeremy,Larsen,,"5' 10""",145 lbs.,"70.0""",Orthodox,8,5,0,,http://ufcstats.com/fighter-details/c3bd649a9194e50c
Brock,Larson,,"5' 11""",170 lbs.,"71.0""",Southpaw,42,10,0,,http://ufcstats.com/fighter-details/5eedbf1e9601be35
Ryan,Larson,,--,170 lbs.,--,,6,2,0,,http://ufcstats.com/fighter-details/7107e53ebd7435fb
Bobby,Lashley,,"6' 3""",255 lbs.,"78.0""",Orthodox,15,2,0,,http://ufcstats.com/fighter-details/b0826525fa17231d
Ilir,Latifi,The Sledgehammer,"5' 10""",230 lbs.,"73.0""",Orthodox,17,9,0,,http://ufcstats.com/fighter-details/e9a3aeb207578eea
Sione,Latu,,"6' 0""",215 lbs.,--,,1,0,0,,http://ufcstats.com/fighter-details/5898357a45a73674
Phillip,Latu,The Doctor,"6' 3""",205 lbs.,"76.0""",Orthodox,6,2,0,,http://ufcstats.com/fighter-details/09224b76d27007ee
Jenel,Lausa,,"5' 5""",125 lbs.,"68.0""",Orthodox,7,5,0,,http://ufcstats.com/fighter-details/ec664422b22d9787
Joe,Lauzon,,"5' 10""",155 lbs.,"71.0""",Orthodox,28,16,0,,http://ufcstats.com/fighter-details/3bad7ef643840f67
Dan,Lauzon,The Upgrade,"5' 10""",155 lbs.,--,Orthodox,17,6,0,,http://ufcstats.com/fighter-details/4c8d6fde2dde07c4
Sandra,Lavado,Peruvian Zombie,"5' 7""",115 lbs.,"66.0""",Orthodox,10,3,0,,http://ufcstats.com/fighter-details/aa6da8cb3a26da04
Chatt,Lavender,,"5' 8""",170 lbs.,--,,9,7,0,,http://ufcstats.com/fighter-details/5449dcccd972ff83
Cody,Law,,--,145 lbs.,--,,9,2,0,,http://ufcstats.com/fighter-details/e3162dbdbfd78287
Muhammed,Lawal,King Mo,"6' 0""",205 lbs.,"78.0""",Southpaw,21,6,0,,http://ufcstats.com/fighter-details/a571770c4016736f
Robbie,Lawler,Ruthless,"5' 11""",170 lbs.,"74.0""",Southpaw,30,16,0,,http://ufcstats.com/fighter-details/f2925e6db404bf1d
Tom,Lawlor,Filthy,"6' 0""",205 lbs.,"74.0""",Southpaw,10,6,0,,http://ufcstats.com/fighter-details/4d44f37107f01b9b
Justin,Lawrence,The American Kidd,"5' 8""",145 lbs.,"67.0""",Orthodox,10,4,0,,http://ufcstats.com/fighter-details/879f6cae48d25baa
Lance,Lawrence,,"6' 1""",145 lbs.,"74.0""",Orthodox,4,1,0,,http://ufcstats.com/fighter-details/ce039df1994b18f0
Ronnie,Lawrence,The Heat,"5' 8""",135 lbs.,"68.0""",Switch,8,2,0,,http://ufcstats.com/fighter-details/e7e01e266a9d4342
Eric,Lawson,,"6' 0""",185 lbs.,--,Orthodox,9,5,0,,http://ufcstats.com/fighter-details/38e5d9dcb0fddc42
Jimmy,Lawson,Greedy,"6' 0""",265 lbs.,"77.0""",Orthodox,4,2,0,,http://ufcstats.com/fighter-details/e43eefb10d440cb0
Valmir,Lazaro,Bidu,"6' 0""",155 lbs.,"73.0""",Orthodox,15,5,0,,http://ufcstats.com/fighter-details/777dea713da2441d
Zviad,Lazishvili,,"5' 6""",135 lbs.,"69.0""",Orthodox,13,1,0,,http://ufcstats.com/fighter-details/41498c2d1a87b154
Mounir,Lazzez,The Sniper,"6' 1""",170 lbs.,"76.0""",Orthodox,11,3,0,,http://ufcstats.com/fighter-details/49ee5024966efc0d
Cung,Le,,"5' 9""",185 lbs.,"70.0""",Southpaw,9,3,0,,http://ufcstats.com/fighter-details/d4f364dd076bb0e2
Thanh,Le,,"5' 9""",145 lbs.,"74.0""",Orthodox,6,1,0,,http://ufcstats.com/fighter-details/882b3f5a0774d575
Quang,Le,Bang,"5' 7""",135 lbs.,"70.0""",Orthodox,9,3,0,,http://ufcstats.com/fighter-details/32feae6d9a1e5047
Carlos,Leal,The Lion,"5' 11""",170 lbs.,"74.0""",Orthodox,23,7,0,,http://ufcstats.com/fighter-details/28d421729451c8ca
Jordan,Leavitt,The Monkey King,"5' 9""",145 lbs.,"71.0""",Southpaw,13,3,0,,http://ufcstats.com/fighter-details/ac026518a9b4dc0f
Jerome,LeBanner,,"6' 3""",265 lbs.,--,Southpaw,3,2,0,,http://ufcstats.com/fighter-details/2d0b10789feafddb
Chris,Leben,The Crippler,"5' 11""",185 lbs.,"73.0""",Southpaw,22,11,0,,http://ufcstats.com/fighter-details/d43a048a880efdff
Julien,Leblanc,,"6' 2""",185 lbs.,"74""",Southpaw,10,3,0,,http://ufcstats.com/fighter-details/cd0dfd9846bd03b9
Jean-Paul,Lebosnoyani,Mufasa,"5' 11""",170 lbs.,"72.0""",Switch,10,2,0,,http://ufcstats.com/fighter-details/a3dda21be645be93
Mickael,Lebout,Ragnar,"5' 11""",155 lbs.,"73.0""",Orthodox,16,7,1,,http://ufcstats.com/fighter-details/c575ab451e3c5b1d
Stephen,Ledbetter,,"5' 9""",145 lbs.,--,Orthodox,8,3,0,,http://ufcstats.com/fighter-details/56ec58954158966a
Justin,Ledet,El Blanco,"6' 4""",205 lbs.,"80.0""",Orthodox,9,4,0,,http://ufcstats.com/fighter-details/ba1e6cb3d43f7430
James,Lee,,"5' 11""",205 lbs.,--,Southpaw,15,3,0,,http://ufcstats.com/fighter-details/863d06a7ef8bc98c
David,Lee,,"5' 10""",155 lbs.,--,Orthodox,12,10,0,,http://ufcstats.com/fighter-details/8caca5857ce0e30b
Jackie,Lee,,--,--,--,,0,1,0,,http://ufcstats.com/fighter-details/4985113c0928aa62
Eun Soo,Lee,,"6' 1""",215 lbs.,--,Orthodox,17,4,0,,http://ufcstats.com/fighter-details/39c568f8c579913e
Tae Hyun,Lee,,"6' 6""",295 lbs.,--,Orthodox,1,2,0,,http://ufcstats.com/fighter-details/de99da2c0d18d34a
Tommy,Lee,,"5' 7""",145 lbs.,--,Orthodox,25,6,0,,http://ufcstats.com/fighter-details/806975e1b4f47b27
Matt,Lee,,"5' 11""",155 lbs.,--,Orthodox,14,10,1,,http://ufcstats.com/fighter-details/d9e3743bae8d703d
Imani,Lee,,--,--,--,Orthodox,2,4,0,,http://ufcstats.com/fighter-details/0802be3516ef8f66
Vaughan,Lee,,"5' 6""",125 lbs.,"66.0""",Orthodox,14,13,1,,http://ufcstats.com/fighter-details/8bb6f4479685bbcc
Kevin,Lee,The Motown Phenom,"5' 9""",170 lbs.,"77.0""",Orthodox,18,8,0,,http://ufcstats.com/fighter-details/ee9ebceabfd16fa7
Rocky,Lee,,"5' 9""",145 lbs.,--,Orthodox,3,2,0,,http://ufcstats.com/fighter-details/0d1c163b206e8c5f
Andrea,Lee,KGB,"5' 6""",125 lbs.,"69.0""",Orthodox,13,11,0,,http://ufcstats.com/fighter-details/05fa626cb33d15b8
JeongYeong,Lee,Korean Tiger,"5' 10""",145 lbs.,"73.0""",Orthodox,11,3,0,,http://ufcstats.com/fighter-details/d008d785f6347dc2
JungHyun,Lee,The Phenom,"5' 5""",125 lbs.,"65.0""",Orthodox,8,1,0,,http://ufcstats.com/fighter-details/b6033505c245e28b
ChangHo,Lee,,"5' 8""",135 lbs.,"69.0""",Orthodox,11,2,0,,http://ufcstats.com/fighter-details/117a06469813e4ef
Macksom,Lee,,"6' 1""",135 lbs.,"75.0""",Orthodox,9,1,0,,http://ufcstats.com/fighter-details/9fd299c8356cbf0f
Yi Sak,Lee,,--,185 lbs.,--,,8,1,0,,http://ufcstats.com/fighter-details/e6666480a830f764
Ricky,Legere Jr.,IE Bad Boy,"5' 8""",170 lbs.,--,,14,4,0,,http://ufcstats.com/fighter-details/5817df778cc27274
Sherron,Leggett,Rob Roy,"5' 8""",155 lbs.,--,Southpaw,21,6,0,,http://ufcstats.com/fighter-details/4f670b7972fa0a2e
Cheyden,Leialoha,Steadfast,"5' 8""",135 lbs.,"73.0""",Orthodox,6,0,0,,http://ufcstats.com/fighter-details/98cbbc06074c68a4
Claudia,Leite,,"5' 3""",135 lbs.,"64.0""",Orthodox,8,3,0,,http://ufcstats.com/fighter-details/90550a08f0b02b6f
Thales,Leites,,"6' 1""",185 lbs.,"78.0""",Orthodox,28,9,0,,http://ufcstats.com/fighter-details/cfb65863d5099327
Jovan,Leka,,"6' 4""",259 lbs.,"75.0""",Orthodox,11,2,0,,http://ufcstats.com/fighter-details/182a73d5b4e57871
Stefan,Leko,Blitz,"6' 2""",215 lbs.,--,Orthodox,0,3,0,,http://ufcstats.com/fighter-details/d56bb6dff2ae77eb
Gabe,Lemley,,"5' 8""",155 lbs.,--,Orthodox,13,9,0,,http://ufcstats.com/fighter-details/fd4578cac86d75ca
Amanda,Lemos,,"5' 4""",115 lbs.,"65.0""",Southpaw,15,6,1,,http://ufcstats.com/fighter-details/3df5493bb279226f
Giacomo,Lemos,,"6' 3""",247 lbs.,"75.0""",Orthodox,6,0,0,,http://ufcstats.com/fighter-details/f37822d5b3e47517
Christophe,Leninger,,"6' 0""",200 lbs.,--,Southpaw,3,4,0,,http://ufcstats.com/fighter-details/7269329bd87eb479
Jesse,Lennox,The Ox,"5' 9""",170 lbs.,"72.0""",Orthodox,14,4,0,,http://ufcstats.com/fighter-details/3ae10ac4df3df05c
Jean Francois,Lenogue,,"6' 0""",185 lbs.,--,Orthodox,16,17,3,,http://ufcstats.com/fighter-details/e60201cfab7d656d
Nik,Lentz,The Carny,"5' 8""",145 lbs.,"68.0""",Orthodox,30,12,2,,http://ufcstats.com/fighter-details/6fb1ba67bef41b37
Alberta Cerra,Leon,,"5' 8""",238 lbs.,--,,0,1,0,,http://ufcstats.com/fighter-details/6e02c318762f52f1
Victoria,Leonardo,Fury,"5' 5""",125 lbs.,"64.0""",Orthodox,9,7,0,,http://ufcstats.com/fighter-details/9dedfdd91070ddd8
Anthony,Leone,,"5' 6""",135 lbs.,--,Orthodox,15,8,0,,http://ufcstats.com/fighter-details/86b9b51a81e9c339
Chad,Leonhardt,The Boss,"6' 0""",170 lbs.,--,,9,4,0,,http://ufcstats.com/fighter-details/657d0ed181f04215
Kimo,Leopoldo,,"6' 3""",235 lbs.,--,Orthodox,10,7,1,,http://ufcstats.com/fighter-details/08ae5cd9aef7ddd3
Michael,Lerma,,--,--,--,,0,1,0,,http://ufcstats.com/fighter-details/f1fd8ec1023c89b3
Lukasz,Les,,--,170 lbs.,--,,8,3,0,,http://ufcstats.com/fighter-details/5a8e30ed38a5bc6f
Brock,Lesnar,,"6' 3""",265 lbs.,"81.0""",Orthodox,5,3,0,,http://ufcstats.com/fighter-details/513c6f1715e547a8
Frank,Lester,,"5' 11""",170 lbs.,--,Orthodox,11,6,0,,http://ufcstats.com/fighter-details/edd8d5d8089a35f8
Valerie,Letourneau,Trouble,"5' 7""",115 lbs.,"68.0""",Orthodox,8,6,0,,http://ufcstats.com/fighter-details/46a2f24feb258ae0
Leah,Letson,Nidas,"5' 7""",145 lbs.,"71.0""",Southpaw,5,3,0,,http://ufcstats.com/fighter-details/8cb78f3a6c2a08f7
Justin,Levens,The Executioner,"5' 11""",185 lbs.,--,Orthodox,10,7,0,,http://ufcstats.com/fighter-details/8c3f3c43c8ceb778
Marcus,LeVesseur,The Prospect,"5' 9""",155 lbs.,"70.0""",Southpaw,22,7,0,,http://ufcstats.com/fighter-details/182f2b78582de3d8
David,Levicki,,"6' 5""",275 lbs.,--,,1,3,0,,http://ufcstats.com/fighter-details/49590e0508b2c19f
Kyle,Levinton,,--,--,--,,0,3,0,,http://ufcstats.com/fighter-details/81ddc98fceb30086
Natan,Levy,Lethal,"5' 9""",155 lbs.,"71.0""",Southpaw,8,2,0,,http://ufcstats.com/fighter-details/a29db9cd4f9ccea5
John,Lewis,,"6' 0""",155 lbs.,--,Southpaw,3,4,3,,http://ufcstats.com/fighter-details/4a01dc8376736ef5
Derrick,Lewis,The Black Beast,"6' 3""",260 lbs.,"79.0""",Orthodox,29,13,0,,http://ufcstats.com/fighter-details/d3df1add9d9a7efb
Bevon,Lewis,,"6' 3""",185 lbs.,"79.0""",Orthodox,7,3,0,,http://ufcstats.com/fighter-details/899923ff6ab13917
Brandon,Lewis,,"5' 4""",135 lbs.,"70.0""",Orthodox,6,2,0,,http://ufcstats.com/fighter-details/6623cb1c27025634
Malik,Lewis,Hard Knock,"6' 0""",155 lbs.,"75.0""",Orthodox,6,2,0,,http://ufcstats.com/fighter-details/f60dbe6e05489c4f
Chi,Lewis-Parry,Chopper,"6' 9""",243 lbs.,--,,7,0,1,,http://ufcstats.com/fighter-details/a307a10414d0ad00
Li,Jingliang,The Leech,"6' 0""",170 lbs.,"71.0""",Orthodox,19,9,0,,http://ufcstats.com/fighter-details/e64b96c07d7ce999
Li,Yunfeng,,"5' 8""",135 lbs.,"68.0""",Orthodox,9,5,0,,http://ufcstats.com/fighter-details/4c7afd56ef1947ac
Liang,Na,The Dragon Girl,"5' 5""",125 lbs.,"67.0""",Orthodox,19,8,0,,http://ufcstats.com/fighter-details/ec0dcceace7d25a3
Jess,Liaudin,The Joker,"5' 9""",170 lbs.,"72.0""",Orthodox,20,11,0,,http://ufcstats.com/fighter-details/a8aba6fd8a463043
Chuck,Liddell,The Iceman,"6' 2""",205 lbs.,"76.0""",Orthodox,21,8,0,,http://ufcstats.com/fighter-details/a390eb8a9b2df298
Rodrigo,Lidio,Dynamis,"5' 11""",155 lbs.,"73.0""",Orthodox,12,3,0,,http://ufcstats.com/fighter-details/11b5a809c3120e27
Sam,Liera,,--,--,--,,12,10,0,,http://ufcstats.com/fighter-details/421ccfc6ddb17958
Zach,Light,,"5' 8""",170 lbs.,--,Orthodox,9,11,0,,http://ufcstats.com/fighter-details/5d7c18191b8aa432
Scott,Lighty,,"6' 2""",205 lbs.,--,,6,2,0,,http://ufcstats.com/fighter-details/998c8890a8dde1eb
Chris,Liguori,,"5' 9""",185 lbs.,--,Orthodox,15,10,0,,http://ufcstats.com/fighter-details/0e31bfd26cc8c503
Donnie,Liles,,"5' 9""",170 lbs.,--,Orthodox,17,7,0,,http://ufcstats.com/fighter-details/a1bf037613180253
Jae Suk,Lim,,"5' 9""",170 lbs.,--,Orthodox,17,6,0,,http://ufcstats.com/fighter-details/bbb15f301e4a490a
Hyun Gyu,Lim,The Ace,"6' 3""",170 lbs.,"77.0""",Orthodox,13,7,1,,http://ufcstats.com/fighter-details/203c957eac95dd87
GwanWoo,Lim,The Giant,--,145 lbs.,--,,5,1,0,,http://ufcstats.com/fighter-details/a53657e43b00614e
Juliana,Lima,Ju Thai,"5' 5""",115 lbs.,"65.0""",Orthodox,9,5,0,,http://ufcstats.com/fighter-details/75a6a390fd5dca46
Dhiego,Lima,,"6' 2""",170 lbs.,"75.0""",Orthodox,17,9,0,,http://ufcstats.com/fighter-details/e9213f53ddeca978
Douglas,Lima,The Phenom,"6' 1""",170 lbs.,--,,29,6,0,,http://ufcstats.com/fighter-details/264111bf62662fbf
Mabelly,Lima,,"5' 2""",135 lbs.,--,Orthodox,7,1,0,,http://ufcstats.com/fighter-details/6135fd9665fbb74e
Andre,Lima,Mascote,"5' 7""",125 lbs.,"67.0""",Orthodox,11,0,0,,http://ufcstats.com/fighter-details/b1f21ce050035d58
Felipe,Lima,Jungle Boy,"5' 6""",145 lbs.,"68""",Orthodox,14,2,0,,http://ufcstats.com/fighter-details/9256f591b30c073e
Miguel,Linares,,--,--,--,,2,4,0,,http://ufcstats.com/fighter-details/18c49685296c60e6
Emiliano,Linares,Golden Bull,"5' 8""",145 lbs.,"72.0""",Orthodox,8,2,0,,http://ufcstats.com/fighter-details/a4ef92274a45143d
Matt,Lindland,The Law,"6' 0""",185 lbs.,"74.0""",Southpaw,22,9,0,,http://ufcstats.com/fighter-details/0e041d43a47d2e4b
Jake,Lindsey,The Librarian,"5' 11""",155 lbs.,--,Switch,12,7,0,,http://ufcstats.com/fighter-details/33e00249ef08d3a4
John,Lineker,Hands of Stone,"5' 3""",135 lbs.,"67.0""",Orthodox,31,9,0,,http://ufcstats.com/fighter-details/c268b2cfebccf652
Austin,Lingo,Lights Out,"5' 10""",145 lbs.,"70.0""",Orthodox,9,3,0,,http://ufcstats.com/fighter-details/305d73ede05e31ad
Lucio,Linhares,,"6' 2""",185 lbs.,--,Orthodox,19,8,0,,http://ufcstats.com/fighter-details/a780d16cf7eed44d
Philipe,Lins,Monstro,"6' 2""",205 lbs.,"78.0""",Orthodox,18,5,0,,http://ufcstats.com/fighter-details/53c943c873cffe90
Tainara,Lisboa,Thai Panther,"5' 7""",135 lbs.,"67.0""",Orthodox,7,4,0,,http://ufcstats.com/fighter-details/2c5f5749569eef66
Dean,Lister,The Boogeyman,"6' 1""",185 lbs.,"75.0""",Orthodox,13,7,0,,http://ufcstats.com/fighter-details/68c6cd5287b473a7
Wesley,Little,,"6' 4""",205 lbs.,--,,4,8,0,,http://ufcstats.com/fighter-details/008c6e1a25751575
Adam,Livingston,Bomb,"6' 2""",155 lbs.,"71.0""",Orthodox,6,1,0,,http://ufcstats.com/fighter-details/515890922fe9ce96
James,Llontop,Goku,"6' 0""",155 lbs.,"73.0""",Orthodox,14,5,0,,http://ufcstats.com/fighter-details/93b2b7caa457cbea
Abner,Lloveras,Skullman,"5' 11""",155 lbs.,--,,20,9,1,,http://ufcstats.com/fighter-details/6448e57a9533b7e4
Brian,Lo-A-Njoe,,"5' 7""",155 lbs.,--,Orthodox,6,10,3,,http://ufcstats.com/fighter-details/7abce81b72fbbd9b
John,Lober,The Machine,"5' 11""",199 lbs.,--,Orthodox,5,9,4,,http://ufcstats.com/fighter-details/31652c9267606d54
Artem,Lobov,The Russian Hammer,"5' 9""",145 lbs.,"65.0""",Southpaw,13,15,1,,http://ufcstats.com/fighter-details/02f2a9702ba3d167
Dylan,Lockard,,"5' 9""",145 lbs.,"72.0""",Orthodox,6,2,0,,http://ufcstats.com/fighter-details/9caa254991a5a698
Ryan,Loder,Man of Steel,"6' 2""",185 lbs.,"76.0""",Southpaw,8,3,0,,http://ufcstats.com/fighter-details/d5bab53a1a603aac
Sean,Loeffler,The Destroyer,"6' 3""",185 lbs.,--,Orthodox,31,5,0,,http://ufcstats.com/fighter-details/d3d1ff3f3dfa0931
Christian,Lohsen,Hollywood,"6' 2""",155 lbs.,"77.0""",Southpaw,4,2,0,,http://ufcstats.com/fighter-details/4ab36d70d1b28b58
David,Loiseau,The Crow,"6' 0""",185 lbs.,"76.0""",Orthodox,23,11,0,,http://ufcstats.com/fighter-details/22e47b53e4ceb27c
Hector,Lombard,,"5' 9""",185 lbs.,"71.0""",Southpaw,34,10,1,,http://ufcstats.com/fighter-details/db1f2ed63b54b9a7
Michael,Lombardo,The Don,"6' 0""",170 lbs.,"72.0""",Orthodox,11,2,0,,http://ufcstats.com/fighter-details/6d6b9a6cb063b60d
Rocky,Long,,--,145 lbs.,--,,21,37,1,,http://ufcstats.com/fighter-details/10e04e5e81f391a0
Thomas,Longacre,,"5' 9""",145 lbs.,--,Orthodox,6,1,0,,http://ufcstats.com/fighter-details/989be26791d0aad4
Loma,Lookboonmee,,"5' 1""",115 lbs.,"61.0""",Orthodox,10,4,0,,http://ufcstats.com/fighter-details/4e30e4250cb08b61
Ange,Loosa,The Last Ninja,"5' 10""",170 lbs.,"74.0""",Orthodox,10,5,0,,http://ufcstats.com/fighter-details/1497e735d9f2560a
Lucas,Lopes,,"6' 2""",185 lbs.,--,,29,19,0,,http://ufcstats.com/fighter-details/1f70dd67ad507990
Dileno,Lopes,,"5' 5""",135 lbs.,--,,19,3,0,,http://ufcstats.com/fighter-details/8270c00fae24c922
Diego,Lopes,,"5' 11""",145 lbs.,"72.0""",Orthodox,27,8,0,,http://ufcstats.com/fighter-details/f166e93d04a8c274
Bruno,Lopes,The Brazilian Cowboy,"6' 2""",205 lbs.,"74.0""",Orthodox,14,3,0,,http://ufcstats.com/fighter-details/0abcf6bc47191219
Arthur,Lopes,Demolidor,"6' 2""",234 lbs.,"77.0""",Southpaw,6,2,0,,http://ufcstats.com/fighter-details/2aa481e98185e261
Ivan,Lopez,,"5' 6""",135 lbs.,--,Southpaw,14,3,1,,http://ufcstats.com/fighter-details/0db9d2486d564a3c
Steve,Lopez,,"5' 11""",155 lbs.,--,Orthodox,13,6,1,,http://ufcstats.com/fighter-details/6085ceb59087514b
Federico,Lopez,Kiko,"5' 4""",139 lbs.,--,Orthodox,10,6,0,,http://ufcstats.com/fighter-details/9681e0ce67dc978b
Jorge,Lopez,,"5' 10""",170 lbs.,--,Orthodox,11,5,0,,http://ufcstats.com/fighter-details/ee624ee2a18f2a43
Christopher,Lopez,,"5' 10""",170 lbs.,--,,9,1,0,,http://ufcstats.com/fighter-details/5148a665aa527865
Matthew,Lopez,,"5' 7""",135 lbs.,"69.0""",Southpaw,10,4,0,,http://ufcstats.com/fighter-details/2fc7e9701642ca38
Benito,Lopez,Golden Boy,"5' 10""",135 lbs.,"73.0""",Switch,10,2,0,,http://ufcstats.com/fighter-details/773f7feacf96153e
Gustavo,Lopez,,"5' 5""",135 lbs.,"67.0""",Orthodox,12,6,1,,http://ufcstats.com/fighter-details/93b62c5f2ba18e51
Alik,Lorenz,,"6' 2""",205 lbs.,"77.0""",Orthodox,6,2,0,,http://ufcstats.com/fighter-details/92b5f4ee9ff40321
Brendan,Loughnane,,"5' 10""",145 lbs.,"70.0""",Switch,17,3,0,,http://ufcstats.com/fighter-details/b788862dd1c11eac
Nate,Loughran,,"6' 2""",185 lbs.,--,Orthodox,11,2,0,,http://ufcstats.com/fighter-details/cbf94e4c4af4ff6d
Caolan,Loughran,The Don,"5' 6""",135 lbs.,"68.0""",Orthodox,10,2,0,,http://ufcstats.com/fighter-details/42ac4020cba261ad
Rashard,Lovelace,,--,155 lbs.,--,,4,1,0,,http://ufcstats.com/fighter-details/e601d71cf8e5be22
Ian,Loveland,The Barn Owl,"5' 8""",145 lbs.,--,Orthodox,18,10,0,,http://ufcstats.com/fighter-details/eea0274e153256a0
Jakob,Lovstad,The Striking Viking,"6' 3""",205 lbs.,--,Orthodox,11,4,0,,http://ufcstats.com/fighter-details/ad044be25c94dcfd
Waylon,Lowe,,"5' 7""",145 lbs.,--,Southpaw,16,7,0,,http://ufcstats.com/fighter-details/28f62d866c59c709
Brandon,Lowe,,--,155 lbs.,--,,2,1,0,,http://ufcstats.com/fighter-details/78ac94d54aa7f378
Joe,Lowry,,"5' 11""",155 lbs.,"73.0""",Orthodox,9,2,0,,http://ufcstats.com/fighter-details/86248c84834238e7
Lu,Kai,The Last Gladiator,"5' 9""",145 lbs.,"69.0""",Orthodox,8,5,0,,http://ufcstats.com/fighter-details/a2d23e684b3db732
Lu,Zhengyong,,--,125 lbs.,--,,12,7,0,,http://ufcstats.com/fighter-details/dc1bfd47c3b21ad3
Robert,Lucarelli,,"6' 2""",245 lbs.,--,,0,1,0,,http://ufcstats.com/fighter-details/96087e90d900f0ef
Matt,Lucas,Luke Duke,"6' 1""",205 lbs.,--,,15,3,0,,http://ufcstats.com/fighter-details/668222c99c5c311d
Cleber,Luciano,,"5' 6""",155 lbs.,--,,14,6,0,,http://ufcstats.com/fighter-details/9bdebbf2735d14c2
Stephanie,Luciano,Rondinha,"5' 6""",115 lbs.,"65.0""",Orthodox,7,2,1,,http://ufcstats.com/fighter-details/1b35af4d1529adf6
Iasmin,Lucindo,,"5' 3""",115 lbs.,"66.0""",Orthodox,18,6,0,,http://ufcstats.com/fighter-details/abcf2cc6efc42031
Duane,Ludwig,Bang,"5' 10""",170 lbs.,"70.0""",Orthodox,21,14,0,,http://ufcstats.com/fighter-details/84ac950d4c1722dd
Lawrence,Lui,Lok Yin,"5' 7""",135 lbs.,"72.0""",Orthodox,8,1,0,,http://ufcstats.com/fighter-details/a1ad35b98a9136e5
Mike,Lullo,,"5' 8""",145 lbs.,--,Orthodox,8,3,0,,http://ufcstats.com/fighter-details/e26882820f9e8df5
Juan Andres,Luna,,"5' 7""",125 lbs.,"72.0""",Orthodox,12,1,0,,http://ufcstats.com/fighter-details/1fd9f744105024a8
Paula,Luna,La Prodigia,"5' 2""",125 lbs.,"62.0""",Orthodox,5,3,0,,http://ufcstats.com/fighter-details/5b1effb0db45273a
Santiago,Luna,BorderBoy,"5' 9""",135 lbs.,"74.0""",Orthodox,8,0,0,,http://ufcstats.com/fighter-details/faf317c665546a36
Dalcha,Lungiambula,Champion,"5' 8""",185 lbs.,"76.0""",Orthodox,11,6,0,,http://ufcstats.com/fighter-details/ce632027bf2a871b
Alexandru,Lungu,,"6' 0""",385 lbs.,--,Orthodox,14,4,0,,http://ufcstats.com/fighter-details/4887e5bc4dbb73ff
Vicente,Luque,The Silent Assassin,"5' 11""",185 lbs.,"75.0""",Orthodox,24,12,1,,http://ufcstats.com/fighter-details/6d4b63c767106d3a
Thaddeus,Luster,,"6' 3""",210 lbs.,--,,0,1,0,,http://ufcstats.com/fighter-details/505934897b8b4824
Travis,Lutter,The Serial Killer,"5' 11""",185 lbs.,"75.0""",Orthodox,10,6,0,,http://ufcstats.com/fighter-details/622f015c81a9b13a
Joilton,Lutterbach,Peregrino,"6' 1""",185 lbs.,"75.0""",Orthodox,38,9,0,,http://ufcstats.com/fighter-details/12630a4aa0894da8
Tucker,Lutz,Top Gun,"5' 8""",145 lbs.,"72.0""",Orthodox,12,4,0,,http://ufcstats.com/fighter-details/7832f2f62f04178f
Lv,Zhenhong,,"5' 8""",145 lbs.,"67.0""",Switch,16,6,0,,http://ufcstats.com/fighter-details/5a4913108a3b9190
Stevie,Lynch,,"5' 10""",170 lbs.,--,Orthodox,5,2,0,,http://ufcstats.com/fighter-details/710d93f1508f7104
Adam,Lynn,,"5' 10""",155 lbs.,--,Orthodox,17,10,0,,http://ufcstats.com/fighter-details/edfe95e3c33a4bf8
Chris,Lytle,Lights Out,"5' 11""",170 lbs.,"68.0""",Orthodox,31,18,5,,http://ufcstats.com/fighter-details/91acd6910b802a9e
Dong Hyun,Ma,Maestro,"5' 11""",155 lbs.,"70.0""",Orthodox,16,11,3,,http://ufcstats.com/fighter-details/98a6b2361045898f
Pawan,Maan,,"5' 7""",155 lbs.,"70.0""",Orthodox,7,3,1,,http://ufcstats.com/fighter-details/450bacdacd706bcd
William,Macario,Patolino,"5' 11""",170 lbs.,"75.0""",Orthodox,9,3,0,,http://ufcstats.com/fighter-details/ed74afc8b5b47a61
Jason,MacDonald,The Athlete,"6' 3""",185 lbs.,"80.0""",Orthodox,25,16,0,,http://ufcstats.com/fighter-details/2be6596a9db33bf5
Rob,MacDonald,Maximus,"6' 3""",205 lbs.,"78.0""",Orthodox,5,4,0,,http://ufcstats.com/fighter-details/f3388d2cf7ab3f64
Rory,MacDonald,Red King,"6' 0""",170 lbs.,"76.0""",Orthodox,19,4,0,,http://ufcstats.com/fighter-details/cbd5d3cdd862e90e
Ryan,MacDonald,Main Event,"5' 11""",135 lbs.,"71.0""",Switch,10,2,0,,http://ufcstats.com/fighter-details/35e1f9984ed64206
Clayton,MacFarlane,,--,170 lbs.,--,,4,1,0,,http://ufcstats.com/fighter-details/39831e62d12e7ad1
Ilima,Macfarlane,,"5' 4""",125 lbs.,--,,6,0,0,,http://ufcstats.com/fighter-details/8cf90e41646491fd
Valesca,Machado,Tina Black,"5' 4""",115 lbs.,"63""",Orthodox,8,3,0,,http://ufcstats.com/fighter-details/a1a91dbf41a029c4
Caio,Machado,Bigfoot,"6' 4""",250 lbs.,"78.0""",Southpaw,8,4,1,,http://ufcstats.com/fighter-details/89839250eb25c9c1
Ian,Machado Garry,The Future,"6' 3""",170 lbs.,"74.0""",Orthodox,17,1,0,,http://ufcstats.com/fighter-details/442c9011034ae1fd
Lyoto,Machida,The Dragon,"6' 1""",185 lbs.,"74.0""",Southpaw,24,8,0,,http://ufcstats.com/fighter-details/f7a7f7118d4b01b6
War,Machine,,"5' 11""",170 lbs.,--,Orthodox,14,5,0,,http://ufcstats.com/fighter-details/cd7bafbeee1f29a0
Anthony,Macias,Mad Dog,"5' 9""",185 lbs.,--,Switch,26,18,0,,http://ufcstats.com/fighter-details/dedc3bb440d09554
Pauline,Macias,PITA,"5' 4""",115 lbs.,"64.0""",Southpaw,4,1,0,,http://ufcstats.com/fighter-details/e88b83dea18f5d31
Reza,Madadi,Mad Dog,"5' 11""",155 lbs.,"73.0""",Orthodox,14,6,0,,http://ufcstats.com/fighter-details/e25bcbcdaf6537a1
Don,Madge,Magic Man,"6' 0""",155 lbs.,"72.0""",Southpaw,9,3,1,,http://ufcstats.com/fighter-details/68c7ad953455c73f
Ryan,Madigan,,"6' 0""",170 lbs.,--,Orthodox,5,3,0,,http://ufcstats.com/fighter-details/a8d521d913df4e31
Victor,Madrigal,Periquito,"5' 7""",135 lbs.,"71.0""",Orthodox,15,5,0,,http://ufcstats.com/fighter-details/cc63a5f0089d8ba9
Jon,Madsen,,"6' 0""",240 lbs.,"72.0""",Orthodox,8,2,0,,http://ufcstats.com/fighter-details/7691a80e6ca3e55b
Mark,Madsen,The Olympian,"5' 8""",155 lbs.,"72.0""",Orthodox,12,2,0,,http://ufcstats.com/fighter-details/da0995f19b749cfa
Yoshiro,Maeda,,"5' 7""",139 lbs.,"68.0""",Southpaw,35,16,5,,http://ufcstats.com/fighter-details/a4bf17bd3ba3423b
Leonardo,Mafra,Macarrao,"5' 10""",155 lbs.,"70.0""",Orthodox,13,4,0,,http://ufcstats.com/fighter-details/8bbc0cfc01bc1ba1
Vinny,Magalhaes,Pezao,"6' 3""",205 lbs.,"75.0""",Orthodox,14,9,0,,http://ufcstats.com/fighter-details/88a9bc81271ccd89
Vinicius,Magalhaes,Draculinho,--,145 lbs.,--,,2,1,0,,http://ufcstats.com/fighter-details/1b583c64c23f0c7f
Caio,Magalhaes,Hellboy,"6' 1""",185 lbs.,"73.0""",Orthodox,10,3,0,,http://ufcstats.com/fighter-details/0c5c66ddd1886b83
Bernardo,Magalhaes,Trekko,"5' 9""",155 lbs.,--,Orthodox,13,4,0,,http://ufcstats.com/fighter-details/7a613f78dd7ee8f8
Eric,Magana,,--,--,--,,1,1,0,,http://ufcstats.com/fighter-details/8db1b36dde268ef6
Brandon,Magana,,--,170 lbs.,--,Orthodox,6,2,0,,http://ufcstats.com/fighter-details/2015c944226ad2df
Angela,Magana,Your Majesty,"5' 1""",115 lbs.,"65.0""",Orthodox,11,9,0,,http://ufcstats.com/fighter-details/bd878a638e0e3be3
Neil,Magny,The Haitian Sensation,"6' 3""",170 lbs.,"80.0""",Orthodox,31,15,0,,http://ufcstats.com/fighter-details/84b3e7d38f2d2ec5
Raimond,Magomedaliev,,"6' 1""",170 lbs.,"75.0""",Orthodox,10,2,0,,http://ufcstats.com/fighter-details/d16373b3568678d4
Ibragim,Magomedov,,"6' 0""",250 lbs.,--,Orthodox,22,8,1,,http://ufcstats.com/fighter-details/e7e970d508529bf3
Rashid,Magomedov,Highlander,"5' 9""",155 lbs.,"70.0""",Orthodox,20,2,0,,http://ufcstats.com/fighter-details/7ea1f74cef32f906
Ruslan,Magomedov,Leopard,"6' 3""",242 lbs.,"78.0""",Orthodox,14,1,0,,http://ufcstats.com/fighter-details/369e1ce458ef50a6
Abus,Magomedov,,"6' 2""",185 lbs.,"78""",Orthodox,29,7,1,,http://ufcstats.com/fighter-details/36b8f265bcd1b7a4
Shara,Magomedov,Bullet,"6' 2""",185 lbs.,"73.0""",Orthodox,16,1,0,,http://ufcstats.com/fighter-details/06734ca9d88dec3a
Murtazali,Magomedov,The Highlight,"5' 9""",145 lbs.,"70.0""",Orthodox,10,0,0,,http://ufcstats.com/fighter-details/d436f5d55156a521
Zabit,Magomedsharipov,,"6' 1""",145 lbs.,"73.0""",Orthodox,18,1,0,,http://ufcstats.com/fighter-details/87aa9fb63d6b51a1
John,Maguire,The One,"5' 9""",155 lbs.,"69.0""",Southpaw,24,9,0,,http://ufcstats.com/fighter-details/1a7745388839e52b
Lolohea,Mahe,,--,--,--,,10,4,1,,http://ufcstats.com/fighter-details/fb0b6593cec84356
Michelle,Maher,,--,145 lbs.,--,,1,2,0,,http://ufcstats.com/fighter-details/118463dd8db16e7f
,Maheshate,,"6' 0""",155 lbs.,"71.0""",Orthodox,10,5,0,,http://ufcstats.com/fighter-details/8c1ca54b5089d199
Bill,Mahood,The Butcher,"6' 3""",200 lbs.,--,Orthodox,20,7,1,,http://ufcstats.com/fighter-details/ae58685caf8e4a0d
Klayton,Mai,,"5' 9""",125 lbs.,--,,8,3,0,,http://ufcstats.com/fighter-details/7a9c1bb08a743d7f
Demian,Maia,,"6' 1""",170 lbs.,"72.0""",Southpaw,28,11,0,,http://ufcstats.com/fighter-details/427b5953ac8e3a27
Jennifer,Maia,,"5' 4""",125 lbs.,"64.0""",Orthodox,21,10,1,,http://ufcstats.com/fighter-details/8e1f36476ef02a6a
Nayara,Maia,Capita,"5' 5""",125 lbs.,"66.0""",Orthodox,7,1,1,,http://ufcstats.com/fighter-details/03b1b79b34eaf217
Roshan,Mainam,The Indian Notorious,--,135 lbs.,--,,6,3,0,,http://ufcstats.com/fighter-details/b301292b1bc92bdb
Levan,Makashvili,The Hornet,"5' 8""",145 lbs.,"68.0""",Orthodox,15,2,1,,http://ufcstats.com/fighter-details/938ad489fb7a1f31
John,Makdessi,The Bull,"5' 8""",155 lbs.,"68.0""",Orthodox,18,9,0,,http://ufcstats.com/fighter-details/c21a036b4e012f1c
Islam,Makhachev,,"5' 10""",170 lbs.,"70.0""",Southpaw,28,1,0,,http://ufcstats.com/fighter-details/275aca31f61ba28c
Aliev,Makhmud,,"5' 6""",195 lbs.,--,Southpaw,0,1,0,,http://ufcstats.com/fighter-details/3d481aa374c954a1
Zach,Makovsky,Fun Size,"5' 4""",125 lbs.,"64.0""",Southpaw,20,8,0,,http://ufcstats.com/fighter-details/57ab4d7c0bc09a30
Azat,Maksum,Qazaq,"5' 7""",125 lbs.,"70.0""",Southpaw,15,3,0,,http://ufcstats.com/fighter-details/7f1bf0c255ec8756
Jeremy,Malaterre,,"5' 11""",155 lbs.,--,,4,2,0,,http://ufcstats.com/fighter-details/110404b505fb562c
Fabio,Maldonado,Caipira de Aco,"6' 1""",205 lbs.,"75.0""",Orthodox,23,11,0,,http://ufcstats.com/fighter-details/1fb80f46d3c105d9
Marvin,Maldonado,The Bulldog,"5' 6""",135 lbs.,--,,2,4,0,,http://ufcstats.com/fighter-details/e5ce754b01f922be
Bea,Malecki,,"5' 9""",135 lbs.,"74.0""",Orthodox,4,1,0,,http://ufcstats.com/fighter-details/b60c980f79b87ce8
Nazareno,Malegarie,El Tigre,"5' 8""",155 lbs.,--,,28,4,0,,http://ufcstats.com/fighter-details/d38e8c6ae2dfc051
Carl,Malenko,,"5' 11""",200 lbs.,--,Orthodox,6,4,0,,http://ufcstats.com/fighter-details/a314687f372b2cec
Jacob,Malkoun,Mamba,"5' 9""",185 lbs.,"73.0""",Orthodox,10,3,0,,http://ufcstats.com/fighter-details/d4270315cbcf2569
Mike,Malott,Proper,"6' 1""",170 lbs.,"73""",Orthodox,14,2,1,,http://ufcstats.com/fighter-details/dd6103dd7127db1d
Dan,Manasoiu,,--,--,--,,0,0,0,,http://ufcstats.com/fighter-details/eefc73b53d4a05d7
Troy,Mandaloniz,Rude Boy,"5' 9""",170 lbs.,--,Orthodox,3,2,0,,http://ufcstats.com/fighter-details/725a834930c2b5bf
Nate,Maness,Mayhem,"5' 10""",125 lbs.,"72.0""",Orthodox,16,3,0,,http://ufcstats.com/fighter-details/6e9f40c706f91f32
Michael,Mangan,,--,155 lbs.,--,,0,3,0,,http://ufcstats.com/fighter-details/9297ce6eee046f7a
Gary,Mangat,,"5' 7""",135 lbs.,--,,15,3,0,,http://ufcstats.com/fighter-details/1c0ffc63d8ec8f45
George,Mangos,,"5' 10""",145 lbs.,"70.0""",Switch,7,1,0,,http://ufcstats.com/fighter-details/122ae3b34275fbb2
Melvin,Manhoef,No Mercy,"5' 9""",185 lbs.,--,Orthodox,30,14,1,,http://ufcstats.com/fighter-details/e5767ed355a937c2
Melchor,Manibusan,Barracuda,"5' 5""",154 lbs.,--,Southpaw,2,4,0,,http://ufcstats.com/fighter-details/b6c6d1731ff00eeb
Jon,Manley,,"6' 1""",170 lbs.,--,Orthodox,9,4,0,,http://ufcstats.com/fighter-details/a0602dd050bebefc
Steve,Mann,,"6' 1""",170 lbs.,--,,12,5,0,,http://ufcstats.com/fighter-details/0eef1bf99afd4ff2
Marnic,Mann,The Sawed-Off Savage,"5' 0""",115 lbs.,"64.0""",Southpaw,6,3,0,,http://ufcstats.com/fighter-details/b6203e0492a9336c
Dylan,Mantello,The Quiet Man,"6' 1""",155 lbs.,"73.0""",Orthodox,8,4,0,,http://ufcstats.com/fighter-details/e192ebb85b68fa9e
Chris,Manuel,,"5' 9""",135 lbs.,--,Orthodox,9,7,2,,http://ufcstats.com/fighter-details/a23e63184c65f5b8
Jimi,Manuwa,Poster Boy,"6' 1""",205 lbs.,"79.0""",Orthodox,17,6,0,,http://ufcstats.com/fighter-details/1e1dbd1cc5a7469e
Dom,Mar Fan,Street Buddha,"5' 11""",155 lbs.,"75.0""",Orthodox,9,3,0,,http://ufcstats.com/fighter-details/530af2900b5a1693
Cristiano,Marcello,,"5' 9""",155 lbs.,"72.0""",Orthodox,13,6,0,,http://ufcstats.com/fighter-details/ff4c3ab594c7fac3
Daniel,Marcos,Soncora,"5' 7""",135 lbs.,"69.0""",Orthodox,18,1,0,,http://ufcstats.com/fighter-details/850266b3dc4e506e
Jose,Maria,No Chance,"5' 5""",125 lbs.,--,Orthodox,37,7,0,,http://ufcstats.com/fighter-details/b35ba64b6a2bbcb3
Marcos,Mariano,Dhalsim,"6' 1""",155 lbs.,"76.0""",Switch,6,6,0,,http://ufcstats.com/fighter-details/72e5e5a6edfa8223
Enrique,Marin,Wasabi,"5' 10""",170 lbs.,--,,10,4,0,,http://ufcstats.com/fighter-details/23a6e307077c6ccc
Chepe,Mariscal,Machine Gun,"5' 7""",145 lbs.,"69.0""",Orthodox,18,7,0,,http://ufcstats.com/fighter-details/e0c6edcb5b5d0b90
Ronny,Markes,,"6' 1""",185 lbs.,"75.0""",Orthodox,17,5,0,,http://ufcstats.com/fighter-details/bd21a1e3d41c97ee
Rory,Markham,,"6' 0""",170 lbs.,"71.0""",Orthodox,17,6,0,,http://ufcstats.com/fighter-details/23a16ebe733e3041
Randa,Markos,Quiet Storm,"5' 4""",115 lbs.,"63.0""",Orthodox,11,12,1,,http://ufcstats.com/fighter-details/4a57ebb14315b251
Christina,Marks,,"5' 7""",125 lbs.,"69.0""",Orthodox,8,9,0,,http://ufcstats.com/fighter-details/c7be22a47a58365a
Brendon,Marotte,The Kid,"5' 9""",145 lbs.,"70.0""",Orthodox,8,3,0,,http://ufcstats.com/fighter-details/d7fe8c6b7d2872e5
Nate,Marquardt,The Great,"6' 0""",185 lbs.,"74.0""",Orthodox,35,19,2,,http://ufcstats.com/fighter-details/a8e6a69796280f17
Danilo,Marques,,"6' 6""",205 lbs.,"77.0""",Orthodox,11,4,0,,http://ufcstats.com/fighter-details/687c15b2eddfaa63
Julian,Marquez,The Cuban Missile Crisis,"6' 2""",185 lbs.,"72.0""",Orthodox,9,6,0,,http://ufcstats.com/fighter-details/d0e1b42d41dab603
Carmelo,Marrero,The Fury,"6' 0""",205 lbs.,"73.0""",Orthodox,16,6,0,,http://ufcstats.com/fighter-details/aa03a3ca00ac6827
Cesar,Marscucci,,--,--,--,,3,2,0,,http://ufcstats.com/fighter-details/e8efeb9cf33b1941
John,Marsh,,"6' 0""",265 lbs.,--,Orthodox,8,7,0,,http://ufcstats.com/fighter-details/b6b12014698cc345
CJ,Marsh,,--,--,--,,5,7,0,,http://ufcstats.com/fighter-details/4c91eb190d5e0dd9
Eliot,Marshall,Fire,"6' 2""",205 lbs.,"77.0""",Orthodox,10,4,0,,http://ufcstats.com/fighter-details/a08d909a5be6f410
Doug,Marshall,The Rhino,"5' 10""",205 lbs.,--,Orthodox,18,8,0,,http://ufcstats.com/fighter-details/0c1773639c795466
David,Marshall,,"6' 2""",170 lbs.,--,,8,4,0,,http://ufcstats.com/fighter-details/0a2813f89a758ff7
Francis,Marshall,Fire,"5' 9""",155 lbs.,"72.0""",Orthodox,10,3,0,,http://ufcstats.com/fighter-details/5d495dec23d7c68e
Jack,Marshman,The Hammer,"6' 0""",185 lbs.,"73.0""",Orthodox,23,10,0,,http://ufcstats.com/fighter-details/045f25b3a4c08e81
Terry,Martin,,"5' 8""",185 lbs.,"71.0""",Orthodox,23,11,0,,http://ufcstats.com/fighter-details/6a92caba39b64752
Eric,Martin,,--,--,--,,0,1,0,,http://ufcstats.com/fighter-details/abbc4fc02e0d84b3
Justin,Martin,,"6' 0""",185 lbs.,--,,4,3,0,,http://ufcstats.com/fighter-details/3da19339ee7051d5
Dave,Martin,,"6' 0""",205 lbs.,--,,0,2,0,,http://ufcstats.com/fighter-details/92c96df8bdab5fea
Joe,Martin,,"5' 9""",170 lbs.,--,,6,8,0,,http://ufcstats.com/fighter-details/325550dab63fb25a
Anthony Rocco,Martin,,"6' 0""",170 lbs.,"73.0""",Orthodox,17,6,0,,http://ufcstats.com/fighter-details/5331b25a60417ffb
Mallory,Martin,,"5' 4""",115 lbs.,"63.0""",Orthodox,7,5,0,,http://ufcstats.com/fighter-details/19b7738321cfae42
Michal,Martinek,,"6' 2""",230 lbs.,--,Southpaw,7,1,0,,http://ufcstats.com/fighter-details/9acf42aebe9bb895
Adrian Luna,Martinetti,,"5' 8""",135 lbs.,"71.0""",Orthodox,17,2,0,,http://ufcstats.com/fighter-details/e3b30b573e7f0d19
Rainy,Martinez,,"6' 0""",199 lbs.,--,Orthodox,0,2,0,,http://ufcstats.com/fighter-details/577ec7e108b94be3
Danny,Martinez,The Gremlin,"5' 6""",125 lbs.,"67.0""",Orthodox,21,8,0,,http://ufcstats.com/fighter-details/8a9c6c4301f6d088
Alonzo,Martinez,Zo Diddy,"5' 10""",155 lbs.,--,,42,20,1,,http://ufcstats.com/fighter-details/feffee4fc6da3aa3
Henry,Martinez,Sicario,"5' 7""",155 lbs.,"69.0""",Southpaw,9,4,0,,http://ufcstats.com/fighter-details/76729a829623e266
Jonathan,Martinez,Dragon,"5' 8""",135 lbs.,"70.0""",Southpaw,19,6,0,,http://ufcstats.com/fighter-details/f2477cf43c4975cc
Poppies,Martinez,The Tachi Kid,"5' 9""",145 lbs.,--,,29,11,0,,http://ufcstats.com/fighter-details/8851bb0418d27d28
Andrew,Martinez,Mickey D,"5' 9""",215 lbs.,--,,9,6,0,,http://ufcstats.com/fighter-details/f8c2aba4815876b5
Mana,Martinez,ManaBoi,"5' 10""",135 lbs.,"70.0""",Orthodox,10,4,0,,http://ufcstats.com/fighter-details/c0386644627a7ee5
Victor,Martinez,The Brick,"5' 8""",155 lbs.,"70.0""",Orthodox,13,6,0,,http://ufcstats.com/fighter-details/3e708ce33b6b18e6
Roque,Martinez,,"5' 10""",250 lbs.,"72.0""",Orthodox,15,8,2,,http://ufcstats.com/fighter-details/2c5a0b8317f8f27a
Melissa,Martinez,Super Mely,"5' 2""",115 lbs.,"66.0""",Southpaw,8,2,0,,http://ufcstats.com/fighter-details/3f4c3bc822bea45d
Julieta,Martinez,The Ninja Ferret,"5' 1""",115 lbs.,"62.0""",Orthodox,8,0,0,,http://ufcstats.com/fighter-details/f77afa72da84c9a8
David,Martinez,,"5' 5""",135 lbs.,"67""",Orthodox,14,1,0,,http://ufcstats.com/fighter-details/9a97acbfd5a08bfa
Wagner da Conceicao,Martins,Zuluzinho,"6' 7""",390 lbs.,--,Orthodox,9,8,0,,http://ufcstats.com/fighter-details/563d051c9e769b24
Adriano,Martins,,"5' 10""",155 lbs.,"72.0""",Southpaw,28,9,0,,http://ufcstats.com/fighter-details/7dcf06c1967801c1
Lucas,Martins,Mineiro,"6' 0""",145 lbs.,"72.0""",Southpaw,19,3,0,,http://ufcstats.com/fighter-details/7413b80dbb0f8f9f
Max,Martyniouk,Payne,--,155 lbs.,--,,1,1,0,,http://ufcstats.com/fighter-details/69d3fa376ff2595e
Bristol,Marunde,,"6' 1""",170 lbs.,"75.0""",Orthodox,16,10,0,,http://ufcstats.com/fighter-details/a17322f99ddfd8e9
Shoji,Maruyama,,"5' 7""",139 lbs.,--,Orthodox,12,9,1,,http://ufcstats.com/fighter-details/c046100aea0dba9a
Kazuma,Maruyama,Gluttony,"5' 11""",155 lbs.,"72.0""",Orthodox,11,7,0,,http://ufcstats.com/fighter-details/aa1a873d05acc7eb
Islem,Masraf,Lightning,"6' 0""",205 lbs.,"74.0""",Southpaw,3,1,0,,http://ufcstats.com/fighter-details/6dedfe07640a9acc
Mike,Massenzio,The Master of Disaster,"6' 2""",185 lbs.,"73.0""",Southpaw,13,9,0,,http://ufcstats.com/fighter-details/5b2d7906aa894274
Jameel,Massouh,,"5' 10""",145 lbs.,"72.0""",Orthodox,26,9,0,,http://ufcstats.com/fighter-details/883922e5cd6d8473
Tiffany,Masters,Rainbow Renegade,"5' 3""",115 lbs.,"65.0""",Orthodox,2,1,0,,http://ufcstats.com/fighter-details/ca743f96dd2063d5
Jorge,Masvidal,Gamebred,"5' 11""",170 lbs.,"74.0""",Orthodox,35,17,0,,http://ufcstats.com/fighter-details/47b9e0e7703a4868
Al,Matavao,Sweetness,"5' 8""",205 lbs.,"67.0""",Orthodox,8,3,0,,http://ufcstats.com/fighter-details/eec3fe66a8b11a26
Tateki,Matsuda,Tech,"5' 7""",125 lbs.,--,Orthodox,13,8,0,,http://ufcstats.com/fighter-details/3a524c6700addc24
Arisa,Matsuda,,"5' 3""",115 lbs.,"64.0""",Orthodox,7,0,0,,http://ufcstats.com/fighter-details/4c33b3d37955aa85
Daijiro,Matsui,,"5' 9""",200 lbs.,--,Orthodox,13,29,7,,http://ufcstats.com/fighter-details/cd42bbe8887bba90
Toki,Matsui,,"5' 6""",125 lbs.,"65.0""",Orthodox,6,1,0,,http://ufcstats.com/fighter-details/56cc76c55cee8410
Koichiro,Matsumoto,,"5' 7""",145 lbs.,--,,15,3,1,,http://ufcstats.com/fighter-details/2fb6f197d1fbc779
Jean,Matsumoto,,"5' 6""",135 lbs.,"68.0""",Orthodox,17,2,0,,http://ufcstats.com/fighter-details/ffd3224638c01b57
Koyomi,Matsushima,,"5' 7""",145 lbs.,"66.0""",Orthodox,13,6,0,,http://ufcstats.com/fighter-details/5ad226da6c74a48e
Naoki,Matsushita,,"5' 6""",155 lbs.,--,Orthodox,12,16,11,,http://ufcstats.com/fighter-details/990060b2a68a7b82
AJ,Matthews,,"5' 11""",185 lbs.,--,,8,7,0,,http://ufcstats.com/fighter-details/18e4f61f16f458c6
Jake,Matthews,The Celtic Kid,"5' 11""",170 lbs.,"73.0""",Orthodox,22,8,0,,http://ufcstats.com/fighter-details/a845f0735bc67405
Connor,Matthews,The Controller,"5' 8""",145 lbs.,"71.0""",Switch,7,4,0,,http://ufcstats.com/fighter-details/36e78278a77006d4
Claudio,Mattos,Popeye,--,185 lbs.,--,Orthodox,5,4,0,,http://ufcstats.com/fighter-details/6e2b1d631832921d
John,Matua,,"6' 2""",400 lbs.,--,Orthodox,1,4,0,,http://ufcstats.com/fighter-details/c933d423ebdbbbdb
Francesco,Maturi,,--,--,--,,0,1,0,,http://ufcstats.com/fighter-details/d3b5ad3b15a64a18
Vladimir,Matyushenko,The Janitor,"6' 0""",205 lbs.,"74.0""",Orthodox,27,8,0,,http://ufcstats.com/fighter-details/ccdd90bd1fc7dab6
Miranda,Maverick,Fear The,"5' 3""",125 lbs.,"65.0""",Southpaw,17,6,0,,http://ufcstats.com/fighter-details/f29a6350c69f4a33
Nick,Maximov,,"6' 0""",185 lbs.,"76.0""",Southpaw,8,2,0,,http://ufcstats.com/fighter-details/12585614e0ed2626
Elaina,Maxwell,Beef,"5' 8""",145 lbs.,--,Orthodox,7,4,0,,http://ufcstats.com/fighter-details/a16ce18149021139
Jeremy,May,,"6' 1""",185 lbs.,--,,13,10,0,,http://ufcstats.com/fighter-details/c32fdfe75cda5b22
Jack,May,The Outlaw,"6' 8""",255 lbs.,--,Switch,9,3,0,,http://ufcstats.com/fighter-details/2c6e81426dd7573c
Don'Tale,Mayes,Lord Kong,"6' 6""",260 lbs.,"81.0""",Orthodox,11,9,0,,http://ufcstats.com/fighter-details/1a9480fc288e55d7
Gray,Maynard,,"5' 9""",155 lbs.,"70.0""",Orthodox,13,7,1,,http://ufcstats.com/fighter-details/7d96bc577e5178b2
Brooke,Mayo,The Bully,"5' 7""",125 lbs.,--,,0,1,0,,http://ufcstats.com/fighter-details/1b41c21d947d6f2f
Gina,Mazany,Danger,"5' 6""",125 lbs.,"68.0""",Southpaw,7,6,0,,http://ufcstats.com/fighter-details/016a8d958883167c
Sabina,Mazo,Colombian Queen,"5' 7""",125 lbs.,"70.0""",Orthodox,9,4,0,,http://ufcstats.com/fighter-details/70d2329a92864fdb
Francesco,Mazzeo,,"6' 3""",205 lbs.,"75.0""",Orthodox,4,1,0,,http://ufcstats.com/fighter-details/7b3c13fe33556a21
Scott,McAfee,,"5' 8""",155 lbs.,--,Orthodox,14,7,0,,http://ufcstats.com/fighter-details/7e7d81bf162a5ec1
Bobby,McAndrews,,--,--,--,Orthodox,1,3,0,,http://ufcstats.com/fighter-details/ef6f45095119d416
Michael,McBride,,"6' 1""",155 lbs.,--,Orthodox,8,3,0,,http://ufcstats.com/fighter-details/443f60bec7c3c3d5
Ian,McCall,Uncle Creepy,"5' 5""",125 lbs.,"64.0""",Orthodox,13,5,1,,http://ufcstats.com/fighter-details/701e057d63c124d9
Molly,McCann,Meatball,"5' 4""",115 lbs.,"62.0""",Orthodox,14,8,0,,http://ufcstats.com/fighter-details/51018a31ddf31eb2
Charles,McCarthy,Chainsaw,"5' 10""",185 lbs.,"71.0""",Orthodox,10,5,0,,http://ufcstats.com/fighter-details/da97d6c97d09c030
Eric,McConico,,"6' 0""",185 lbs.,"77.0""",Southpaw,11,4,1,,http://ufcstats.com/fighter-details/9508cc6184cb2450
Sean,McCorkle,,"6' 7""",265 lbs.,"81.0""",Orthodox,17,7,0,,http://ufcstats.com/fighter-details/008dc37cca279def
Danni,McCormack,Mac,"5' 4""",125 lbs.,"62.0""",Southpaw,9,2,0,,http://ufcstats.com/fighter-details/2a9f9db24cd032ba
Paddy,McCorry,,"6' 3""",185 lbs.,"73.0""",Switch,7,1,0,,http://ufcstats.com/fighter-details/b43620395f655046
Kris,McCray,Savage,"6' 0""",170 lbs.,"76.0""",Orthodox,8,5,0,,http://ufcstats.com/fighter-details/baed16f18348908e
Tamdan,McCrory,The Barncat,"6' 4""",185 lbs.,"76.0""",Switch,14,5,0,,http://ufcstats.com/fighter-details/eff47295daf721a6
Rob,McCullough,Razor,"5' 9""",155 lbs.,"69.0""",Orthodox,19,8,0,,http://ufcstats.com/fighter-details/11e3fd7546359fc5
Justin,McCully,The Insane One,"6' 1""",225 lbs.,"73.0""",Orthodox,11,5,2,,http://ufcstats.com/fighter-details/75f871836d41f90f
Robert,McDaniel,Bubba,"6' 3""",185 lbs.,"75.0""",Southpaw,28,10,0,,http://ufcstats.com/fighter-details/5cafbc97dba2e797
Michael,McDonald,The Black Sniper,"5' 11""",205 lbs.,--,Orthodox,1,1,0,,http://ufcstats.com/fighter-details/d52ef694108f8235
Scott,McDonald,,--,--,--,,1,0,0,,http://ufcstats.com/fighter-details/08ae3100bf2100ed
Michael,McDonald,Mayday,"5' 9""",135 lbs.,"70.0""",Orthodox,17,4,0,,http://ufcstats.com/fighter-details/d0314416a7f26527
Josh,McDonald,,--,185 lbs.,--,,9,5,0,,http://ufcstats.com/fighter-details/b507a76087e3ed9f
Miles,McDonald,,"5' 7""",115 lbs.,--,,2,1,0,,http://ufcstats.com/fighter-details/a3f8356ace5e3eb5
Justin,McElfresh,,"6' 6""",205 lbs.,--,Orthodox,6,4,0,,http://ufcstats.com/fighter-details/49c29e57d4e2be6f
Drew,McFedries,The Massacre,"6' 0""",185 lbs.,"72.0""",Southpaw,12,7,0,,http://ufcstats.com/fighter-details/1fd4fbdcc67de844
Liam,McGeary,,"6' 6""",205 lbs.,--,,12,2,0,,http://ufcstats.com/fighter-details/e4e0993befecdaf8
Gan,McGee,The Giant,"6' 10""",265 lbs.,--,Orthodox,13,5,0,,http://ufcstats.com/fighter-details/d90b630e0561818b
Court,McGee,The Crusher,"5' 11""",170 lbs.,"75""",Orthodox,23,14,0,,http://ufcstats.com/fighter-details/523fa774700d7d3f
Marcus,McGhee,The Maniac,"5' 8""",135 lbs.,"69.0""",Orthodox,10,2,0,,http://ufcstats.com/fighter-details/c0ac37a4a1133da9
Ryan,McGillivray,The Kid,"5' 11""",170 lbs.,--,,12,0,1,,http://ufcstats.com/fighter-details/1f9c371c93dfd3a9
Ryan,McGivern,,"6' 0""",185 lbs.,--,Orthodox,13,7,0,,http://ufcstats.com/fighter-details/856ec65948b7d234
Jack,McGlaughlin,,--,--,--,Orthodox,1,4,0,,http://ufcstats.com/fighter-details/237187ed9f419285
Conor,McGregor,The Notorious,"5' 9""",155 lbs.,"74.0""",Southpaw,22,6,0,,http://ufcstats.com/fighter-details/f4c49976c75c5ab2
Greg,McIntyre,,"5' 10""",155 lbs.,--,Orthodox,6,4,0,,http://ufcstats.com/fighter-details/00a905a4a4a2b071
Antonio,McKee,Mandingo,"5' 8""",155 lbs.,--,Southpaw,29,6,2,,http://ufcstats.com/fighter-details/3414b50b08a10600
AJ,McKee,Mercenary,"5' 10""",145 lbs.,--,,8,0,0,,http://ufcstats.com/fighter-details/f3ec0214794a699e
Rhys,McKee,Skeletor,"6' 2""",170 lbs.,"78.0""",Orthodox,14,7,1,,http://ufcstats.com/fighter-details/f748267c4ab6c127
Cory,McKenna,Poppins,"5' 3""",115 lbs.,"58.0""",Orthodox,8,4,0,,http://ufcstats.com/fighter-details/3351aa64aa83c4d9
Tim,McKenzie,,"6' 0""",185 lbs.,"74.0""",Orthodox,14,9,0,,http://ufcstats.com/fighter-details/9ca265dfe8323db3
Cody,McKenzie,,"6' 0""",155 lbs.,"72.0""",Switch,16,10,0,,http://ufcstats.com/fighter-details/7be63795363029e8
Terrance,McKinney,T. Wrecks,"5' 10""",155 lbs.,"73.0""",Switch,18,8,0,,http://ufcstats.com/fighter-details/809bd1a871491508
Brian,McLaughlin,,"5' 9""",155 lbs.,--,,6,2,0,,http://ufcstats.com/fighter-details/6488729da7ac1c79
Jason,McLean,,"5' 5""",145 lbs.,--,,6,7,0,,http://ufcstats.com/fighter-details/8336d7a85ce45481
Garreth,McLellan,Soldier Boy,"6' 1""",185 lbs.,"72.0""",Southpaw,13,6,0,,http://ufcstats.com/fighter-details/f215cfbd4ba3c270
Sara,McMann,,"5' 6""",135 lbs.,"66.0""",Orthodox,13,6,0,,http://ufcstats.com/fighter-details/7be74a12d7352df2
Tommy,McMillen,Gun,"6' 0""",145 lbs.,"74""",Orthodox,11,0,0,,http://ufcstats.com/fighter-details/6b0a6def604de298
James,McSweeney,The Hammer,"6' 4""",230 lbs.,"77.0""",Switch,15,15,0,,http://ufcstats.com/fighter-details/cac08b8685387ca5
Charles,McTorry,,--,--,--,,3,0,0,,http://ufcstats.com/fighter-details/acd8a53f7c0ce85e
Jackson,McVey,The Moose,"6' 4""",185 lbs.,"77.0""",Southpaw,7,2,0,,http://ufcstats.com/fighter-details/3eeec2f53cebdf12
Daniel,McWilliams,The Animal,"6' 1""",185 lbs.,--,,15,37,0,,http://ufcstats.com/fighter-details/7b03d9df5910917d
Tim,Means,The Dirty Bird,"6' 2""",170 lbs.,"75.0""",Orthodox,33,17,1,,http://ufcstats.com/fighter-details/4b47e71384a9522f
Yancy,Medeiros,,"5' 10""",155 lbs.,"75.0""",Orthodox,15,8,0,,http://ufcstats.com/fighter-details/813550bc53b15fb0
Anistavio,Medeiros,Gasparzinho,"5' 6""",145 lbs.,--,Orthodox,19,10,0,,http://ufcstats.com/fighter-details/2937cb502dda0808
Kaline,Medeiros,The Dark Angel,"5' 3""",115 lbs.,--,,8,5,0,,http://ufcstats.com/fighter-details/263af068bd986548
MarQuel,Mederos,,"5' 10""",155 lbs.,"69.0""",Orthodox,11,1,1,,http://ufcstats.com/fighter-details/e2be0c1a9b886d92
Uros,Medic,The Doctor,"6' 1""",170 lbs.,"71.0""",Southpaw,13,3,0,,http://ufcstats.com/fighter-details/681399317dbf4701
Todd,Medina,El Tiburon,"5' 10""",193 lbs.,--,Southpaw,11,9,0,,http://ufcstats.com/fighter-details/b60391da771deefe
Jason,Medina,,"5' 9""",180 lbs.,--,,21,15,1,,http://ufcstats.com/fighter-details/f53fb9d9e57cc38e
Emil,Meek,Valhalla,"5' 11""",170 lbs.,"74.0""",Switch,9,5,1,,http://ufcstats.com/fighter-details/103b06d8707895a9
Sanford Alton,Meeks,,"6' 5""",265 lbs.,"75.0""",Orthodox,1,1,0,,http://ufcstats.com/fighter-details/27c59ac201539d10
Gerald,Meerschaert,GM3,"6' 1""",185 lbs.,"77.0""",Southpaw,37,22,0,,http://ufcstats.com/fighter-details/6ac9bc2953c47345
Frank,Megallon,,"5' 10""",185 lbs.,--,Southpaw,2,3,0,,http://ufcstats.com/fighter-details/c0a93b52096b7682
Derrick,Mehmen,Caveman,"6' 4""",205 lbs.,--,,19,9,0,,http://ufcstats.com/fighter-details/6c7dafd03b6cc3f8
Miika,Mehmet,,--,205 lbs.,--,Orthodox,3,5,0,,http://ufcstats.com/fighter-details/41dca66f9dadfc86
Jordan,Mein,Young Gun,"6' 0""",170 lbs.,"73.0""",Orthodox,31,12,0,,http://ufcstats.com/fighter-details/2aa49b3766a59bcd
Bryce,Mejia,,"6' 1""",170 lbs.,--,,3,1,0,,http://ufcstats.com/fighter-details/6eae26c44e505775
Brian,Melancon,,"5' 8""",170 lbs.,--,Orthodox,7,3,0,,http://ufcstats.com/fighter-details/eee7dafac7d672b5
Brandon,Melendez,The Murderer,"5' 11""",155 lbs.,--,Southpaw,25,25,0,,http://ufcstats.com/fighter-details/2b06b6ad5db63348
Gilbert,Melendez,El Nino,"5' 9""",145 lbs.,"73.0""",Orthodox,22,8,0,,http://ufcstats.com/fighter-details/aa5b4eff51bdc7d1
Nair,Melikyan,Ahalkalakski,"5' 6""",155 lbs.,--,,11,0,0,,http://ufcstats.com/fighter-details/64b8561624d3b15e
Marcelo,Mello,,"5' 7""",170 lbs.,--,Southpaw,1,0,0,,http://ufcstats.com/fighter-details/672ef06fd9f41f7d
Fabio,Mello,,"5' 5""",155 lbs.,--,Southpaw,11,8,0,,http://ufcstats.com/fighter-details/8a028648f3f0761d
Vanessa,Melo,,"5' 5""",135 lbs.,"65.0""",Orthodox,11,8,0,,http://ufcstats.com/fighter-details/9b7dfb3b7d99926a
Antonio,Mendes,Samurai,"6' 3""",205 lbs.,"77.0""",Southpaw,18,13,0,,http://ufcstats.com/fighter-details/3795fca327cbcf23
Chad,Mendes,Money,"5' 6""",145 lbs.,"66.0""",Orthodox,18,5,0,,http://ufcstats.com/fighter-details/b5b684eac99ae0a3
Augusto,Mendes,Tanquinho,"5' 6""",135 lbs.,"65.0""",Orthodox,6,2,0,,http://ufcstats.com/fighter-details/3d5b1ce6097dbb49
Eddie,Mendez,,"5' 10""",185 lbs.,--,,8,3,1,,http://ufcstats.com/fighter-details/49e49b54e5901d0d
Mateus,Mendonca,Bocao,"5' 6""",125 lbs.,"71.0""",Orthodox,10,3,0,,http://ufcstats.com/fighter-details/48812daf291a4e23
Luis,Mendoza,,--,155 lbs.,--,,0,1,0,,http://ufcstats.com/fighter-details/28200bc87367614f
Pietro,Menga,,"5' 7""",125 lbs.,"68.0""",Southpaw,13,0,0,,http://ufcstats.com/fighter-details/869d68b5383131fd
Alonzo,Menifield,Atomic,"6' 0""",205 lbs.,"76""",Orthodox,18,6,1,,http://ufcstats.com/fighter-details/a495f599e787614f
Ivan,Menjivar,The Pride of El Salvador,"5' 6""",145 lbs.,"64.0""",Orthodox,25,12,0,,http://ufcstats.com/fighter-details/5755960ebd0b16f6
Dave,Menne,The Warrior,"5' 10""",170 lbs.,--,Orthodox,45,17,2,,http://ufcstats.com/fighter-details/275cafc9de131c83
Steve,Mensing,The Machine,"5' 11""",185 lbs.,--,Orthodox,9,13,2,,http://ufcstats.com/fighter-details/3bc27ec15facbcf3
Buck,Meredith,,"6' 2""",185 lbs.,--,,3,3,0,,http://ufcstats.com/fighter-details/36120738148f203f
Adam,Meredith,,"6' 2""",170 lbs.,--,,5,3,0,,http://ufcstats.com/fighter-details/c1135a6892e916db
Nick,Meregali,,--,--,--,,0,0,0,,http://ufcstats.com/fighter-details/2f6dc878d653c442
Joe,Merritt,,"6' 0""",170 lbs.,--,Orthodox,7,2,0,,http://ufcstats.com/fighter-details/e82d5f54daa85a7e
Bia,Mesquita,The Lady GOAT,"5' 4""",135 lbs.,"67.0""",Orthodox,7,0,0,,http://ufcstats.com/fighter-details/eff9074bc066f0f2
Jeremiah,Metcalf,,"6' 1""",185 lbs.,--,Orthodox,13,7,0,,http://ufcstats.com/fighter-details/5bdcbd8dd681a257
Jonathan,Meunier,District,"6' 3""",170 lbs.,--,Switch,8,1,0,,http://ufcstats.com/fighter-details/5823ceab56741617
Yaotzin,Meza,,"5' 9""",145 lbs.,"71.0""",Orthodox,21,11,0,,http://ufcstats.com/fighter-details/3623bd267a2eef2e
Guy,Mezger,,"6' 1""",200 lbs.,--,Orthodox,30,14,2,,http://ufcstats.com/fighter-details/946f341df6472ee0
David,Mgoyan,,"5' 9""",145 lbs.,"70.0""",Orthodox,7,1,0,,http://ufcstats.com/fighter-details/8f003ef7e0d9a139
Jonathan,Micallef,The Captain,"6' 0""",170 lbs.,"77.0""",Southpaw,10,1,0,,http://ufcstats.com/fighter-details/f782f953bfe7b5f2
Brandon,Michaels,,"5' 9""",185 lbs.,--,,4,14,0,,http://ufcstats.com/fighter-details/f5e4ce11afbdfb61
Andreas,Michailidis,The Spartan,"6' 0""",170 lbs.,"76.0""",Orthodox,13,6,0,,http://ufcstats.com/fighter-details/79325a3c1a5c3bf4
David,Michaud,BullDawg,"5' 9""",155 lbs.,--,Orthodox,11,3,0,,http://ufcstats.com/fighter-details/49f4b511932f71e9
Chris,Mickle,,"5' 9""",145 lbs.,--,Orthodox,30,21,2,,http://ufcstats.com/fighter-details/f903967fd320da38
Zachary,Micklewright,,"6' 0""",155 lbs.,"74.0""",Southpaw,15,3,0,,http://ufcstats.com/fighter-details/a36a14985a57a1c6
Kristof,Midoux,The Hurricane,"6' 1""",220 lbs.,--,Orthodox,6,10,0,,http://ufcstats.com/fighter-details/5b5b9c6f6f270369
Keith,Mielke,,"5' 8""",185 lbs.,--,,0,5,0,,http://ufcstats.com/fighter-details/f62850b3c7480db9
Chris,Mierzwiak,,"6' 1""",185 lbs.,--,,5,3,0,,http://ufcstats.com/fighter-details/2b284840ca89876a
Gabriel,Miglioli,Biel,"5' 8""",170 lbs.,--,,9,9,0,,http://ufcstats.com/fighter-details/a6fa5dd90528e9f7
Bojan,Mihajlovic,,"5' 11""",205 lbs.,"73.0""",Orthodox,10,6,0,,http://ufcstats.com/fighter-details/d6285cba1d1052e0
Billy,Miles,The Kid,"5' 10""",170 lbs.,--,Orthodox,2,2,0,,http://ufcstats.com/fighter-details/3c48019bc387b80c
Pat,Miletich,The Croatian Sensation,"5' 10""",170 lbs.,--,Orthodox,29,7,2,,http://ufcstats.com/fighter-details/cedfdf8d423d500c
Curtis,Millender,Curtious,"6' 2""",170 lbs.,"76.0""",Orthodox,17,5,0,,http://ufcstats.com/fighter-details/f1928a52590c5532
Phillip,Miller,,"5' 11""",185 lbs.,--,Orthodox,16,0,0,,http://ufcstats.com/fighter-details/18aecaf50f52e4c3
Jason,Miller,Mayhem,"6' 1""",185 lbs.,--,Orthodox,23,10,0,,http://ufcstats.com/fighter-details/b2f88c04c4dd43ce
Dan,Miller,,"6' 1""",185 lbs.,"74.0""",Orthodox,14,8,0,,http://ufcstats.com/fighter-details/d0c29452d3272603
Jim,Miller,A-10,"5' 8""",155 lbs.,"71.0""",Southpaw,39,19,0,,http://ufcstats.com/fighter-details/d1941565abf50b16
Cole,Miller,Magrinho,"6' 1""",145 lbs.,"73.0""",Orthodox,21,11,0,,http://ufcstats.com/fighter-details/282fa667ff9c51ed
Henry,Miller,Sentoryu,"5' 7""",270 lbs.,--,Southpaw,6,16,0,,http://ufcstats.com/fighter-details/45a2ba3ef82b9700
Micah,Miller,Maverick,"6' 0""",145 lbs.,--,Orthodox,20,8,0,,http://ufcstats.com/fighter-details/3ff0d0dc7a14bb50
Aaron,Miller,Blood Spiller,"5' 9""",145 lbs.,--,,14,10,0,,http://ufcstats.com/fighter-details/a4d055f1435d6d75
Mo,Miller,Moshow,"5' 8""",135 lbs.,"72.0""",Orthodox,6,0,0,,http://ufcstats.com/fighter-details/39019970ac8543e9
Juliana,Miller,Killer,"5' 7""",125 lbs.,"66.0""",Orthodox,5,4,0,,http://ufcstats.com/fighter-details/aa0c573da7119292
Ty,Miller,Thriller,"6' 2""",170 lbs.,"77.0""",Orthodox,7,0,0,,http://ufcstats.com/fighter-details/0859524157a19045
Trent,Miller,The Terminator,"5' 9""",185 lbs.,"72.0""",Orthodox,8,3,0,,http://ufcstats.com/fighter-details/2b6a37a97541a4fd
Eddy,Millis,,"6' 1""",185 lbs.,--,,0,2,0,,http://ufcstats.com/fighter-details/f2c934689243fe4e
Che,Mills,Beautiful,"6' 1""",170 lbs.,"76.0""",Orthodox,16,10,0,,http://ufcstats.com/fighter-details/6cadfd8f1d9e7685
Adam,Milstead,The Prototype,"6' 3""",205 lbs.,"76.0""",Orthodox,8,4,0,,http://ufcstats.com/fighter-details/72ffecf712673af1
Alberto,Mina,Soldier of God,"6' 0""",170 lbs.,"77.0""",Orthodox,13,1,0,,http://ufcstats.com/fighter-details/4b1d46a1b5c0fd11
Vitaly,Minakov,,"6' 2""",249 lbs.,--,,20,0,0,,http://ufcstats.com/fighter-details/56c975c4a2b357a5
Yunosuke,Minami,,--,135 lbs.,--,,6,0,0,,http://ufcstats.com/fighter-details/9f2c07bd65fde55c
Artur,Minev,Headhunter,"5' 9""",155 lbs.,"69.0""",Orthodox,7,1,0,,http://ufcstats.com/fighter-details/20d37922ba85e6fc
Mario,Mingaj,,"6' 3""",185 lbs.,"78.0""",Orthodox,7,1,0,,http://ufcstats.com/fighter-details/1ccaeae54725d897
Darrick,Minner,,"5' 7""",145 lbs.,"69.0""",Orthodox,26,14,0,,http://ufcstats.com/fighter-details/34e516ab361afb1c
Mike,Minniger,,--,--,--,,0,0,0,,http://ufcstats.com/fighter-details/c8aa3541bec4042e
Ikuhisa,Minowa,Minowaman,"5' 9""",181 lbs.,--,Orthodox,60,42,8,,http://ufcstats.com/fighter-details/ce6065baef021cf3
Carlton,Minus,Clutch,"5' 10""",170 lbs.,"75.0""",Orthodox,10,3,0,,http://ufcstats.com/fighter-details/40d8b74488743800
Stipe,Miocic,,"6' 4""",240 lbs.,"80.0""",Orthodox,20,5,0,,http://ufcstats.com/fighter-details/d28dee5c705991df
Frank,Mir,,"6' 3""",264 lbs.,"79.0""",Southpaw,18,11,0,,http://ufcstats.com/fighter-details/1ff9589f9065a9ed
Juan,Miranda,,--,155 lbs.,--,,7,5,0,,http://ufcstats.com/fighter-details/be8ad887e4d674b0
Mario,Miranda,,"6' 3""",185 lbs.,"74.0""",Orthodox,14,7,0,,http://ufcstats.com/fighter-details/df2bf09c99594848
Vitor,Miranda,Lex Luthor,"6' 1""",185 lbs.,"77.0""",Orthodox,12,5,0,,http://ufcstats.com/fighter-details/4bcb6eb12b4ad4aa
Gabriel,Miranda,Fly,"5' 11""",145 lbs.,"71.0""",Orthodox,17,8,0,,http://ufcstats.com/fighter-details/b909a9a9688b5284
Damir,Mirenic,Wolf,"6' 0""",185 lbs.,--,Orthodox,9,4,0,,http://ufcstats.com/fighter-details/992c82450d96f726
Kazuo,Misaki,Hitman,"5' 8""",183 lbs.,--,Orthodox,25,11,2,,http://ufcstats.com/fighter-details/5e7a28f20927d64a
Toby,Misech,2 Quick,"5' 8""",145 lbs.,--,Southpaw,9,5,0,,http://ufcstats.com/fighter-details/3f87218a7aca84c4
Dokonjonosuke,Mishima,,"5' 7""",155 lbs.,--,Southpaw,21,7,2,,http://ufcstats.com/fighter-details/b14a68c533f4a4aa
Felix Lee,Mitchell,,--,--,--,Orthodox,2,7,0,,http://ufcstats.com/fighter-details/6cbb7661c3258617
David,Mitchell,Daudi,"6' 0""",170 lbs.,"75.0""",Orthodox,22,7,0,,http://ufcstats.com/fighter-details/8f3df4c579cfbb69
Danny,Mitchell,The Cheesecake Assassin,"6' 2""",170 lbs.,--,Orthodox,19,9,1,,http://ufcstats.com/fighter-details/c06d554ce1713fd3
Brad,Mitchell,,"5' 11""",145 lbs.,--,,4,2,0,,http://ufcstats.com/fighter-details/7263e0dc082adc87
Clay,Mitchell,,"6' 2""",185 lbs.,--,,1,2,0,,http://ufcstats.com/fighter-details/3d960455f880bb25
Bryce,Mitchell,Thug Nasty,"5' 10""",135 lbs.,"70.0""",Southpaw,18,4,0,,http://ufcstats.com/fighter-details/d9c6f19f958643e9
Maurice,Mitchell,The AK Kid,"5' 9""",145 lbs.,--,Orthodox,11,2,0,,http://ufcstats.com/fighter-details/568bebed6366b667
Terrence,Mitchell,,"5' 10""",135 lbs.,"74.0""",Orthodox,14,4,0,,http://ufcstats.com/fighter-details/f3ca6908f78efebe
Roman,Mitichyan,,"5' 10""",170 lbs.,--,Orthodox,8,3,0,,http://ufcstats.com/fighter-details/2961be02cfb0d2c1
Matt,Mitrione,,"6' 3""",265 lbs.,"82.0""",Switch,12,5,0,,http://ufcstats.com/fighter-details/ba280572acfba13f
Eiji,Mitsuoka,,"5' 7""",145 lbs.,--,Southpaw,18,9,2,,http://ufcstats.com/fighter-details/2b4faacc16d66898
Hiromitsu,Miura,,"5' 9""",170 lbs.,"71.0""",Orthodox,12,7,0,,http://ufcstats.com/fighter-details/509697e08673d2e5
Jonathan,Mix,,"6' 0""",168 lbs.,--,,7,4,0,,http://ufcstats.com/fighter-details/f64e4ecd214c6378
Patchy,Mix,No Love,"5' 11""",135 lbs.,"70.0""",Southpaw,20,3,0,,http://ufcstats.com/fighter-details/2cfba6c837c03ed0
Ryuho,Miyaguchi,,--,135 lbs.,--,,7,0,0,,http://ufcstats.com/fighter-details/f1a9c0998c683782
Tomoya,Miyashita,,"5' 7""",139 lbs.,--,Southpaw,17,9,7,,http://ufcstats.com/fighter-details/c9885b1b7c7055a0
Kazuyuki,Miyata,,"5' 8""",139 lbs.,--,Orthodox,15,9,0,,http://ufcstats.com/fighter-details/af70d268e5352186
Motoki,Miyazawa,,"5' 11""",168 lbs.,--,Southpaw,7,3,0,,http://ufcstats.com/fighter-details/9649d75defe0dedb
Takeya,Mizugaki,,"5' 7""",135 lbs.,"69.0""",Orthodox,21,11,2,,http://ufcstats.com/fighter-details/48e093ea1f43a053
,Mizuki,,"5' 3""",115 lbs.,"65.0""",Orthodox,16,6,0,,http://ufcstats.com/fighter-details/43a59ce3bb40449e
Tatsuya,Mizuno,,"6' 1""",205 lbs.,--,Southpaw,16,12,1,,http://ufcstats.com/fighter-details/478c8706bdb92440
Roxanne,Modafferi,The Happy Warrior,"5' 7""",125 lbs.,"69.0""",Orthodox,25,21,0,,http://ufcstats.com/fighter-details/4498b382c65a7faa
Bobby,Moffett,The Wolfman,"5' 10""",145 lbs.,"73.0""",Orthodox,13,5,0,,http://ufcstats.com/fighter-details/d76ad9a08c4408ff
Bronson,Mohika,,--,135 lbs.,--,,1,1,0,,http://ufcstats.com/fighter-details/65239fccecd03404
Nate,Mohr,,"5' 9""",155 lbs.,"72.0""",Orthodox,9,7,0,,http://ufcstats.com/fighter-details/04c15b52c3cc1cab
Renato,Moicano,,"5' 11""",155 lbs.,"72""",Orthodox,21,7,1,,http://ufcstats.com/fighter-details/b6452706b373eea1
Thiago,Moises,,"5' 9""",155 lbs.,"70.0""",Orthodox,19,10,0,,http://ufcstats.com/fighter-details/d945aae53e3e54e6
Muhammad,Mokaev,The Punisher,"5' 7""",125 lbs.,"70.0""",Orthodox,13,0,0,,http://ufcstats.com/fighter-details/75353550928a7921
Ashkan,Mokhtarian,The Assassin,"5' 6""",125 lbs.,"67.0""",Southpaw,13,3,0,,http://ufcstats.com/fighter-details/e9bc5748e6a76bb6
Suman,Mokhtarian,,"5' 8""",145 lbs.,"72.0""",Orthodox,8,5,0,,http://ufcstats.com/fighter-details/192520689012c7e4
Dan,Molina,,"5' 10""",216 lbs.,--,,13,9,0,,http://ufcstats.com/fighter-details/606136dee6f6ecea
Jeff,Molina,El Jefe,"5' 6""",125 lbs.,"69.0""",Orthodox,11,2,0,,http://ufcstats.com/fighter-details/008ea710276c9606
Rudyard,Moncayo,,"5' 10""",195 lbs.,--,Orthodox,0,3,0,,http://ufcstats.com/fighter-details/02d276b7d62b3472
Hidetaka,Monma,,"6' 0""",168 lbs.,--,Orthodox,18,11,4,,http://ufcstats.com/fighter-details/a8e133139286df84
Jeff,Monson,The Snowman,"5' 9""",247 lbs.,"74.0""",Orthodox,60,26,1,,http://ufcstats.com/fighter-details/cbfd1d34356a004c
Darrell,Montague,Mongoose,"5' 6""",125 lbs.,"67.0""",Southpaw,13,5,0,,http://ufcstats.com/fighter-details/bffeb123b21c9aad
Michelle,Montague,The Wild One,"5' 9""",135 lbs.,"68.0""",Southpaw,8,0,0,,http://ufcstats.com/fighter-details/ca80d72da81d7224
Andrew,Montanez,,--,185 lbs.,--,,9,12,1,,http://ufcstats.com/fighter-details/72c9c2eadfc3277e
Jose,Montanha,,--,265 lbs.,--,,6,1,0,,http://ufcstats.com/fighter-details/4e30f2761b6bd3b5
Augusto,Montano,Dodger,"6' 1""",170 lbs.,"73.0""",Orthodox,15,3,0,,http://ufcstats.com/fighter-details/94508d80e1f885fc
Erick,Montano,Perry,"6' 0""",170 lbs.,"73.0""",Orthodox,7,5,0,,http://ufcstats.com/fighter-details/8163cd7de0342652
Nicco,Montano,,"5' 5""",135 lbs.,"65.0""",Southpaw,5,3,0,,http://ufcstats.com/fighter-details/1de9ad94de18eeaf
Antonio,Monteiro,Junior Negao,"5' 7""",145 lbs.,"70.0""",Orthodox,17,5,1,,http://ufcstats.com/fighter-details/3e38b1ea16bd4d86
Sofia,Montenegro,La Bruja,"5' 6""",115 lbs.,"67""",Orthodox,6,2,0,,http://ufcstats.com/fighter-details/8b1b051038354655
Alberto,Montes,The Promise,"5' 7""",145 lbs.,"69.0""",Orthodox,12,1,0,,http://ufcstats.com/fighter-details/a112097ad877a48f
Steve,Montgomery,The Creepy Weasel,"6' 4""",185 lbs.,--,Southpaw,9,5,0,,http://ufcstats.com/fighter-details/6e92eb1242b46636
James,Moontasri,Moon Walker,"5' 10""",170 lbs.,"71.0""",Switch,9,5,0,,http://ufcstats.com/fighter-details/c06a9b48d4132c8e
Homer,Moore,The Rock,"5' 10""",205 lbs.,--,Orthodox,26,9,2,,http://ufcstats.com/fighter-details/e56df3c1d8b4b1cc
Todd,Moore,,"5' 9""",170 lbs.,"71.0""",Southpaw,16,7,0,,http://ufcstats.com/fighter-details/e31502e3f79d00c5
Nate,Moore,,"6' 0""",170 lbs.,--,,8,4,0,,http://ufcstats.com/fighter-details/518e5202a91980d4
Dustin,Moore,,"5' 4""",125 lbs.,--,,0,2,0,,http://ufcstats.com/fighter-details/831de97afe326478
Taylor,Moore,,"5' 10""",135 lbs.,"70.0""",Southpaw,10,5,0,,http://ufcstats.com/fighter-details/26927dab41dbd5fc
Sergio,Moraes,The Panther,"6' 0""",170 lbs.,"72.0""",Orthodox,14,6,1,,http://ufcstats.com/fighter-details/1bcaac2d99b90fce
Marlon,Moraes,Magic,"5' 6""",135 lbs.,"67.0""",Orthodox,23,10,1,,http://ufcstats.com/fighter-details/fea79f9bc8c68769
Sheymon,Moraes,,"5' 8""",145 lbs.,"72.0""",Orthodox,11,4,0,,http://ufcstats.com/fighter-details/0d62719b1dcf7c40
John,Moraga,,"5' 6""",125 lbs.,"66.0""",Orthodox,19,7,0,,http://ufcstats.com/fighter-details/92437c6775b3f7d1
Ricardo,Morais,The Mutant,"6' 8""",270 lbs.,--,Orthodox,10,4,1,,http://ufcstats.com/fighter-details/2dc7f1762dc0a7ef
Leonardo,Morales,Chimy,"5' 8""",135 lbs.,--,Southpaw,6,2,0,,http://ufcstats.com/fighter-details/45230be0641f3f53
Albert,Morales,The Warrior,"5' 9""",135 lbs.,"72.0""",Orthodox,7,4,1,,http://ufcstats.com/fighter-details/544d7460b3e44393
Joseph,Morales,Bopo,"5' 6""",125 lbs.,"69""",Switch,15,2,0,,http://ufcstats.com/fighter-details/2fe9032955c2e013
Vince,Morales,Vandetta,"5' 7""",135 lbs.,"70.0""",Orthodox,16,11,0,,http://ufcstats.com/fighter-details/37098a6e6c27fb66
Omar,Morales,Venezuelan Fighter,"5' 11""",155 lbs.,"73.0""",Orthodox,11,4,0,,http://ufcstats.com/fighter-details/a0e6753c42698f13
Michael,Morales,,"6' 0""",170 lbs.,"79.0""",Orthodox,19,0,0,,http://ufcstats.com/fighter-details/c32aeb1a59e6272d
Sarah,Moras,Cheesecake,"5' 7""",135 lbs.,"67.0""",Orthodox,6,8,0,,http://ufcstats.com/fighter-details/539ed332b3078821
Christian,Morecraft,,"6' 6""",260 lbs.,"81.0""",Orthodox,8,3,0,,http://ufcstats.com/fighter-details/80779d7441af1b52
Joe,Moreira,,"5' 11""",195 lbs.,--,Southpaw,2,2,0,,http://ufcstats.com/fighter-details/df85d6ec3493d120
Richardson,Moreira,Rick Monstro,"6' 2""",185 lbs.,--,Orthodox,7,4,0,,http://ufcstats.com/fighter-details/9147679e1a4ad4a3
Gisele,Moreira,,"5' 6""",135 lbs.,--,Orthodox,8,3,0,,http://ufcstats.com/fighter-details/6a125ba3ec37e27e
Vinicius,Moreira,Mamute,"6' 4""",205 lbs.,"76.0""",Orthodox,9,5,0,,http://ufcstats.com/fighter-details/acb36c908d415c4a
Jesse,Moreng,Arturo,"5' 7""",145 lbs.,--,Orthodox,9,1,0,,http://ufcstats.com/fighter-details/2e2cdb6e9eb84bb9
Brandon,Moreno,The Assassin Baby,"5' 7""",125 lbs.,"70""",Orthodox,23,10,2,,http://ufcstats.com/fighter-details/792be9a24df82ed6
Mike,Moreno,El Palo Duro,"6' 0""",185 lbs.,--,,6,5,0,,http://ufcstats.com/fighter-details/bb2eee4fb3259c01
Dan,Moret,The Hitman,"6' 0""",155 lbs.,"73.0""",Southpaw,13,6,0,,http://ufcstats.com/fighter-details/66e98b3bb5fc5250
Sammy,Morgan,The Squeeze,"5' 10""",170 lbs.,--,Orthodox,18,12,0,,http://ufcstats.com/fighter-details/2067a177a2842fbf
Peggy,Morgan,The Daywalker,"6' 1""",135 lbs.,--,,4,4,0,,http://ufcstats.com/fighter-details/92b36014314b028b
Alexander,Morgan,The Chess Master,"5' 10""",145 lbs.,"71.0""",Orthodox,11,5,0,,http://ufcstats.com/fighter-details/938ea36fe9c269f0
Alex,Morono,The Great White,"5' 11""",170 lbs.,"72.0""",Orthodox,24,13,0,,http://ufcstats.com/fighter-details/cdb96af67d096b1e
Maryna,Moroz,Iron Lady,"5' 7""",125 lbs.,"67.0""",Orthodox,11,6,0,,http://ufcstats.com/fighter-details/b4192a975027aab6
Sergey,Morozov,,"5' 6""",135 lbs.,"67.0""",Orthodox,19,5,0,,http://ufcstats.com/fighter-details/2f6a993c7f547c13
Brad,Morris,,"6' 2""",205 lbs.,--,Orthodox,10,6,0,,http://ufcstats.com/fighter-details/6803d4d6908354ac
Scott,Morris,,"5' 10""",210 lbs.,--,Orthodox,2,1,0,,http://ufcstats.com/fighter-details/be9d259be012e8a4
Anthony,Morrison,Cheesesteak,"5' 7""",145 lbs.,--,Orthodox,20,12,0,,http://ufcstats.com/fighter-details/dab0e6cb8c932162
Jack,Morrison,,"5' 11""",205 lbs.,--,,0,3,0,,http://ufcstats.com/fighter-details/38fccd44d669bb2f
Harry,Moskowitz,Dirty,"6' 5""",275 lbs.,--,Orthodox,6,12,0,,http://ufcstats.com/fighter-details/4dc496aa0cfc0d95
Carlos,Mota,Tizil,"5' 4""",125 lbs.,"69.0""",Orthodox,8,2,0,,http://ufcstats.com/fighter-details/b15862fcd6ded451
Miki,Motono,,"5' 2""",115 lbs.,"63.0""",Southpaw,8,5,0,,http://ufcstats.com/fighter-details/a5fa51a81d0c5ed9
Juan,Mott,,"6' 0""",190 lbs.,--,Switch,3,4,0,,http://ufcstats.com/fighter-details/5da4e8dc02e50ac0
Nikolas,Motta,Iron,"5' 9""",155 lbs.,"70.0""",Orthodox,15,6,0,,http://ufcstats.com/fighter-details/37f560436d745c18
Flavio Luiz,Moura,,"5' 11""",183 lbs.,--,Open Stance,19,7,0,,http://ufcstats.com/fighter-details/ab35634d1a8c7a11
Eduarda,Moura,Ronda,"5' 6""",125 lbs.,"67""",Orthodox,12,2,0,,http://ufcstats.com/fighter-details/de594b35c45c2e9a
Gegard,Mousasi,,"6' 2""",185 lbs.,"76.0""",Orthodox,42,6,2,,http://ufcstats.com/fighter-details/232c582f29f8f65e
Kris,Moutinho,,"5' 7""",135 lbs.,"68.0""",Southpaw,14,8,0,,http://ufcstats.com/fighter-details/9c27f3217891f3f0
Kin,Moy,Kong,"5' 5""",135 lbs.,--,,8,3,0,,http://ufcstats.com/fighter-details/ae922e7d9e852d7a
Jamie,Moyle,,"5' 1""",115 lbs.,"65.0""",Orthodox,4,3,0,,http://ufcstats.com/fighter-details/882d62561063a927
Askar,Mozharov,,"6' 3""",205 lbs.,"74.0""",Orthodox,19,13,0,,http://ufcstats.com/fighter-details/e92901944ce91909
Garrett,Mueller,,"5' 9""",135 lbs.,--,,3,3,0,,http://ufcstats.com/fighter-details/d0c325dfefdde31f
Lauren,Mueller,Princess Tiger,"5' 5""",125 lbs.,"67.0""",Orthodox,5,3,0,,http://ufcstats.com/fighter-details/f923e012414c883e
Belal,Muhammad,Remember the Name,"5' 11""",170 lbs.,"72.0""",Orthodox,24,5,0,,http://ufcstats.com/fighter-details/b1b0729d27936f2f
Fazlo,Mulabitinovic,,--,135 lbs.,--,,4,2,0,,http://ufcstats.com/fighter-details/2252b2c892397f0d
Quinn,Mulhern,,"6' 3""",155 lbs.,--,Orthodox,18,4,0,,http://ufcstats.com/fighter-details/16af2d5a6f28bee2
James,Mulheron,,"5' 10""",243 lbs.,"73.0""",Orthodox,11,2,0,,http://ufcstats.com/fighter-details/8d5350fa18b79e9a
Jamie,Mullarkey,,"6' 0""",155 lbs.,"74.0""",Orthodox,18,9,0,,http://ufcstats.com/fighter-details/af9f42e6894047fc
Jim,Mullen,,"6' 1""",215 lbs.,--,Southpaw,0,2,0,,http://ufcstats.com/fighter-details/1a49e0670dfaca31
Melissa,Mullins,No Mess,"5' 7""",135 lbs.,"68.0""",Orthodox,7,2,0,,http://ufcstats.com/fighter-details/bd532e9a2b93870c
Ananias,Mulumba,Metal,"5' 5""",145 lbs.,"70.0""",Switch,9,3,0,,http://ufcstats.com/fighter-details/a59bc10f5e9f5fbb
Pedro,Munhoz,The Young Punisher,"5' 6""",135 lbs.,"65.0""",Orthodox,20,10,0,,http://ufcstats.com/fighter-details/6bd02119599741a4
Andre,Muniz,Sergipano,"6' 1""",185 lbs.,"78.0""",Southpaw,24,8,0,,http://ufcstats.com/fighter-details/886264a0c9f4ea5e
Mark,Munoz,The Filipino Wrecking Machine,"6' 0""",185 lbs.,"71.0""",Orthodox,14,6,0,,http://ufcstats.com/fighter-details/179f1948dc234f1f
Alexander,Munoz,,"5' 9""",155 lbs.,"72.0""",Switch,7,2,0,,http://ufcstats.com/fighter-details/f8f1ec513bcfef43
Johnny,Munoz,Kid Kvenbo,"5' 9""",135 lbs.,"71.0""",Orthodox,12,4,0,,http://ufcstats.com/fighter-details/f6bcbd91b114ff58
Andy,Murad,The Tooth Fairy,"5' 9""",185 lbs.,--,,15,2,0,,http://ufcstats.com/fighter-details/fd0b4e3eb18eafb7
Olivier,Murad,Warrior of God,"5' 10""",145 lbs.,"72.0""",Southpaw,6,0,0,,http://ufcstats.com/fighter-details/c3dd69333eb8085a
Makhmud,Muradov,,"6' 2""",185 lbs.,"75.0""",Orthodox,26,8,0,,http://ufcstats.com/fighter-details/ea7e5bc78d9de658
Kazunari,Murakami,,"6' 1""",220 lbs.,--,Orthodox,5,5,0,,http://ufcstats.com/fighter-details/cfbccfed4e4796fe
Ryuichi,Murata,,"5' 8""",183 lbs.,--,Orthodox,8,3,1,,http://ufcstats.com/fighter-details/e3a6c6d6d0ac0815
Kanako,Murata,,"5' 1""",115 lbs.,"62.0""",Orthodox,12,3,0,,http://ufcstats.com/fighter-details/e0b0cf71e0d69dd0
Ailiya,Muratbek,,--,155 lbs.,--,,9,2,0,,http://ufcstats.com/fighter-details/9b6dcc335ad03696
Kasib,Murdoch,Murder,--,135 lbs.,--,,7,0,0,,http://ufcstats.com/fighter-details/3a51f8d30900b580
Vince,Murdock,,"5' 6""",145 lbs.,"64.0""",Orthodox,12,4,0,,http://ufcstats.com/fighter-details/4b90384d7c3519b8
Samandar,Murodov,,"6' 1""",170 lbs.,"75.0""",Orthodox,11,0,0,,http://ufcstats.com/fighter-details/6f4d199c0adc06f5
Tom,Murphy,,"6' 2""",227 lbs.,--,Southpaw,8,0,0,,http://ufcstats.com/fighter-details/62918a2118de08b2
Ian,Murphy,,"6' 1""",185 lbs.,--,Orthodox,1,1,0,,http://ufcstats.com/fighter-details/de25520d54eab12d
Jon,Murphy,Man of Faith,"6' 3""",260 lbs.,--,Orthodox,6,4,0,,http://ufcstats.com/fighter-details/1b5c146ee7b86e34
Lauren,Murphy,Lucky,"5' 5""",125 lbs.,"67.0""",Orthodox,16,7,0,,http://ufcstats.com/fighter-details/729d4bd5a6cd0a97
Patrick,Murphy,,"6' 0""",170 lbs.,--,,5,3,0,,http://ufcstats.com/fighter-details/eca7e064746c161a
Lerone,Murphy,The Miracle,"5' 9""",145 lbs.,"73.0""",Orthodox,17,1,1,,http://ufcstats.com/fighter-details/396fe87b84ac2e1c
Lee,Murray,Lightning,"6' 3""",185 lbs.,--,Orthodox,8,2,1,,http://ufcstats.com/fighter-details/32016899d0a222a3
Jesse,Murray,Hollywood,"6' 3""",205 lbs.,"78.0""",Orthodox,8,4,0,,http://ufcstats.com/fighter-details/d0147e906106cd2e
Khalid,Murtazaliev,,"6' 0""",185 lbs.,"76.0""",Orthodox,14,2,0,,http://ufcstats.com/fighter-details/231cae8b77fbbcc1
Azamat,Murzakanov,The Professional,"5' 10""",205 lbs.,"71""",Southpaw,16,1,0,,http://ufcstats.com/fighter-details/e90a2f22417af68e
Josias,Musasa,The KO Wizard,"5' 8""",135 lbs.,"74.0""",Southpaw,8,2,0,,http://ufcstats.com/fighter-details/723b64c0e9a8f348
Tofiq,Musayev,,"5' 9""",155 lbs.,"69.0""",Orthodox,23,6,0,,http://ufcstats.com/fighter-details/ae81a3ac7b260411
Nicholas,Musoke,Nico,"6' 0""",170 lbs.,"75.0""",Orthodox,13,5,0,,http://ufcstats.com/fighter-details/8b5f9ea38184ded3
Andre,Mussi,,"6' 3""",242 lbs.,--,Orthodox,11,5,0,,http://ufcstats.com/fighter-details/d0d43cb9b14f231c
Magomed,Mustafaev,The Sniper,"5' 8""",155 lbs.,"71.0""",Orthodox,14,4,0,,http://ufcstats.com/fighter-details/31d7446b184e3305
Max,Mustaki,,"6' 0""",155 lbs.,--,Orthodox,6,3,0,,http://ufcstats.com/fighter-details/f4c40f8a64d3151d
Elvis,Mutapcic,The King,"6' 0""",185 lbs.,"72.0""",Orthodox,15,6,1,,http://ufcstats.com/fighter-details/28c55b4087a6f136
Fiona,Muxlow,,"5' 4""",145 lbs.,--,,6,3,0,,http://ufcstats.com/fighter-details/062e57ca1a3c95a8
Ho Bae,Myeon,,"5' 11""",168 lbs.,--,Orthodox,13,5,1,,http://ufcstats.com/fighter-details/2719f300b0439039
Katsuhiko,Nagata,,"5' 7""",154 lbs.,--,Southpaw,6,7,3,,http://ufcstats.com/fighter-details/d5ae8074631762fc
Yuji,Nagata,,"6' 0""",225 lbs.,--,Orthodox,0,2,0,,http://ufcstats.com/fighter-details/e49c2db95e572dc8
Greg,Nagy,,"6' 1""",210 lbs.,--,Orthodox,1,3,0,,http://ufcstats.com/fighter-details/342422bb6ced1e8d
Logan,Nail,,--,185 lbs.,--,,1,1,0,,http://ufcstats.com/fighter-details/47e0b5833e6bc91a
Muhammad,Naimov,Hillman,"5' 9""",145 lbs.,"70""",Orthodox,13,4,0,,http://ufcstats.com/fighter-details/8d11d9c13e2ccdf7
Yukiya,Naito,,"6' 1""",205 lbs.,--,Orthodox,15,6,2,,http://ufcstats.com/fighter-details/7be328bb3c2ea22e
Yura,Naito,2 FACE,"6' 0""",185 lbs.,"74.0""",Orthodox,6,1,0,,http://ufcstats.com/fighter-details/50c469e0cb73be10
Andrews,Nakahara,,"6' 1""",185 lbs.,--,Orthodox,5,4,2,,http://ufcstats.com/fighter-details/7a9ca95a92d7b64c
Rin,Nakai,,"5' 1""",135 lbs.,--,Orthodox,19,2,1,,http://ufcstats.com/fighter-details/f9ae6914f604aa9f
Kazuhiro,Nakamura,Kaz,"5' 11""",205 lbs.,"70.0""",Orthodox,21,13,0,,http://ufcstats.com/fighter-details/b034747dc1d15491
Keita,Nakamura,K-Taro,"5' 11""",170 lbs.,"73.0""",Southpaw,34,10,2,,http://ufcstats.com/fighter-details/65ddc8a9ac4e8531
Daisuke,Nakamura,,"5' 7""",154 lbs.,--,Orthodox,28,19,1,,http://ufcstats.com/fighter-details/a196332ee4aa8a82
Yusaku,Nakamura,,"5' 5""",145 lbs.,--,,14,4,1,,http://ufcstats.com/fighter-details/03e8df49c4a059ba
Rinya,Nakamura,Hybred,"5' 7""",135 lbs.,"68""",Southpaw,10,1,0,,http://ufcstats.com/fighter-details/d8c811df0386d5e8
Keiichiro,Nakamura,,"5' 10""",145 lbs.,"70.0""",Southpaw,8,1,0,,http://ufcstats.com/fighter-details/3618e0632ecdba9c
Tokitaka,Nakanishi,Toky,"5' 6""",135 lbs.,"66.0""",Orthodox,12,4,0,,http://ufcstats.com/fighter-details/eb9446a4f44e19cf
Jutaro,Nakao,,"5' 9""",170 lbs.,--,Southpaw,25,19,4,,http://ufcstats.com/fighter-details/95eb112a85601a0a
Yoshihiro,Nakao,Kiss,"6' 0""",220 lbs.,--,Southpaw,9,3,0,,http://ufcstats.com/fighter-details/e18012194473e8b0
Mandel,Nallo,Mango,"6' 0""",155 lbs.,"75""",Orthodox,14,4,0,,http://ufcstats.com/fighter-details/8f4528c10bd34fab
Yui Chul,Nam,The Korean Bulldozer,"5' 9""",145 lbs.,--,Orthodox,18,8,1,,http://ufcstats.com/fighter-details/a00ec21cfbba17b6
Tyson,Nam,,"5' 7""",125 lbs.,"68.0""",Orthodox,21,14,1,,http://ufcstats.com/fighter-details/6e00cfffd54653c4
Rose,Namajunas,Thug,"5' 5""",125 lbs.,"65.0""",Orthodox,15,8,0,,http://ufcstats.com/fighter-details/47b63240018d5d86
Yasuhito,Namekawa,,"5' 9""",205 lbs.,--,Orthodox,25,16,4,,http://ufcstats.com/fighter-details/6083f497c22cc075
Nad,Narimani,Smiler,"5' 8""",145 lbs.,"70.0""",Orthodox,12,4,0,,http://ufcstats.com/fighter-details/776a58a67665a171
Roger,Narvaez,Silverback,"6' 3""",185 lbs.,--,Southpaw,8,3,0,,http://ufcstats.com/fighter-details/3a12a2f096a6d975
Fabio,Nascimento,Negao,"5' 10""",185 lbs.,--,Orthodox,11,6,0,,http://ufcstats.com/fighter-details/307064d3e0f036c2
Allan,Nascimento,Puro Osso,"5' 8""",125 lbs.,"69.0""",Orthodox,22,6,0,,http://ufcstats.com/fighter-details/253076a23d03dcd0
Rodrigo,Nascimento,Ze Colmeia,"6' 2""",246 lbs.,"80.0""",Orthodox,11,3,0,,http://ufcstats.com/fighter-details/d31a5546c0e9b213
Bobby,Nash,,"6' 0""",170 lbs.,"74.0""",Orthodox,8,4,0,,http://ufcstats.com/fighter-details/7dfb56f24fe5ddea
Reza,Nasri,,"5' 11""",205 lbs.,--,Orthodox,0,1,0,,http://ufcstats.com/fighter-details/d41937647eae9a34
Nasrudin,Nasrudinov,,"6' 0""",205 lbs.,"71.0""",Orthodox,9,1,0,,http://ufcstats.com/fighter-details/769fa803bf9d2e3b
Pawel,Nastula,,"6' 0""",230 lbs.,--,Southpaw,5,6,0,,http://ufcstats.com/fighter-details/154a6b3ffae264cd
Rafael,Natal,Sapo,"6' 0""",185 lbs.,"77.0""",Orthodox,21,9,1,,http://ufcstats.com/fighter-details/0dba4df5f34d5ff0
Kevin,Natividad,Quicksand,"5' 6""",135 lbs.,"70.0""",Orthodox,9,4,0,,http://ufcstats.com/fighter-details/0c258d1d8e16e5f1
Ismail,Naurdiev,,"5' 10""",185 lbs.,"74""",Orthodox,25,8,0,,http://ufcstats.com/fighter-details/6a96ad1bc34fb113
Danny,Navarro,,"5' 10""",155 lbs.,--,,17,7,0,,http://ufcstats.com/fighter-details/618f72750ec50b05
Marcio,Navarro,The Locomotive,"6' 0""",155 lbs.,--,,14,14,0,,http://ufcstats.com/fighter-details/52f7d300738961ac
Tafon,Nchukwi,Da Don,"6' 0""",185 lbs.,"77.0""",Orthodox,6,4,0,,http://ufcstats.com/fighter-details/6aae253467e8f9ce
Dustin,Neace,The Beast,"5' 9""",145 lbs.,"69.0""",,25,21,1,,http://ufcstats.com/fighter-details/e503aa5c252a1b4d
Josh,Neal,,"6' 0""",185 lbs.,--,,5,11,0,,http://ufcstats.com/fighter-details/0b534765dca35e71
Joe,Neal,Nine Lives,"5' 6""",135 lbs.,--,,6,2,0,,http://ufcstats.com/fighter-details/5751267660c734cb
Geoff,Neal,Handz of Steel,"5' 11""",170 lbs.,"75.0""",Southpaw,16,8,0,,http://ufcstats.com/fighter-details/b997be68943010fc
Stanislav,Nedkov,Stucky,"5' 11""",205 lbs.,"71.0""",Orthodox,12,2,0,,http://ufcstats.com/fighter-details/1d4bbaabd8b60173
Josh,Neer,The Dentist,"5' 11""",170 lbs.,"72.0""",Orthodox,36,16,1,,http://ufcstats.com/fighter-details/d1a1314976c50bef
Nicolae,Negumereanu,,"6' 0""",205 lbs.,"78.0""",Orthodox,13,2,0,,http://ufcstats.com/fighter-details/8c57c7b8c3bab0eb
Steve,Nelmark,The Sandman,"6' 0""",240 lbs.,--,Orthodox,2,1,0,,http://ufcstats.com/fighter-details/13e62d766b709aa6
Shane,Nelson,Sugar,"5' 9""",155 lbs.,"70.0""",Southpaw,16,7,0,,http://ufcstats.com/fighter-details/2db7fa8db6bc9632
Roy,Nelson,Big Country,"6' 0""",263 lbs.,"73.0""",Orthodox,22,14,0,,http://ufcstats.com/fighter-details/3f7c14c7eca7195d
Gunnar,Nelson,Gunni,"5' 11""",170 lbs.,"72.0""",Switch,19,6,1,,http://ufcstats.com/fighter-details/fd55393021a8c255
Kyle,Nelson,The Monster,"5' 11""",155 lbs.,"71.0""",Switch,17,7,1,,http://ufcstats.com/fighter-details/31f8081c7600da93
Lissette,Neri,,"5' 2""",145 lbs.,--,,6,4,0,,http://ufcstats.com/fighter-details/f4db63258ecf0613
Mario,Neto,Sukata,"6' 0""",229 lbs.,--,Orthodox,13,5,0,,http://ufcstats.com/fighter-details/1209b5134401ca53
Antonio Braga,Neto,,"6' 3""",185 lbs.,"77.0""",Orthodox,9,3,0,,http://ufcstats.com/fighter-details/fae67903c4fe636b
Eduardo,Neves,Bebezao,"6' 2""",263 lbs.,"78.0""",Orthodox,7,2,0,,http://ufcstats.com/fighter-details/1d688fa375d9431c
Julio Cesar,Neves Jr.,Morceguinho,"5' 8""",145 lbs.,--,,33,1,0,,http://ufcstats.com/fighter-details/195d0d3e14a2e256
Nick,Newell,Notorious,"5' 10""",155 lbs.,--,Southpaw,14,2,0,,http://ufcstats.com/fighter-details/f562238becb9ec50
Journey,Newson,,"5' 5""",135 lbs.,"67.0""",Orthodox,10,5,0,,http://ufcstats.com/fighter-details/78f485f851891d68
Jeff,Newton,,"6' 2""",205 lbs.,--,Sideways,4,2,0,,http://ufcstats.com/fighter-details/94609dd91731d428
Carlos,Newton,The Ronin,"5' 9""",170 lbs.,--,Orthodox,16,14,0,,http://ufcstats.com/fighter-details/952f6fa06f25a0ec
Emanuel,Newton,The Hardcore Kid,"6' 1""",205 lbs.,--,,26,12,1,,http://ufcstats.com/fighter-details/fbbbc68d368832fa
Francis,Ngannou,The Predator,"6' 4""",250 lbs.,"83.0""",Orthodox,17,3,0,,http://ufcstats.com/fighter-details/8d03ce87ca14e778
Nghiem,Van Y,,"5' 7""",135 lbs.,"68.0""",Orthodox,6,2,0,,http://ufcstats.com/fighter-details/fd08d6536b7b91f0
Ben,Nguyen,Ten,"5' 5""",125 lbs.,"65.0""",Switch,16,8,0,,http://ufcstats.com/fighter-details/840d2c82ea68b9aa
Steven,Nguyen,The Ninja,"5' 11""",145 lbs.,"73.0""",Switch,10,2,0,,http://ufcstats.com/fighter-details/69037fc7730e4225
Alex,Nicholson,The Spartan,"6' 4""",185 lbs.,"77.0""",Orthodox,7,4,0,,http://ufcstats.com/fighter-details/2b6d855c6e280fb1
Bo,Nickal,,"6' 1""",185 lbs.,"76.0""",Southpaw,8,1,0,,http://ufcstats.com/fighter-details/35673bf5204524ee
Mike,Nickels,,"6' 4""",205 lbs.,--,Orthodox,9,5,0,,http://ufcstats.com/fighter-details/330ec26453c44a59
Matheus,Nicolau,,"5' 6""",125 lbs.,"66.0""",Orthodox,19,6,1,,http://ufcstats.com/fighter-details/1a31ef98efce7a79
Stewart,Nicoll,Kakamora,"5' 5""",125 lbs.,"65.0""",Orthodox,8,3,0,,http://ufcstats.com/fighter-details/2bd98ab77a8daa75
Jaimelene,Nievera,Queenie,"5' 5""",125 lbs.,--,Orthodox,7,4,0,,http://ufcstats.com/fighter-details/3edf45e1717fa764
Khomkrit,Niimi,The Bumblebee,"5' 2""",125 lbs.,--,,6,10,0,,http://ufcstats.com/fighter-details/52a003d768f10d91
Tom,Niinimaki,Stoneface,"5' 9""",145 lbs.,"69.0""",Orthodox,22,8,1,,http://ufcstats.com/fighter-details/5fceb45939fc0c8a
Ramsey,Nijem,,"5' 11""",155 lbs.,"75.0""",Orthodox,9,6,0,,http://ufcstats.com/fighter-details/22aa91e402d0fe1f
Hans,Nijman,,"6' 0""",250 lbs.,--,Switch,9,7,0,,http://ufcstats.com/fighter-details/4956f60b7fa57c1a
Fedor,Nikolov,,--,--,--,,0,0,0,,http://ufcstats.com/fighter-details/346f789951e85f3f
Jack,Nilson,,--,--,--,,2,6,0,,http://ufcstats.com/fighter-details/53e533db1b8e9712
Mats,Nilsson,,"6' 1""",170 lbs.,--,Orthodox,11,4,1,,http://ufcstats.com/fighter-details/a9bcf8717dd12532
Guangyou,Ning,Smasher,"5' 4""",145 lbs.,"64.0""",Southpaw,5,4,1,,http://ufcstats.com/fighter-details/2c1170b825f58e57
Soichi,Nishida,,"5' 11""",320 lbs.,--,Orthodox,5,10,1,,http://ufcstats.com/fighter-details/6810d8d2dd557cf9
Yosuke,Nishijima,,"5' 9""",205 lbs.,--,Orthodox,0,5,0,,http://ufcstats.com/fighter-details/5cde96e0a1a1fffe
Yamato,Nishikawa,,"5' 7""",155 lbs.,--,Orthodox,21,3,6,,http://ufcstats.com/fighter-details/7beecbe0a08cf002
Akiyo,Nishiura,Wicky Akiyo,"5' 8""",139 lbs.,--,Southpaw,13,8,1,,http://ufcstats.com/fighter-details/6c9383ffab2725a5
Anthony,Njokuani,The Assassin,"6' 1""",155 lbs.,"75.0""",Orthodox,16,12,0,,http://ufcstats.com/fighter-details/6bf5a7d3e081ade2
Chidi,Njokuani,Bang Bang,"6' 3""",170 lbs.,"80.0""",Orthodox,25,12,0,,http://ufcstats.com/fighter-details/c68c68efaa5ca6ef
Derrick,Noble,The Eraser,"5' 9""",170 lbs.,--,Southpaw,27,15,1,,http://ufcstats.com/fighter-details/21321cdfba797c52
Kyle,Noblitt,,"6' 2""",243 lbs.,--,,11,2,0,,http://ufcstats.com/fighter-details/4acf03bdec2025d7
Pedro,Nobre,The Rock,"5' 5""",135 lbs.,--,,18,4,2,,http://ufcstats.com/fighter-details/e983c62faf677ab2
Jacob,Noe,Psycho,--,205 lbs.,--,,3,11,0,,http://ufcstats.com/fighter-details/9bff1b4c37ebbede
Antonio Rodrigo,Nogueira,Minotauro,"6' 3""",240 lbs.,"77.0""",Orthodox,34,10,1,,http://ufcstats.com/fighter-details/ee9d73f4fee9cbdd
Rogerio,Nogueira,Minotouro,"6' 2""",205 lbs.,"75.0""",Southpaw,23,10,0,,http://ufcstats.com/fighter-details/73e09f837f3b5ecc
Alexandre Franca,Nogueira,Pequeno,"5' 7""",145 lbs.,--,Orthodox,18,6,3,,http://ufcstats.com/fighter-details/4c27ca8c8481f79a
Talita,Nogueira,Treta,"5' 10""",145 lbs.,--,,6,0,0,,http://ufcstats.com/fighter-details/a3d1d060f9af97fe
Kyle,Noke,,"6' 1""",170 lbs.,"76.0""",Southpaw,22,10,1,,http://ufcstats.com/fighter-details/7339d340aa2889cb
Tom,Nolan,Big Train,"6' 3""",155 lbs.,"73.0""",Southpaw,10,1,0,,http://ufcstats.com/fighter-details/6c3b2525436cf5d4
Eric,Nolan,Night Time,"6' 2""",170 lbs.,"74""",Orthodox,8,5,0,,http://ufcstats.com/fighter-details/64b12fe31be7560c
Nick,Nolte,,"6' 0""",170 lbs.,--,,5,4,0,,http://ufcstats.com/fighter-details/d665de9b4da87c22
KJ,Noons,King,"5' 10""",155 lbs.,"70.0""",Orthodox,13,9,0,,http://ufcstats.com/fighter-details/b7ffa72aa148599a
Sage,Northcutt,Super,"6' 0""",170 lbs.,"71.0""",Orthodox,11,2,0,,http://ufcstats.com/fighter-details/ed9d8ee3a4239b1c
Jan,Nortje,The Giant,"6' 1""",310 lbs.,--,Southpaw,2,6,0,,http://ufcstats.com/fighter-details/bd4389b71fdc0ce2
Scott,Norton,Hollywood,"5' 10""",170 lbs.,--,Orthodox,7,1,0,,http://ufcstats.com/fighter-details/f21a3d68fb9df387
Shohei,Nose,,"5' 6""",135 lbs.,"68.0""",Switch,12,5,2,,http://ufcstats.com/fighter-details/6b0e83b094f816ac
Jonatas,Novaes,,"5' 11""",170 lbs.,--,,13,5,0,,http://ufcstats.com/fighter-details/9e8e5c529057fe60
Jason,Novelli,Flipside,"6' 0""",155 lbs.,--,Orthodox,11,3,1,,http://ufcstats.com/fighter-details/459e4dc69ec669b2
Phillipe,Nover,The Filipino Assassin,"5' 9""",145 lbs.,"72.0""",Orthodox,11,8,1,,http://ufcstats.com/fighter-details/64360e618823a8e4
Shayilan,Nuerdanbieke,Wolverine,"5' 8""",145 lbs.,"69.0""",Orthodox,39,12,0,,http://ufcstats.com/fighter-details/0a73acff6325c1e2
Azamat,Nuftillaev,Dragon,"6' 0""",234 lbs.,"77.0""",Orthodox,13,2,1,,http://ufcstats.com/fighter-details/b37321c0bb9e8570
Diego,Nunes,The Gun,"5' 6""",145 lbs.,"67.0""",Orthodox,19,7,0,,http://ufcstats.com/fighter-details/3a24769a4855040a
Amanda,Nunes,The Lioness,"5' 8""",135 lbs.,"69.0""",Orthodox,23,5,0,,http://ufcstats.com/fighter-details/80fa8218c99f9c58
Nina,Nunes,,"5' 5""",125 lbs.,"64.0""",Orthodox,11,7,0,,http://ufcstats.com/fighter-details/d343df8ba11f4c4e
Istela,Nunes,,"5' 4""",115 lbs.,"66.0""",Orthodox,6,6,0,,http://ufcstats.com/fighter-details/efc67b07eed39794
Josiane,Nunes,Josi,"5' 2""",135 lbs.,"67.0""",Southpaw,10,4,0,,http://ufcstats.com/fighter-details/68d35296f566792b
Diyar,Nurgozhay,,"6' 2""",205 lbs.,"74.0""",Southpaw,11,2,0,,http://ufcstats.com/fighter-details/709fadb644ee3f51
Khabib,Nurmagomedov,The Eagle,"5' 10""",155 lbs.,"70.0""",Orthodox,29,0,0,,http://ufcstats.com/fighter-details/032cc3922d871c7f
Said,Nurmagomedov,,"5' 8""",135 lbs.,"70.0""",Orthodox,18,5,0,,http://ufcstats.com/fighter-details/0fd5f4b838e890cc
Abubakar,Nurmagomedov,,"5' 11""",170 lbs.,"72.0""",Orthodox,17,4,1,,http://ufcstats.com/fighter-details/029e1293e609fd74
Umar,Nurmagomedov,,"5' 8""",135 lbs.,"69.0""",Orthodox,20,1,0,,http://ufcstats.com/fighter-details/2b6fc1c02736833d
Adilet,Nurmatov,Kok-Zhal,--,155 lbs.,--,,13,2,0,,http://ufcstats.com/fighter-details/689502703bbfe5f2
Kennedy,Nzechukwu,Chosen,"6' 5""",236 lbs.,"83.0""",Southpaw,14,6,1,,http://ufcstats.com/fighter-details/8667caa0451d245b
Jake,O'Brien,Irish,"6' 3""",205 lbs.,"76.0""",Orthodox,15,4,0,,http://ufcstats.com/fighter-details/20bcc9966affb19c
TJ,O'Brien,The Spider,"6' 2""",155 lbs.,--,Orthodox,20,8,0,,http://ufcstats.com/fighter-details/d25b93992f285953
Sean,O'Connell,The Real OC,"6' 1""",205 lbs.,"74.0""",Orthodox,17,9,0,,http://ufcstats.com/fighter-details/cb52f9490c2dc069
Dan,O'Connor,Johnny Irish,"5' 4""",115 lbs.,--,,6,6,0,,http://ufcstats.com/fighter-details/69ea0119f6f0dfe0
Sean,O'Haire,,"6' 5""",270 lbs.,--,Orthodox,4,2,0,,http://ufcstats.com/fighter-details/46effbd1135423c5
Sean,O'Malley,Suga,"5' 11""",135 lbs.,"72.0""",Switch,19,3,0,,http://ufcstats.com/fighter-details/b50a426a33da0012
Jeremiah,O'Neal,,"5' 8""",260 lbs.,--,,13,25,0,,http://ufcstats.com/fighter-details/338fda4ec7034c5d
Chuck,O'Neil,Cold Steel,"6' 2""",170 lbs.,--,,17,9,0,,http://ufcstats.com/fighter-details/56bc9ccb609df534
Casey,O'Neill,King,"5' 6""",125 lbs.,"69""",Orthodox,11,2,0,,http://ufcstats.com/fighter-details/04835018f90b118c
Brendan,O'Reilly,Badger,"5' 7""",170 lbs.,"69.0""",Orthodox,6,3,0,,http://ufcstats.com/fighter-details/494b0bfdbac74502
Takahiro,Oba,,"5' 8""",200 lbs.,--,Southpaw,5,7,1,,http://ufcstats.com/fighter-details/7139cd2ae4bf6a29
Nobuhiro,Obiya,,"5' 8""",145 lbs.,--,Orthodox,12,5,1,,http://ufcstats.com/fighter-details/6e3282d57d2467a0
Jose,Ochoa,Kalzifer,"5' 7""",125 lbs.,"67.0""",Southpaw,9,2,0,,http://ufcstats.com/fighter-details/88be62d6c1e6dadb
Christian,Ocon,,"5' 8""",135 lbs.,"69.0""",Orthodox,2,1,0,,http://ufcstats.com/fighter-details/2d6d6ffe5a446ea2
Kaito,Oda,,--,125 lbs.,--,,8,2,0,,http://ufcstats.com/fighter-details/629bac37f70891fb
Richard,Odoms,The Black Eagle,"6' 5""",265 lbs.,--,Orthodox,13,3,0,,http://ufcstats.com/fighter-details/f43907e75f8d9baa
Volkan,Oezdemir,No Time,"6' 2""",205 lbs.,"75.0""",Orthodox,21,8,0,,http://ufcstats.com/fighter-details/0845c81e37d3bcb3
Kaan,Ofli,Genghis,"5' 7""",145 lbs.,"66.0""",Orthodox,14,4,1,,http://ufcstats.com/fighter-details/7facc9c45d792985
Naoya,Ogawa,,"6' 4""",255 lbs.,--,Orthodox,7,2,0,,http://ufcstats.com/fighter-details/4b2390cfaceb91d8
Trey,Ogden,Shamurai,"5' 11""",155 lbs.,"72.0""",Orthodox,18,7,0,,http://ufcstats.com/fighter-details/cfc3e7bb44685289
Andy,Ogle,The Little Axe,"5' 8""",145 lbs.,"69.0""",Orthodox,9,6,0,,http://ufcstats.com/fighter-details/b6c4451cb13c9303
Ho Taek,Oh,Spider,--,155 lbs.,--,,7,2,1,,http://ufcstats.com/fighter-details/5c020ee6ab450870
Michiyoshi,Ohara,,"5' 10""",205 lbs.,--,Orthodox,0,2,0,,http://ufcstats.com/fighter-details/6a8a06b542e1516d
Koji,Oishi,,"5' 8""",170 lbs.,--,Orthodox,25,10,10,,http://ufcstats.com/fighter-details/01daf32100ed7517
Takayuki,Okada,Giant Ochiai,"6' 1""",290 lbs.,--,Orthodox,3,3,2,,http://ufcstats.com/fighter-details/32541eb5d12668b4
Yushin,Okami,Thunder,"6' 2""",170 lbs.,"75.0""",Southpaw,34,12,0,,http://ufcstats.com/fighter-details/acff437707625fc7
JJ,Okanovich,The Bosnian Bomber,"5' 11""",155 lbs.,"76.0""",Orthodox,7,1,0,,http://ufcstats.com/fighter-details/aa40fe6038db56cb
Bolaji,Oki,The Zulu Warrior,"5' 10""",155 lbs.,"73.0""",Orthodox,10,4,0,,http://ufcstats.com/fighter-details/4bdedbdeedff7d1d
Kazuki,Okubo,,"5' 11""",175 lbs.,--,Orthodox,7,9,0,,http://ufcstats.com/fighter-details/33454ad90754cb49
Masakatsu,Okuda,,--,--,--,,8,5,0,,http://ufcstats.com/fighter-details/02a65a55f25fb4f3
Aleksei,Oleinik,The Boa Constrictor,"6' 2""",240 lbs.,"80.0""",Orthodox,60,17,1,,http://ufcstats.com/fighter-details/98c23cb6da5b3352
Michal,Oleksiejczuk,Hussar,"6' 0""",185 lbs.,"74.0""",Southpaw,22,9,0,,http://ufcstats.com/fighter-details/0d65c432720accb9
Cezary,Oleksiejczuk,,"6' 3""",185 lbs.,"75.0""",Southpaw,17,3,0,,http://ufcstats.com/fighter-details/084532da3d25f3b8
Rafaello,Oliveira,Tractor,"5' 8""",155 lbs.,"71.0""",Orthodox,17,8,0,,http://ufcstats.com/fighter-details/15b1b21cd743d652
Charles,Oliveira,Do Bronxs,"5' 10""",155 lbs.,"74.0""",Orthodox,37,11,0,,http://ufcstats.com/fighter-details/07225ba28ae309b6
Jorge,Oliveira,,"6' 1""",205 lbs.,--,,5,3,1,,http://ufcstats.com/fighter-details/bec2746f033802c3
Ednaldo,Oliveira,Lula,"6' 5""",205 lbs.,--,Orthodox,17,3,1,,http://ufcstats.com/fighter-details/acd9513399a8b09b
Alex,Oliveira,Cowboy,"5' 11""",170 lbs.,"76.0""",Orthodox,22,12,1,,http://ufcstats.com/fighter-details/57b10fca4f9c9a7a
Maria,Oliveira,Spider-Girl,"5' 6""",115 lbs.,"69.0""",Orthodox,13,7,0,,http://ufcstats.com/fighter-details/37d752ec41ed84bb
Bruno,Oliveira,,"6' 4""",205 lbs.,"80.0""",Orthodox,8,2,0,,http://ufcstats.com/fighter-details/1e85912c9bab7e2b
Saimon,Oliveira,,"5' 4""",135 lbs.,"72.0""",Orthodox,18,7,0,,http://ufcstats.com/fighter-details/72ea1984c52019b5
Vinicius,Oliveira,LokDog,"5' 9""",135 lbs.,"70.0""",Switch,23,4,0,,http://ufcstats.com/fighter-details/18d01f7f8338ae72
Ravena,Oliveira,Kenoudy,"5' 5""",115 lbs.,"65.0""",Orthodox,7,4,1,,http://ufcstats.com/fighter-details/4948e412fa6ab67d
Michael,Oliveira,PQD,"6' 1""",170 lbs.,"78.0""",Orthodox,9,0,0,,http://ufcstats.com/fighter-details/037cfd34a27d59e9
Wendell,Oliveira Marques,The Machine,"5' 10""",170 lbs.,--,Orthodox,29,10,0,,http://ufcstats.com/fighter-details/32c03df3c9760069
Felipe,Olivieri,,"5' 9""",155 lbs.,--,Orthodox,14,5,0,,http://ufcstats.com/fighter-details/948880beac71f028
Andy,Ologun,,"6' 0""",154 lbs.,--,Orthodox,3,1,0,,http://ufcstats.com/fighter-details/e96d8538d3f9d0ed
Shana,Olsen,Rock Solid,"5' 7""",145 lbs.,--,,5,2,0,,http://ufcstats.com/fighter-details/dfbb95ca0c143988
Casey,Olson,The Underdog,"5' 7""",145 lbs.,--,Orthodox,14,5,0,,http://ufcstats.com/fighter-details/7613773461b276f4
Dennis,Olson,,"6' 0""",170 lbs.,--,,14,11,0,,http://ufcstats.com/fighter-details/8e0709784259402d
Cameron,Olson,Cap'n Crunch,"6' 1""",205 lbs.,"75.0""",Orthodox,7,3,0,,http://ufcstats.com/fighter-details/5a9104718439ef44
Gadzhi,Omargadzhiev,,"6' 1""",170 lbs.,"71.0""",Switch,13,2,0,,http://ufcstats.com/fighter-details/684d3aee255a3d09
Alan,Omer,,"5' 10""",145 lbs.,--,Orthodox,20,5,0,,http://ufcstats.com/fighter-details/f2ad06f1007c481a
Daniel,Omielanczuk,,"6' 0""",247 lbs.,"74.0""",Southpaw,19,8,1,,http://ufcstats.com/fighter-details/470fedbc8563ac47
Michihiro,Omigawa,,"5' 6""",145 lbs.,"68.0""",Orthodox,17,14,1,,http://ufcstats.com/fighter-details/9f842be1a5337be6
David,Onama,,"5' 11""",145 lbs.,"74.0""",Orthodox,14,3,0,,http://ufcstats.com/fighter-details/ffe9703408fb5964
Charlie,Ontiveros,American Bad Boy,"6' 2""",155 lbs.,"74.0""",Switch,11,9,0,,http://ufcstats.com/fighter-details/318572f6f74b760d
Chibwikem,Onyenegecha,,"6' 3""",185 lbs.,--,Orthodox,5,0,0,,http://ufcstats.com/fighter-details/887e09328cd63df1
Myktybek,Orolbai,,"5' 10""",170 lbs.,"74.0""",Orthodox,16,2,1,,http://ufcstats.com/fighter-details/bf2c8e01b07d3eb1
Sam,Oropeza,,"6' 2""",170 lbs.,--,,13,3,0,,http://ufcstats.com/fighter-details/6b8db407d49c6e4b
Brian,Ortega,T-City,"5' 8""",155 lbs.,"69""",Switch,16,5,0,,http://ufcstats.com/fighter-details/def8166ff24bd237
Tito,Ortiz,The People's Champ,"6' 3""",205 lbs.,"74.0""",Orthodox,19,12,1,,http://ufcstats.com/fighter-details/2f732dd9210d301f
Jorge,Ortiz,The Naked Man,"6' 0""",185 lbs.,--,Orthodox,18,9,1,,http://ufcstats.com/fighter-details/9c5828c6fd9dc948
Dustin,Ortiz,,"5' 5""",125 lbs.,"65.0""",Orthodox,19,8,0,,http://ufcstats.com/fighter-details/f53c1f4ceeed8c08
Kenji,Osawa,,"5' 7""",135 lbs.,"66.0""",Orthodox,20,11,2,,http://ufcstats.com/fighter-details/8eb239a52fc4ec14
Ode,Osbourne,The Jamaican Sensation,"5' 7""",125 lbs.,"73.0""",Southpaw,13,9,0,,http://ufcstats.com/fighter-details/6d68c1afe954f121
Kurt,Osiander,,--,185 lbs.,--,,4,1,0,,http://ufcstats.com/fighter-details/f84dfc5a8d178403
Nick,Osipczak,,"6' 2""",170 lbs.,"76.0""",Orthodox,6,3,0,,http://ufcstats.com/fighter-details/5b407acfe0ef9b76
Nissen,Osterneck,,"6' 2""",185 lbs.,--,Orthodox,12,4,0,,http://ufcstats.com/fighter-details/d632d156c0549e07
Rachael,Ostovich,,"5' 3""",125 lbs.,"62.0""",Orthodox,4,6,0,,http://ufcstats.com/fighter-details/01784fbc27c68b14
Pedro,Otavio,Te Pedro,"6' 3""",245 lbs.,--,Orthodox,19,8,0,,http://ufcstats.com/fighter-details/4512e46543b960ad
Alexander,Otsuka,The Diet Butcher,"6' 1""",205 lbs.,--,Orthodox,5,13,0,,http://ufcstats.com/fighter-details/865aa315ea62c511
Takafumi,Otsuka,,"5' 6""",139 lbs.,--,Orthodox,22,13,2,,http://ufcstats.com/fighter-details/6b8f28da9a483049
Quemuel,Ottoni,,"6' 0""",155 lbs.,"72.0""",Orthodox,12,3,0,,http://ufcstats.com/fighter-details/7ce21433c2a53168
Zak,Ottow,The Barbarian,"5' 11""",170 lbs.,"72.0""",Orthodox,17,7,0,,http://ufcstats.com/fighter-details/47cd337b86b1af92
Artur,Oumakhanov,,"5' 7""",154 lbs.,--,Orthodox,9,6,0,,http://ufcstats.com/fighter-details/1ef0eae31904e534
Sidney,Outlaw,,"5' 8""",170 lbs.,"74.0""",Orthodox,8,4,0,,http://ufcstats.com/fighter-details/871ce0b4a01922b6
Alistair,Overeem,The Demolition Man,"6' 4""",265 lbs.,"80.0""",Orthodox,47,19,0,,http://ufcstats.com/fighter-details/b4ad3a06ee4d660c
Valentijn,Overeem,,"6' 3""",230 lbs.,--,Orthodox,30,32,0,,http://ufcstats.com/fighter-details/20e403a1acfef130
Craig,Oxley,,"5' 9""",155 lbs.,--,,0,3,0,,http://ufcstats.com/fighter-details/4bb9d7a32d02a03e
Shungo,Oyama,,"5' 11""",185 lbs.,--,Southpaw,14,19,0,,http://ufcstats.com/fighter-details/47b7e4e60813b7b2
Ren,Ozaki,,"5' 7""",135 lbs.,"68.0""",Orthodox,6,1,2,,http://ufcstats.com/fighter-details/8997ee20b6a43d76
Alptekin,Ozkilic,The Turkish Delight,"5' 5""",125 lbs.,"65.0""",Orthodox,9,5,0,,http://ufcstats.com/fighter-details/e18a19001a3f7c7d
Raquel,Pa'aluhi,Rocky,"5' 7""",135 lbs.,--,,6,5,0,,http://ufcstats.com/fighter-details/373be586f370d400
Nick,Pace,,"5' 7""",135 lbs.,"68.0""",Orthodox,8,3,0,,http://ufcstats.com/fighter-details/8cb76103cd8a1562
Jimmie,Pace,Big Bucks,--,185 lbs.,--,,7,2,0,,http://ufcstats.com/fighter-details/4652b685fa11e7fd
Larissa,Pacheco,,"5' 7""",135 lbs.,--,Orthodox,10,2,0,,http://ufcstats.com/fighter-details/16b89be2f5c16fba
Angel,Pacheco,,"5' 8""",135 lbs.,"70.0""",Orthodox,7,4,0,,http://ufcstats.com/fighter-details/07797f10b9569cfc
Teemu,Packalen,Pacu,"6' 1""",155 lbs.,"75.0""",Orthodox,8,3,0,,http://ufcstats.com/fighter-details/8f4eeaf7a0df7c1a
George,Pacurariu,Constantine,"5' 7""",135 lbs.,--,,10,5,0,,http://ufcstats.com/fighter-details/c51da79b0346b5b7
Cyrillo,Padilha,,"5' 11""",155 lbs.,--,,3,3,0,,http://ufcstats.com/fighter-details/856c4d2668a875f9
Gary,Padilla,,"5' 11""",205 lbs.,--,,12,6,0,,http://ufcstats.com/fighter-details/01dd4cdc2446f665
Fernando,Padilla,El Valiente,"6' 1""",145 lbs.,"76.0""",Orthodox,16,6,0,,http://ufcstats.com/fighter-details/d2f43cfaf8ca3560
Chris,Padilla,Taco,"5' 9""",155 lbs.,"74.0""",Orthodox,17,6,1,,http://ufcstats.com/fighter-details/06626b6287e1ae1e
Damacio,Page,The Angel of Death,"5' 6""",135 lbs.,"66.0""",Orthodox,19,10,0,,http://ufcstats.com/fighter-details/c96e2ae6021144a1
Michael,Page,Venom,"6' 3""",185 lbs.,"79""",Switch,25,3,0,,http://ufcstats.com/fighter-details/a67d071163962af8
Dustin,Pague,The Disciple,"5' 9""",135 lbs.,"74.0""",Orthodox,12,11,0,,http://ufcstats.com/fighter-details/55f80a8aeffcdb33
Josh,Paiva,,"5' 6""",125 lbs.,--,,8,2,0,,http://ufcstats.com/fighter-details/1e12c1dbbb1e2dda
Raulian,Paiva,,"5' 8""",135 lbs.,"69.0""",Orthodox,21,5,0,,http://ufcstats.com/fighter-details/82b4e942781b1046
Dinis,Paiva Jr.,Sweetbread,"5' 9""",145 lbs.,"71.0""",Southpaw,13,8,0,,http://ufcstats.com/fighter-details/ad3a5e465c76e499
Fredson,Paixao,,"5' 6""",145 lbs.,"66.0""",Orthodox,10,5,0,,http://ufcstats.com/fighter-details/320edfb0332b7073
Luis,Pajuelo,Corazon de Leon,"5' 10""",145 lbs.,"69.0""",Orthodox,8,2,0,,http://ufcstats.com/fighter-details/e530df53922f413e
Jose,Palacios,,"5' 9""",145 lbs.,--,Orthodox,3,2,0,,http://ufcstats.com/fighter-details/de20ffb3fc2e7629
Ricky,Palacios,El Gallero,"5' 6""",145 lbs.,--,Orthodox,10,1,0,,http://ufcstats.com/fighter-details/797ddccda75f169f
Bart,Palaszewski,Bartimus,"5' 9""",145 lbs.,"70.0""",Orthodox,36,17,0,,http://ufcstats.com/fighter-details/4304992c2acc187b
Sasha,Palatnikov,,"6' 1""",170 lbs.,"72.0""",Switch,6,4,0,,http://ufcstats.com/fighter-details/a6c20202c701e5ca
Soa,Palelei,The Hulk,"6' 4""",265 lbs.,"81.0""",Orthodox,22,5,0,,http://ufcstats.com/fighter-details/60029bcf496bd707
Rousimar,Palhares,Toquinho,"5' 8""",170 lbs.,"71.0""",Orthodox,19,8,0,,http://ufcstats.com/fighter-details/8ddf9c51c5fdea75
Tulio,Palhares,,--,180 lbs.,--,,2,16,0,,http://ufcstats.com/fighter-details/e8c170a64dc920ac
Stephen,Palling,Bozo,"5' 4""",143 lbs.,--,,11,7,1,,http://ufcstats.com/fighter-details/ab7c212de9f66af0
Eduardo,Pamplona,,"5' 11""",170 lbs.,--,,16,4,0,,http://ufcstats.com/fighter-details/f31c0905045fa100
Ruel,Panales,,"5' 5""",125 lbs.,"67.0""",Southpaw,6,2,0,,http://ufcstats.com/fighter-details/2742f028399bf8c7
Yuri,Panferov,The Russian Polar Bear,"6' 1""",185 lbs.,"72.0""",Orthodox,9,1,0,,http://ufcstats.com/fighter-details/36d811b015635b67
Alexandre,Pantoja,,--,--,--,,0,0,0,,http://ufcstats.com/fighter-details/a0f0004aadf10b71
Jared,Papazian,The Jackhammer,"5' 8""",135 lbs.,"67.0""",Southpaw,20,13,0,,http://ufcstats.com/fighter-details/edad57b3dddf2168
Kathryn,Paprocki,,"5' 3""",115 lbs.,"63.0""",Orthodox,3,2,0,,http://ufcstats.com/fighter-details/bd381cde8426077a
Joe,Pardo,,"6' 1""",210 lbs.,--,Southpaw,4,6,0,,http://ufcstats.com/fighter-details/74fefd43f073cd2f
Bryan,Pardoe,Pain Inducer,"6' 1""",205 lbs.,--,Orthodox,13,16,0,,http://ufcstats.com/fighter-details/56116537d71a578c
Remco,Pardoel,Grizzly,"6' 3""",260 lbs.,--,Southpaw,9,6,1,,http://ufcstats.com/fighter-details/749685d24e2cac50
Ido,Pariente,,"5' 8""",155 lbs.,--,Orthodox,13,6,0,,http://ufcstats.com/fighter-details/7573d25a078b5732
Josh,Parisian,,"6' 4""",265 lbs.,"79.0""",Orthodox,15,8,0,,http://ufcstats.com/fighter-details/b5da8f7d05e85a55
Karo,Parisyan,The Heat,"5' 10""",170 lbs.,"72.0""",Orthodox,24,11,0,,http://ufcstats.com/fighter-details/349aaa3da11eb587
Won Sik,Park,Parky,"5' 11""",154 lbs.,--,Orthodox,11,7,1,,http://ufcstats.com/fighter-details/9df394db5ca103eb
JunYong,Park,The Iron Turtle,"5' 10""",185 lbs.,"73.0""",Orthodox,19,7,0,,http://ufcstats.com/fighter-details/285ae0b4a68221f4
Harvey,Park,Fightbot,"6' 0""",155 lbs.,"70.0""",Orthodox,12,3,0,,http://ufcstats.com/fighter-details/b709b534b6873744
HyunSung,Park,Peace of Mind,"5' 7""",125 lbs.,"66.0""",Orthodox,10,2,0,,http://ufcstats.com/fighter-details/b671bdf981ad527d
JaeHyun,Park,The First Prospect,"5' 8""",155 lbs.,"73.0""",Orthodox,8,4,0,,http://ufcstats.com/fighter-details/fe1595732dfb08fc
EoJin,Park,Young Boss,"6' 0""",145 lbs.,"71.0""",Orthodox,9,2,1,,http://ufcstats.com/fighter-details/f79e7f138bf50cc0
Bo Hyun,Park,The Witch,--,115 lbs.,--,,8,3,0,,http://ufcstats.com/fighter-details/504d3a11e4408253
Norman,Parke,Stormin',"5' 11""",155 lbs.,"70.0""",Southpaw,23,6,1,,http://ufcstats.com/fighter-details/14ff46596ad80609
Ryan,Parker,,"6' 3""",235 lbs.,--,Southpaw,0,1,0,,http://ufcstats.com/fighter-details/6a0b80a24f22e152
Larry,Parker,,"5' 11""",205 lbs.,--,Orthodox,13,6,1,,http://ufcstats.com/fighter-details/c0231720fe516994
Tyra,Parker,,"5' 5""",115 lbs.,--,Orthodox,4,5,0,,http://ufcstats.com/fighter-details/64be3dc99eaa42b6
Mick,Parkin,,"6' 4""",265 lbs.,"79""",Orthodox,10,1,0,,http://ufcstats.com/fighter-details/0d5cc0170c1a7e71
Willie,Parks,Slick,"5' 10""",185 lbs.,--,,5,2,0,,http://ufcstats.com/fighter-details/86ad0ae839331bd7
Jordan,Parsons,Pretty Boy,"5' 9""",145 lbs.,--,,11,2,0,,http://ufcstats.com/fighter-details/8b2a18d3c6735083
Preston,Parsons,Pressure,"5' 11""",170 lbs.,"71.0""",Orthodox,11,6,0,,http://ufcstats.com/fighter-details/9fe7af8b3fbe00a0
Jonny,Parsons,The Sluggernaut,"5' 9""",170 lbs.,"69.0""",Orthodox,9,3,0,,http://ufcstats.com/fighter-details/2975297f505e9447
Onassis,Parungao,,"5' 11""",200 lbs.,--,,2,1,0,,http://ufcstats.com/fighter-details/96d173b7f92aa520
Ramona,Pascual,,"5' 7""",135 lbs.,"66.0""",Southpaw,6,5,0,,http://ufcstats.com/fighter-details/3eb4dc9a7d4ac906
Quentin,Pasley,,--,205 lbs.,--,,3,0,0,,http://ufcstats.com/fighter-details/15b1f83a90302adf
Billy,Pasulatan,,"5' 5""",125 lbs.,"66.0""",Switch,10,3,0,,http://ufcstats.com/fighter-details/e5a59983f4603621
Guilherme,Pat,Kong,"6' 6""",265 lbs.,"81.0""",Orthodox,6,1,0,,http://ufcstats.com/fighter-details/ba15006c804a8de0
Jhonoven,Pati,The Samoan Savage,"6' 1""",185 lbs.,"75.0""",Switch,6,4,0,,http://ufcstats.com/fighter-details/6b16024d44eb03a2
Windri,Patilima,,"5' 6""",155 lbs.,"71.0""",Southpaw,8,1,0,,http://ufcstats.com/fighter-details/66d42e9503fa108e
Jorge,Patino,Macaco,"5' 8""",170 lbs.,--,Orthodox,38,19,2,,http://ufcstats.com/fighter-details/c8cca8f3de5be4b4
Russell,Patrick,,"5' 9""",145 lbs.,--,,6,4,0,,http://ufcstats.com/fighter-details/eafedba0617ced81
Claude,Patrick,The Prince,"5' 11""",170 lbs.,"75.0""",Orthodox,14,2,0,,http://ufcstats.com/fighter-details/56116a79e4deed06
Alan,Patrick,Nuguette,"5' 11""",155 lbs.,"74.0""",Southpaw,15,4,0,,http://ufcstats.com/fighter-details/cd7763bcadb5d4c8
Michael,Patt,,"6' 0""",205 lbs.,--,Orthodox,12,4,0,,http://ufcstats.com/fighter-details/83d0de122f2f9664
Justin,Patterson,The Tactician,"5' 10""",170 lbs.,--,,9,3,0,,http://ufcstats.com/fighter-details/2dc7c49cfaeb867c
Sam,Patterson,,"6' 3""",170 lbs.,"78.0""",Orthodox,14,3,1,,http://ufcstats.com/fighter-details/8b6e5dc2ba1edbe7
Zac,Pauga,The High Chief,"6' 2""",205 lbs.,"76.0""",Orthodox,7,3,0,,http://ufcstats.com/fighter-details/56f7d7ee06be4aab
Julio,Paulino,The Dominican Demon,"6' 0""",170 lbs.,--,Orthodox,23,5,0,,http://ufcstats.com/fighter-details/60c72f7459827881
Thomas,Paull,Juggernaut,"5' 7""",155 lbs.,"67.0""",Orthodox,11,4,0,,http://ufcstats.com/fighter-details/dda67d7d3df6b406
Sergei,Pavlovich,,"6' 3""",257 lbs.,"84.0""",Southpaw,20,3,0,,http://ufcstats.com/fighter-details/f14cf73e51b29254
Pawel,Pawlak,,"6' 0""",170 lbs.,"73.0""",Orthodox,12,3,0,,http://ufcstats.com/fighter-details/9310418684bc896f
Estevan,Payan,El Terrible,"5' 10""",145 lbs.,--,Orthodox,16,12,0,,http://ufcstats.com/fighter-details/d0a5ef38a7778ac2
Sarah,Payant,Soulja,"5' 4""",115 lbs.,--,,1,4,0,,http://ufcstats.com/fighter-details/748d4e35f846a029
Roland,Payne,,"5' 9""",205 lbs.,--,Orthodox,0,1,0,,http://ufcstats.com/fighter-details/2e04a3b4a2011b97
Jonathan,Pearce,JSP,"6' 0""",145 lbs.,"71.0""",Switch,14,7,0,,http://ufcstats.com/fighter-details/87c0b1c696ddfb43
Joe,Pearson,The Triangular Strangler,"5' 10""",145 lbs.,--,Orthodox,45,30,1,,http://ufcstats.com/fighter-details/122806b56775a53a
Ross,Pearson,The Real Deal,"5' 8""",155 lbs.,"69.0""",Orthodox,20,16,0,,http://ufcstats.com/fighter-details/4f732e58ed907eff
Andre,Pederneiras,,"5' 8""",155 lbs.,--,Orthodox,1,1,2,,http://ufcstats.com/fighter-details/bba678d312590087
Carlo,Pedersoli Jr.,Semento,"5' 11""",170 lbs.,"75.0""",Southpaw,11,3,0,,http://ufcstats.com/fighter-details/198994b47f395af0
Matt,Pedro,,--,--,--,,3,1,0,,http://ufcstats.com/fighter-details/f354c50b8d63d9b3
Tyson,Pedro,,"6' 3""",205 lbs.,"79.0""",Orthodox,10,5,0,,http://ufcstats.com/fighter-details/49e96ff8ab781589
Trevor,Peek,,"5' 9""",145 lbs.,"70""",Switch,9,3,0,,http://ufcstats.com/fighter-details/0bc697c5936a2d0a
Willie,Peeters,,"5' 9""",220 lbs.,--,Orthodox,9,10,1,,http://ufcstats.com/fighter-details/e7bfdb5e0112891e
Filip,Pejic,,"5' 8""",135 lbs.,--,Orthodox,12,2,2,,http://ufcstats.com/fighter-details/38ed5a2299230227
Kurt,Pellegrino,Batman,"5' 8""",155 lbs.,"70.0""",Orthodox,16,7,0,,http://ufcstats.com/fighter-details/aa1952ec0b3dd8e1
Yan,Pellerin,Wild Thing,"5' 11""",205 lbs.,--,Orthodox,11,13,0,,http://ufcstats.com/fighter-details/bfe95ec546692b13
Julianna,Pena,The Venezuelan Vixen,"5' 6""",135 lbs.,"69.0""",Orthodox,13,6,0,,http://ufcstats.com/fighter-details/3253b16d38ae087d
Luis,Pena,Violent Bob Ross,"6' 3""",155 lbs.,"75.0""",Southpaw,9,3,0,,http://ufcstats.com/fighter-details/2844b047183a1adb
Felipe,Pena,Preguica,--,--,--,,0,0,0,,http://ufcstats.com/fighter-details/566ff9546fc29acd
Matej,Penaz,Money,"6' 3""",185 lbs.,"83.0""",Southpaw,6,1,0,,http://ufcstats.com/fighter-details/abd64006fd37298d
Sherman,Pendergarst,The Tank,"6' 1""",235 lbs.,--,Orthodox,11,18,0,,http://ufcstats.com/fighter-details/e670f8cc2969a789
Drew,Pendleton,,--,145 lbs.,--,,5,0,0,,http://ufcstats.com/fighter-details/34b634cb2471bdde
Cathal,Pendred,The Punisher,"6' 1""",170 lbs.,"75.0""",Orthodox,17,4,1,,http://ufcstats.com/fighter-details/99c7610aa74995d3
BJ,Penn,The Prodigy,"5' 9""",155 lbs.,"70.0""",Orthodox,16,14,2,,http://ufcstats.com/fighter-details/73c7cfa551289285
Jessica,Penne,,"5' 5""",115 lbs.,"67.0""",Orthodox,14,9,0,,http://ufcstats.com/fighter-details/c742287ed86a09bc
Nick,Penner,The Quiet Assassin,"6' 4""",205 lbs.,--,Southpaw,11,3,0,,http://ufcstats.com/fighter-details/879b8df81523d91b
Justin,Pennington,,"5' 4""",--,--,,3,3,0,,http://ufcstats.com/fighter-details/0699c4b2a7c3c76f
Raquel,Pennington,Rocky,"5' 7""",135 lbs.,"67.0""",Orthodox,16,10,0,,http://ufcstats.com/fighter-details/fc169c387b4b465d
Tecia,Pennington,Tiny Tornado,"5' 1""",115 lbs.,"60.0""",Orthodox,15,8,0,,http://ufcstats.com/fighter-details/31ef8b67e13495b3
Jerron,Peoples,,"6' 0""",170 lbs.,--,,4,3,0,,http://ufcstats.com/fighter-details/a2ac473d74eb157c
Godofredo,Pepey,,"5' 7""",145 lbs.,"73.0""",Orthodox,13,6,0,,http://ufcstats.com/fighter-details/fa37628269132d1a
Ray,Perales,Relentless,"5' 10""",170 lbs.,--,Orthodox,13,22,0,,http://ufcstats.com/fighter-details/9a70f67ad2187fa3
Robert,Peralta,Problems,"5' 8""",145 lbs.,"71.0""",Orthodox,18,8,0,,http://ufcstats.com/fighter-details/960d6cae8879ba2b
Viviane,Pereira,Sucuri,"5' 1""",115 lbs.,"63.0""",Orthodox,13,2,0,,http://ufcstats.com/fighter-details/d50382dc0565a9e1
Michel,Pereira,Demolidor,"6' 1""",185 lbs.,"73.0""",Orthodox,32,14,0,,http://ufcstats.com/fighter-details/595db60957de51d3
Alex,Pereira,Poatan,"6' 4""",205 lbs.,"79.0""",Orthodox,13,3,0,,http://ufcstats.com/fighter-details/e5549c82bfb5582d
Daniel,Pereira,Gaucho,"5' 10""",185 lbs.,--,,9,2,0,,http://ufcstats.com/fighter-details/44f46b0592ca0814
Luciano,Pereira,El Torito,--,125 lbs.,--,Orthodox,13,1,0,,http://ufcstats.com/fighter-details/d7ee49bf3c779fa6
Alice,Pereira,Golden Girl,"5' 8""",135 lbs.,"71.0""",Orthodox,7,1,0,,http://ufcstats.com/fighter-details/81d2c551886bd5a1
Rolando,Perez,,"5' 8""",135 lbs.,--,Orthodox,7,5,2,,http://ufcstats.com/fighter-details/4a9e305633f3ef47
Philip,Perez,,"5' 5""",155 lbs.,--,Southpaw,7,5,1,,http://ufcstats.com/fighter-details/eee8efec7b951d84
Erik,Perez,Goyito,"5' 8""",135 lbs.,"68.0""",Orthodox,17,6,0,,http://ufcstats.com/fighter-details/af62f99eb7606308
Alejandro,Perez,Turbo,"5' 6""",135 lbs.,"67.0""",Orthodox,23,9,1,,http://ufcstats.com/fighter-details/80daefbed11ce998
Frankie,Perez,,"5' 11""",155 lbs.,"73.0""",Orthodox,10,4,0,,http://ufcstats.com/fighter-details/96c336b463e0662c
Jose,Perez,,--,--,--,,1,0,0,,http://ufcstats.com/fighter-details/89578ae236ee04e9
Alex,Perez,,"5' 6""",125 lbs.,"65.0""",Orthodox,26,10,0,,http://ufcstats.com/fighter-details/ab2b4ff41d6ebe0f
Markus,Perez,Maluko,"6' 1""",185 lbs.,"73.0""",Orthodox,12,5,0,,http://ufcstats.com/fighter-details/2ac4628c08ec5125
Ailin,Perez,,--,--,--,,0,0,0,,http://ufcstats.com/fighter-details/06e4245d16fc5315
Cristian,Perez,El Puas,"5' 9""",155 lbs.,"72.0""",Orthodox,13,2,0,,http://ufcstats.com/fighter-details/d84033157714ee94
Rafael,Pergentino,,"6' 1""",205 lbs.,"76.0""",Orthodox,5,1,0,,http://ufcstats.com/fighter-details/8d3b4a630b1bf1e6
Brando,Pericic,The Balkan Bear,"6' 5""",245 lbs.,"79.0""",Orthodox,7,1,0,,http://ufcstats.com/fighter-details/d0fd0d9ee560dae7
Anthony,Perosh,The Hippo,"6' 3""",205 lbs.,"75.0""",Orthodox,15,10,0,,http://ufcstats.com/fighter-details/4b4753d19489297f
Thiago,Perpetuo,Bodao,"5' 10""",170 lbs.,--,Orthodox,9,4,1,,http://ufcstats.com/fighter-details/c1a5d3843596df92
Hernani,Perpetuo,,"6' 0""",170 lbs.,--,Orthodox,18,5,0,,http://ufcstats.com/fighter-details/575360be653ad6a6
Jay,Perrin,The Joker,"5' 7""",135 lbs.,"67.0""",Switch,10,7,0,,http://ufcstats.com/fighter-details/01fed6f61ebea01f
Mike,Perry,Platinum,"5' 10""",170 lbs.,"71.0""",Orthodox,14,8,0,,http://ufcstats.com/fighter-details/f2b6fdb20675b11c
Raphael,Pessoa,Bebezao,"6' 3""",262 lbs.,"78.0""",Orthodox,10,2,0,,http://ufcstats.com/fighter-details/41f90012b86a11bf
Viktor,Pesta,,"6' 3""",240 lbs.,"77.0""",Orthodox,10,4,0,,http://ufcstats.com/fighter-details/202b0467521c9d6f
Leiticia,Pestova,,"5' 6""",135 lbs.,--,Orthodox,0,2,0,,http://ufcstats.com/fighter-details/f3743d8ef5dde970
Tony,Petarra,,"5' 11""",196 lbs.,--,Orthodox,2,3,1,,http://ufcstats.com/fighter-details/c61f66d8c3fd5f07
Tommy,Petersen,,--,155 lbs.,--,,2,3,0,,http://ufcstats.com/fighter-details/7aabd61419f747d1
Thomas,Petersen,The Train,"6' 1""",250 lbs.,"74.0""",Southpaw,11,4,0,,http://ufcstats.com/fighter-details/764d39074a352e33
Cory,Peterson,LA Giant,"6' 11""",400 lbs.,--,Orthodox,2,1,0,,http://ufcstats.com/fighter-details/5df10509264586e5
Steven,Peterson,Ocho,"5' 10""",145 lbs.,"70.0""",Orthodox,19,11,0,,http://ufcstats.com/fighter-details/b93c06d09d1c4ac0
Vitor,Petrino,,"6' 2""",225 lbs.,"77.0""",Orthodox,14,2,0,,http://ufcstats.com/fighter-details/71171fc96445bf65
Andre,Petroski,,"6' 0""",185 lbs.,"73.0""",Switch,13,6,0,,http://ufcstats.com/fighter-details/5f61780fe5e9b6d0
Armen,Petrosyan,Superman,"6' 3""",185 lbs.,"71.0""",Orthodox,9,5,0,,http://ufcstats.com/fighter-details/369ea36e450ae62a
Ivana,Petrovic,,"5' 8""",125 lbs.,"70.0""",Southpaw,7,3,0,,http://ufcstats.com/fighter-details/38c5817ade8a8014
Seth,Petruzelli,The Silverback,"6' 0""",205 lbs.,"76.0""",Orthodox,14,8,0,,http://ufcstats.com/fighter-details/93b9496275bbbf80
Peter,Petties,The Joker,"5' 11""",145 lbs.,"72.0""",Southpaw,5,3,0,,http://ufcstats.com/fighter-details/7ea5d60d2e6a8ad0
Anthony,Pettis,Showtime,"5' 10""",155 lbs.,"72.0""",Orthodox,24,10,0,,http://ufcstats.com/fighter-details/cbb682f5fcc44bfc
Sergio,Pettis,,"5' 6""",125 lbs.,"69.0""",Orthodox,18,5,0,,http://ufcstats.com/fighter-details/de75d1c45a39e221
Forrest,Petz,The Meat Cleaver,"5' 9""",170 lbs.,"71.0""",Orthodox,26,10,0,,http://ufcstats.com/fighter-details/e86bc32f5997a8f7
Dino,Pezao,,--,205 lbs.,--,Orthodox,1,3,0,,http://ufcstats.com/fighter-details/81b57acd6975ac06
Cody,Pfister,The Fist,"5' 10""",155 lbs.,"73.0""",Orthodox,13,6,1,,http://ufcstats.com/fighter-details/5904b0b38dc6718d
Nam,Phan,,"5' 6""",135 lbs.,"70.0""",Orthodox,21,17,0,,http://ufcstats.com/fighter-details/80dbeb1dd5b53e64
Constantinos,Philippou,,"5' 11""",185 lbs.,"73.0""",Orthodox,13,5,0,,http://ufcstats.com/fighter-details/05560764359161e4
Wayne,Phillips,,--,185 lbs.,--,,7,7,0,,http://ufcstats.com/fighter-details/09a82bd51ff61376
Dave,Phillips,The Rockstar,"6' 0""",185 lbs.,--,Orthodox,13,7,0,,http://ufcstats.com/fighter-details/99020eeb8cd5689d
Aaron,Phillips,The Dragon,"5' 9""",135 lbs.,"71.0""",Southpaw,12,5,0,,http://ufcstats.com/fighter-details/34c2b3656f88f7ef
Elizabeth,Phillips,,"5' 6""",135 lbs.,"65.0""",Orthodox,6,6,0,,http://ufcstats.com/fighter-details/dcbf01d605681ad1
John,Phillips,The Welsh Wrecking Machine,"5' 11""",185 lbs.,"75.0""",Southpaw,22,11,0,,http://ufcstats.com/fighter-details/e9ac7bfb65c25497
Kyler,Phillips,The Matrix,"5' 8""",135 lbs.,"72.0""",Orthodox,12,5,0,,http://ufcstats.com/fighter-details/60425d07ef4b91a7
Mario,Piazzon,,"5' 9""",265 lbs.,"73.0""",Orthodox,8,0,0,,http://ufcstats.com/fighter-details/44f234a36324e6c8
Nick,Pica,The Silverback,"5' 10""",185 lbs.,--,,5,1,0,,http://ufcstats.com/fighter-details/7922e8269adcc25a
Nick,Piccininni,,"5' 6""",125 lbs.,"66.0""",Orthodox,7,1,0,,http://ufcstats.com/fighter-details/a5cb1c29461853ca
Adam,Piccolotti,,"5' 11""",155 lbs.,--,,9,0,0,,http://ufcstats.com/fighter-details/fa399f7f6e17f7f5
Vinc,Pichel,From Hell,"5' 10""",155 lbs.,"72.0""",Orthodox,14,5,0,,http://ufcstats.com/fighter-details/c77a953488e5607d
Brad,Pickett,One Punch,"5' 6""",135 lbs.,"68.0""",Orthodox,25,14,0,,http://ufcstats.com/fighter-details/c945adc22c2bfe8f
Jamie,Pickett,The Night Wolf,"6' 2""",185 lbs.,"80.0""",Orthodox,13,11,0,,http://ufcstats.com/fighter-details/830f60497fab345a
Aaron,Pico,,"5' 8""",145 lbs.,"70""",Orthodox,14,5,0,,http://ufcstats.com/fighter-details/5537efc6e496dd84
Fabiola,Pidroni,The Queen,--,115 lbs.,--,,5,0,0,,http://ufcstats.com/fighter-details/9561eb5f0d63ffcc
Oskar,Piechota,Imadlo,"6' 0""",185 lbs.,"76.0""",Southpaw,11,3,1,,http://ufcstats.com/fighter-details/1cf7ccf64a5bf24e
Nick,Piedmont,No Limit,"5' 10""",145 lbs.,--,,12,7,1,,http://ufcstats.com/fighter-details/df7d386a54e07446
Mike,Pierce,,"5' 8""",170 lbs.,"71.0""",Orthodox,17,7,0,,http://ufcstats.com/fighter-details/236a37d96d476164
Joao,Pierini,,"6' 1""",155 lbs.,--,Switch,4,1,0,,http://ufcstats.com/fighter-details/9a967e8e43dcef63
Jonathan,Piersma,Warhawk,"5' 11""",170 lbs.,"73.0""",Orthodox,9,3,0,,http://ufcstats.com/fighter-details/1c7308d2957a12d2
Sean,Pierson,The Punisher,"6' 0""",170 lbs.,"76.0""",Southpaw,14,6,0,,http://ufcstats.com/fighter-details/0d506315895efffc
Domingo,Pilarte,Son of Fire,"6' 0""",135 lbs.,"73.0""",Southpaw,8,3,0,,http://ufcstats.com/fighter-details/4bf6b225ff6099c4
Paddy,Pimblett,The Baddy,"5' 10""",155 lbs.,"73.0""",Orthodox,23,4,0,,http://ufcstats.com/fighter-details/7826923b47f8d72a
Damian,Pinas,The Baba Yaga,"6' 1""",185 lbs.,"79""",Orthodox,10,1,0,,http://ufcstats.com/fighter-details/fdd22e895a70e4a8
Daniel,Pineda,The Pit,"5' 7""",145 lbs.,"69.0""",Orthodox,28,17,0,,http://ufcstats.com/fighter-details/361d49960a196976
Jesus,Pinedo,El Mudo,"5' 10""",155 lbs.,--,Southpaw,16,5,1,,http://ufcstats.com/fighter-details/25af5e832f17b474
Pingyuan,Liu,,"5' 6""",135 lbs.,"72.0""",Orthodox,13,7,0,,http://ufcstats.com/fighter-details/31bbd39c0a075d4e
Luana,Pinheiro,,"5' 2""",115 lbs.,"62.0""",Orthodox,11,5,0,,http://ufcstats.com/fighter-details/a3a542074109b347
Mario,Pinto,,"6' 5""",265 lbs.,"79""",Orthodox,12,0,0,,http://ufcstats.com/fighter-details/39d309957c5c210d
Gaetano,Pirrello,El Tigre,"5' 7""",135 lbs.,"65.0""",Orthodox,15,7,1,,http://ufcstats.com/fighter-details/8765559b6a29a421
Patricio,Pitbull,,"5' 6""",145 lbs.,"67""",Orthodox,37,9,0,,http://ufcstats.com/fighter-details/98a58c26c5b1ed17
Maki,Pitolo,Coconut Bombz,"5' 10""",185 lbs.,"75.0""",Orthodox,13,9,0,,http://ufcstats.com/fighter-details/c549573c0df4d676
Dmitry,Poberezhets,,"6' 3""",237 lbs.,--,,24,5,1,,http://ufcstats.com/fighter-details/9756095cb76b67c3
Jamal,Pogues,,"6' 3""",205 lbs.,"77.0""",Orthodox,11,5,0,,http://ufcstats.com/fighter-details/f41b9f5efc7162d6
Ross,Pointon,The Gladiator,"5' 8""",170 lbs.,--,Orthodox,6,17,0,,http://ufcstats.com/fighter-details/7215953cd5c6254d
Dustin,Poirier,The Diamond,"5' 9""",155 lbs.,"72.0""",Southpaw,30,10,0,,http://ufcstats.com/fighter-details/029eaff01e6bb8f0
Igor,Pokrajac,The Duke,"6' 0""",205 lbs.,"74.0""",Orthodox,28,13,0,,http://ufcstats.com/fighter-details/53278852bcd91e11
John,Polakowski,Buckets of Blood,"5' 10""",155 lbs.,--,Orthodox,2,2,0,,http://ufcstats.com/fighter-details/b18fb36a4aa00093
Julia,Polastri,Psycho,"5' 2""",115 lbs.,"63.0""",Orthodox,14,6,0,,http://ufcstats.com/fighter-details/abb68e3c7ca128f2
Brandon,Polcare,,--,125 lbs.,--,,1,1,0,,http://ufcstats.com/fighter-details/543cd2258f4fa339
Mike,Polchlopek,Mike Barton,"6' 4""",285 lbs.,--,Orthodox,1,1,0,,http://ufcstats.com/fighter-details/3bb030257966b022
Santiago,Ponzinibbio,Argentine Dagger,"6' 0""",170 lbs.,"73.0""",Orthodox,31,9,0,,http://ufcstats.com/fighter-details/6d1bffff14897645
Grigory,Popov,,"5' 7""",135 lbs.,"68.0""",Switch,13,3,0,,http://ufcstats.com/fighter-details/d3fa5c5955397532
Alexander,Poppeck,,"6' 2""",205 lbs.,--,Orthodox,9,3,0,,http://ufcstats.com/fighter-details/56bf3ed155bd0fcd
Felipe,Portela,Balboa,--,170 lbs.,--,,9,2,0,,http://ufcstats.com/fighter-details/303e017a9074f3aa
Parker,Porter,,"6' 0""",265 lbs.,"75.0""",Orthodox,14,9,0,,http://ufcstats.com/fighter-details/ac40f7e3cbecdda4
Ihor,Potieria,Duelist,"6' 3""",185 lbs.,"75.0""",Southpaw,20,8,0,,http://ufcstats.com/fighter-details/260bd4cef10b033f
Callan,Potter,The Rockstar,"6' 0""",170 lbs.,"72.0""",Orthodox,18,9,0,,http://ufcstats.com/fighter-details/8fc9ae9c7527dfcb
Dylan,Potter,Big Poppa,"6' 2""",225 lbs.,"77.0""",Switch,10,6,0,,http://ufcstats.com/fighter-details/61e47575b24a06bf
Ruan,Potts,Fangzz,"6' 2""",247 lbs.,"75.0""",Orthodox,11,6,0,,http://ufcstats.com/fighter-details/7e208569469c8bc8
Devin,Powell,,"6' 0""",155 lbs.,"73.0""",Orthodox,9,4,0,,http://ufcstats.com/fighter-details/065eb44700e641a4
Marcin,Prachnio,,"6' 3""",205 lbs.,"73.0""",Orthodox,17,9,0,,http://ufcstats.com/fighter-details/6370c1c1e12723d5
Wagner,Prado,Caldeirao,"6' 0""",205 lbs.,"74.0""",Southpaw,12,3,0,,http://ufcstats.com/fighter-details/7f6ef4e1227600bc
Francisco,Prado,,"5' 10""",170 lbs.,"69.0""",Orthodox,12,5,0,,http://ufcstats.com/fighter-details/3920d0cc288f9b0d
Trevor,Prangley,,"6' 1""",185 lbs.,"75.0""",Orthodox,34,11,2,,http://ufcstats.com/fighter-details/f5ff7bcdcfeba3ad
Ricardo,Prasel,Alemao,"6' 7""",238 lbs.,"78.0""",Orthodox,10,2,0,,http://ufcstats.com/fighter-details/b51d0ed3782a1bf5
Carlo,Prater,Neo,"5' 11""",155 lbs.,"72.0""",Switch,31,18,1,,http://ufcstats.com/fighter-details/4f853e98886283cf
Carlos,Prates,The Nightmare,"6' 1""",170 lbs.,"78.0""",Switch,24,7,0,,http://ufcstats.com/fighter-details/7ee0fd831c0fe7c3
Michel,Prazeres,Tractor,"5' 6""",170 lbs.,"67.0""",Orthodox,26,4,0,,http://ufcstats.com/fighter-details/e51fcd9cd84c0b93
Philip,Preece,,"5' 8""",205 lbs.,--,Orthodox,10,14,0,,http://ufcstats.com/fighter-details/6597b611f1c32555
Kyle,Prepolec,Killshot,"5' 10""",155 lbs.,"70.0""",Southpaw,18,10,0,,http://ufcstats.com/fighter-details/873626e5547b5235
Dorian,Price,,"6' 3""",170 lbs.,--,Southpaw,8,5,0,,http://ufcstats.com/fighter-details/ee4b670e159f4a33
Chris,Price,The Exorcist,"6' 2""",185 lbs.,--,Southpaw,19,4,0,,http://ufcstats.com/fighter-details/0597a4528ebd1307
Niko,Price,The Hybrid,"6' 0""",170 lbs.,"76.0""",Orthodox,16,11,0,,http://ufcstats.com/fighter-details/d8da10db80131bec
Shane,Primm,,"6' 3""",205 lbs.,--,Orthodox,5,5,0,,http://ufcstats.com/fighter-details/5114f1b5ad4cdf72
Brent,Primus,,"5' 10""",155 lbs.,--,,8,0,0,,http://ufcstats.com/fighter-details/46caf130099206cd
Jiri,Prochazka,,"6' 3""",205 lbs.,"80.0""",Orthodox,32,6,1,,http://ufcstats.com/fighter-details/009341ed974bad72
Lara,Procopio,,"5' 4""",125 lbs.,"67.0""",Orthodox,7,2,0,,http://ufcstats.com/fighter-details/e99821959a840bb8
Joe,Proctor,,"5' 10""",155 lbs.,"72.0""",Orthodox,11,5,0,,http://ufcstats.com/fighter-details/a36556bb1565e32d
Cole,Province,,"5' 9""",145 lbs.,"68.0""",Orthodox,6,2,0,,http://ufcstats.com/fighter-details/2a470ad41c22c25a
Daniel,Puder,,"6' 3""",235 lbs.,--,Orthodox,8,0,0,,http://ufcstats.com/fighter-details/66e0a70352fef46a
Lucie,Pudilova,,"5' 8""",125 lbs.,"67.0""",Orthodox,14,10,0,,http://ufcstats.com/fighter-details/3cf66c62d9069f43
Claudio,Puelles,Prince of Peru,"5' 10""",155 lbs.,"72.0""",Southpaw,13,5,0,,http://ufcstats.com/fighter-details/d747eb273a40a920
Juan,Puerta,Leadfeather,"5' 9""",125 lbs.,"71.0""",Southpaw,23,6,0,,http://ufcstats.com/fighter-details/fdba548aff9763d9
Bubba,Pugh,,"5' 10""",185 lbs.,--,,3,3,0,,http://ufcstats.com/fighter-details/6cf2352cdb3de59d
Juan Manuel,Puig,Fenix,"5' 9""",145 lbs.,--,Orthodox,11,4,0,,http://ufcstats.com/fighter-details/85d0fafb8b75d634
Hugh,Pulley,,"6' 0""",155 lbs.,--,,6,3,0,,http://ufcstats.com/fighter-details/308279bd246c211f
Josh,Pulsifer,The Platypus,"5' 10""",145 lbs.,--,,17,8,0,,http://ufcstats.com/fighter-details/16867810070dc520
Jens,Pulver,Little Evil,"5' 7""",145 lbs.,"70.0""",Southpaw,27,19,1,,http://ufcstats.com/fighter-details/44260175069b6276
Andrey,Pulyaev,,--,--,--,,0,0,0,,http://ufcstats.com/fighter-details/22e07d3da1aa3475
CM,Punk,,"6' 1""",170 lbs.,"73.0""",Orthodox,0,1,0,,http://ufcstats.com/fighter-details/a8c9d16fe2a14d72
Joe,Pyfer,Bodybagz,"6' 2""",185 lbs.,"75.0""",Orthodox,16,3,0,,http://ufcstats.com/fighter-details/c1085e1701b13eca
Mike,Pyle,Quicksand,"6' 0""",170 lbs.,"74.0""",Orthodox,27,14,1,,http://ufcstats.com/fighter-details/f5990c11974d8e9c
Pat,Pytlik,,"6' 0""",170 lbs.,"73.0""",Orthodox,9,2,0,,http://ufcstats.com/fighter-details/4fd140eea593526e
Qiu,Lun,Tibetan Knight,"5' 8""",125 lbs.,"66.0""",Southpaw,16,9,0,,http://ufcstats.com/fighter-details/126bdc1710a8cbf4
Bao,Quach,,"5' 3""",145 lbs.,--,Orthodox,19,10,1,,http://ufcstats.com/fighter-details/d365ee924f5cc3fc
Gary,Quan,,"5' 8""",143 lbs.,--,,3,5,0,,http://ufcstats.com/fighter-details/f7b4cbe93f3bac06
Billy,Quarantillo,,"5' 10""",145 lbs.,"70.0""",Orthodox,18,7,0,,http://ufcstats.com/fighter-details/aa171d55d4b5208f
Nate,Quarry,Rock,"6' 0""",185 lbs.,"72.0""",Open Stance,12,4,0,,http://ufcstats.com/fighter-details/52cae54377b433b7
Vinicius,Queiroz,Spartan,"6' 7""",220 lbs.,--,Orthodox,8,4,0,,http://ufcstats.com/fighter-details/2a8502954f49e682
Jimmy,Quinlan,Crash,"6' 0""",185 lbs.,--,Orthodox,3,1,1,,http://ufcstats.com/fighter-details/ddbe4fa2ea573393
Josh,Quinlan,Bushido,"6' 0""",170 lbs.,"72.0""",Orthodox,6,3,0,,http://ufcstats.com/fighter-details/876f478f796495f7
Ryan,Quinn,,"5' 8""",145 lbs.,--,,13,7,1,,http://ufcstats.com/fighter-details/cc23ed51619421a3
Michel,Quinones,El Capo,"5' 10""",155 lbs.,"73.0""",Orthodox,8,3,0,,http://ufcstats.com/fighter-details/5e84a859c6a82288
Landon,Quinones,The Lone Wolf,"5' 9""",155 lbs.,"70.0""",Southpaw,7,3,1,,http://ufcstats.com/fighter-details/267f4a6568abe245
Jose,Quinonez,Teco,"5' 8""",135 lbs.,"69.0""",Southpaw,9,5,0,,http://ufcstats.com/fighter-details/36549928f90f1d36
Cristian,Quinonez,Problema,"5' 8""",135 lbs.,"70.0""",Orthodox,19,5,0,,http://ufcstats.com/fighter-details/7debc13b36343605
Benji,Radach,Razor,"5' 10""",185 lbs.,--,Orthodox,21,7,0,,http://ufcstats.com/fighter-details/01b39decaf0abf6a
Jordan,Radev,,"5' 7""",185 lbs.,--,Southpaw,23,5,0,,http://ufcstats.com/fighter-details/45bc8f98d62bd096
Charles,Radtke,Chuck Buffalo,"5' 9""",170 lbs.,"72.0""",Orthodox,12,5,0,,http://ufcstats.com/fighter-details/feedf3053472fe56
Loik,Radzhabov,The Tajik Tank,"5' 11""",155 lbs.,"69.0""",Orthodox,18,6,1,,http://ufcstats.com/fighter-details/8c169fbe1ac33637
Gilbert,Rael,,"5' 8""",155 lbs.,--,,1,3,0,,http://ufcstats.com/fighter-details/6cc25d19a891f435
Josh,Rafferty,,"6' 0""",170 lbs.,--,Orthodox,9,8,0,,http://ufcstats.com/fighter-details/ff2c606c8bc365e3
Marwan,Rahiki,Freaky,"5' 8""",145 lbs.,"72""",Orthodox,9,0,0,,http://ufcstats.com/fighter-details/6eedb757f13b9978
Amir,Rahnavardi,,"6' 0""",205 lbs.,--,Orthodox,11,10,0,,http://ufcstats.com/fighter-details/bc7f7f0ba3db74d2
Ricky,Rainey,The Sniper,"6' 1""",170 lbs.,"77.0""",Switch,12,6,0,,http://ufcstats.com/fighter-details/9b1e3fb4f8cbd5b7
Shavkat,Rakhmonov,Nomad,"6' 1""",170 lbs.,"77.0""",Orthodox,19,0,0,,http://ufcstats.com/fighter-details/01afe0916a40c7c5
Sora,Rakhmonova,,--,125 lbs.,--,,4,1,0,,http://ufcstats.com/fighter-details/63ff619c52ff7976
Aleksandar,Rakic,Rocket,"6' 4""",205 lbs.,"78.0""",Orthodox,14,6,0,,http://ufcstats.com/fighter-details/333b9e5c723ac873
Jessica,Rakoczy,The Ragin',"5' 7""",115 lbs.,--,Orthodox,1,5,0,,http://ufcstats.com/fighter-details/ffdeb4fbea09ce75
Zygimantas,Ramaska,,"5' 11""",145 lbs.,"71.0""",Orthodox,9,3,0,,http://ufcstats.com/fighter-details/641ca2c2ed91b93c
Thomas,Ramirez,,"6' 1""",410 lbs.,--,Sideways,0,1,0,,http://ufcstats.com/fighter-details/ea398c802d9998ee
Hector,Ramirez,Sick Dog,"6' 0""",205 lbs.,--,Orthodox,10,6,1,,http://ufcstats.com/fighter-details/d1759b2b7be9be56
Matt,Ramirez,The Machine,"5' 5""",125 lbs.,--,,2,3,0,,http://ufcstats.com/fighter-details/96c05ba5ab9eccaf
Steve,Ramirez,,"5' 7""",125 lbs.,--,,5,2,0,,http://ufcstats.com/fighter-details/4311e9d23604205c
Amador,Ramirez,,--,135 lbs.,--,,5,4,0,,http://ufcstats.com/fighter-details/ac31f869959860bc
Mitch,Ramirez,,"5' 11""",155 lbs.,"71.0""",Orthodox,8,3,0,,http://ufcstats.com/fighter-details/e99eb0ef25885de5
Andrew,Ramm,The,"6' 1""",160 lbs.,--,,4,4,0,,http://ufcstats.com/fighter-details/3b5f2faaa2f2c1f6
Ian,Rammel,,"6' 0""",185 lbs.,--,,7,8,0,,http://ufcstats.com/fighter-details/abc8e1423cf5b74e
Luis,Ramos,Beicao,"5' 8""",170 lbs.,--,Orthodox,20,10,2,,http://ufcstats.com/fighter-details/7bc475b0fc2020ab
Ricardo,Ramos,,"5' 9""",145 lbs.,"72.0""",Orthodox,17,8,0,,http://ufcstats.com/fighter-details/1ae8f3c723aacff4
Davi,Ramos,Tasmanian Devil,"5' 6""",155 lbs.,"70.0""",Orthodox,10,4,0,,http://ufcstats.com/fighter-details/0052de90691d4a93
Dorian,Ramos,,"5' 8""",145 lbs.,"70.0""",Orthodox,8,3,0,,http://ufcstats.com/fighter-details/fa4dcb2c8de482ee
Vernon,Ramos Ho,,"5' 6""",170 lbs.,--,Orthodox,3,1,0,,http://ufcstats.com/fighter-details/30b577b112bef42d
Kevin,Randleman,The Monster,"5' 10""",205 lbs.,--,Orthodox,17,16,0,,http://ufcstats.com/fighter-details/6859f67468ba8489
Raou,Raou,,"5' 8""",195 lbs.,--,Orthodox,0,1,0,,http://ufcstats.com/fighter-details/ed069a95aaaf4f56
Mitch,Raposo,,"5' 5""",125 lbs.,"64.0""",Switch,10,3,0,,http://ufcstats.com/fighter-details/0be6776db31d98ec
Hussain,Rasouli,,"5' 6""",135 lbs.,--,,2,3,0,,http://ufcstats.com/fighter-details/9d61d8cb1c354867
David,Rasouri,,"5' 7""",155 lbs.,--,,2,3,0,,http://ufcstats.com/fighter-details/31e1ea6fe6b682f8
Ed,Ratcliff,9mm,"5' 10""",155 lbs.,"71.0""",Orthodox,7,3,0,,http://ufcstats.com/fighter-details/8c90c1563972e44d
Bec,Rawlings,Rowdy,"5' 6""",125 lbs.,"64.0""",Orthodox,7,8,0,,http://ufcstats.com/fighter-details/907e60fd13407e1e
Gideon,Ray,,"5' 10""",185 lbs.,--,Southpaw,17,15,1,,http://ufcstats.com/fighter-details/ea3ef6206c7907d5
Joe,Ray,,--,170 lbs.,--,,13,0,0,,http://ufcstats.com/fighter-details/d92e6e17f637fe4d
Stevie,Ray,Braveheart,"5' 10""",155 lbs.,"70.0""",Southpaw,23,9,0,,http://ufcstats.com/fighter-details/31a13532e724ca2b
Keenan,Raymond,,--,165 lbs.,--,,3,3,0,,http://ufcstats.com/fighter-details/bdd16cd6b29cb499
Iony,Razafiarison,,"5' 3""",145 lbs.,--,,2,1,0,,http://ufcstats.com/fighter-details/a303588c33d8c5ae
Abdul,Razak Alhassan,,"5' 10""",185 lbs.,"73.0""",Orthodox,12,7,0,,http://ufcstats.com/fighter-details/eae431e70064e046
Antony,Rea,Wild Thing,"6' 0""",205 lbs.,--,Orthodox,33,15,0,,http://ufcstats.com/fighter-details/c36e1f4fa755ffb4
Mateusz,Rebecki,,"5' 7""",155 lbs.,"66.0""",Southpaw,20,5,0,,http://ufcstats.com/fighter-details/849c5d9979df5357
Rafael,Rebello,Rafinha,"5' 5""",135 lbs.,"67.0""",Orthodox,9,4,0,,http://ufcstats.com/fighter-details/972197a8c61ac413
Greg,Rebello,Ribz,"6' 0""",240 lbs.,"73.0""",Southpaw,24,8,0,,http://ufcstats.com/fighter-details/49d78120e0a4f607
Paul,Redmond,Redser,"5' 10""",145 lbs.,--,Orthodox,12,7,0,,http://ufcstats.com/fighter-details/3f56b99447f00607
Dennis,Reed,,--,205 lbs.,--,Orthodox,45,62,1,,http://ufcstats.com/fighter-details/4a35913bd9aa4161
Karl,Reed,No Worries,"6' 3""",205 lbs.,"78.0""",Orthodox,6,1,0,,http://ufcstats.com/fighter-details/11337d069261bf3a
Elise,Reed,,"5' 3""",115 lbs.,"63.0""",Orthodox,8,5,0,,http://ufcstats.com/fighter-details/ac7c765882f2c68c
John,Reedy,The Wild Child,"5' 8""",155 lbs.,--,,11,6,0,,http://ufcstats.com/fighter-details/fb4ca5c7e4448645
Johnny,Rees,The Hater Hurter,"6' 0""",170 lbs.,--,Orthodox,13,5,0,,http://ufcstats.com/fighter-details/3ba3b5cc94498437
James,Reese,JP,"5' 9""",155 lbs.,--,,11,10,0,,http://ufcstats.com/fighter-details/e9ec08ebb3f92aa3
Zach,Reese,Savage,"6' 4""",185 lbs.,"77.0""",Switch,10,3,0,,http://ufcstats.com/fighter-details/23dec7c47cb418f8
,Regezhen,,--,145 lbs.,--,,11,1,0,,http://ufcstats.com/fighter-details/be5fd2ae27d20842
Stephen,Regman,,"5' 11""",185 lbs.,"76.0""",Orthodox,9,4,0,,http://ufcstats.com/fighter-details/24d98df7556ac8af
Chad,Reiner,The Grinder,"5' 11""",170 lbs.,--,Orthodox,33,18,0,,http://ufcstats.com/fighter-details/d8022d5526b1d937
Jason,Reinhardt,,"5' 6""",135 lbs.,--,Orthodox,20,3,0,,http://ufcstats.com/fighter-details/02500fb9fd79a974
Wilson,Reis,,"5' 4""",125 lbs.,"65.0""",Southpaw,23,10,0,,http://ufcstats.com/fighter-details/5aedf14771ca82d2
Ben,Reiter,The Hunter,"6' 3""",185 lbs.,--,,17,2,1,,http://ufcstats.com/fighter-details/ee7b7768a4e6dc45
Goran,Reljic,,"6' 3""",205 lbs.,"81.0""",Southpaw,15,8,0,,http://ufcstats.com/fighter-details/132f860d02953f4c
Leigh,Remedios,Bulldog,"5' 7""",155 lbs.,--,Orthodox,18,10,2,,http://ufcstats.com/fighter-details/918db42c3637916f
Ren,Yawei,,"5' 9""",155 lbs.,"69.0""",Orthodox,9,4,0,,http://ufcstats.com/fighter-details/b2d9758cdd124143
Paulo,Renato Junior,,"6' 0""",205 lbs.,"73.0""",Orthodox,12,3,0,,http://ufcstats.com/fighter-details/01dfb60661153735
Chance,Rencountre,Black Eagle,"6' 2""",170 lbs.,"75.0""",Southpaw,14,4,0,,http://ufcstats.com/fighter-details/1ddb480b601cefb1
Montse,Rendon,Monster,"5' 8""",135 lbs.,"68.0""",Orthodox,7,2,0,,http://ufcstats.com/fighter-details/60193e707634e560
Marion,Reneau,The Belizean Bruiser,"5' 6""",135 lbs.,"68.0""",Orthodox,9,8,1,,http://ufcstats.com/fighter-details/c7d297714d9ab1a4
Solomon,Renfro,The Black Dragon,"5' 9""",170 lbs.,"72.0""",Switch,8,2,0,,http://ufcstats.com/fighter-details/ce6b5b93a96dd15b
John,Renken,The Saint,"6' 0""",190 lbs.,--,Orthodox,18,28,4,,http://ufcstats.com/fighter-details/1507214bbc7a79e2
Herman,Renting,,"6' 0""",215 lbs.,--,Switch,1,3,0,,http://ufcstats.com/fighter-details/f57cf3d54a641385
Marco Polo,Reyes,,"5' 11""",155 lbs.,"71.0""",Orthodox,8,7,0,,http://ufcstats.com/fighter-details/edd02825c29028fe
Dominick,Reyes,The Devastator,"6' 4""",205 lbs.,"77""",Southpaw,16,5,0,,http://ufcstats.com/fighter-details/2e19380f34871c6a
Alex,Reyes,The Executioner,"5' 11""",155 lbs.,"73.0""",Orthodox,13,5,0,,http://ufcstats.com/fighter-details/dc07493a87dc0a6e
Kyle,Reyes,Boom,"5' 8""",145 lbs.,--,,15,7,0,,http://ufcstats.com/fighter-details/7333d6e0f6428acb
Javier,Reyes,Blair,"5' 7""",145 lbs.,"73.0""",,23,5,0,,http://ufcstats.com/fighter-details/4a574b8512fc1b30
Victor,Reyna,Kelevra,"5' 11""",170 lbs.,"74.0""",Southpaw,11,5,0,,http://ufcstats.com/fighter-details/e9bbcc6530e4cbe6
Gaston,Reyno,Tonga,"6' 0""",145 lbs.,--,,6,2,0,,http://ufcstats.com/fighter-details/64db35f7782fe274
Johnny,Rhodes,,"6' 0""",210 lbs.,--,Orthodox,2,1,0,,http://ufcstats.com/fighter-details/319fa1bd3176bded
Mike,Rhodes,Biggie,"6' 1""",170 lbs.,"74.0""",Orthodox,10,5,0,,http://ufcstats.com/fighter-details/b7ad576b8ae115e6
Lucrezia,Ria,,"5' 6""",125 lbs.,--,Orthodox,8,2,0,,http://ufcstats.com/fighter-details/042cc07ad5a53a33
Amanda,Ribas,,"5' 4""",115 lbs.,"66.0""",Orthodox,13,7,0,,http://ufcstats.com/fighter-details/beecb672a279223e
Vitor,Ribeiro,Shaolin,"5' 8""",154 lbs.,--,Orthodox,20,5,0,,http://ufcstats.com/fighter-details/a757c06bbdba61d2
Will,Ribeiro,,"5' 8""",135 lbs.,--,Orthodox,10,2,0,,http://ufcstats.com/fighter-details/8f4616698508f24d
Claudio,Ribeiro,,"6' 1""",185 lbs.,"77.0""",Orthodox,11,5,0,,http://ufcstats.com/fighter-details/972c456ff38b2015
Brendson,Ribeiro,The Gorilla,"6' 3""",205 lbs.,"81.0""",Orthodox,17,10,0,,http://ufcstats.com/fighter-details/49edd0d90f60fb7d
Esteban,Ribovics,El Gringo,"5' 10""",155 lbs.,"69.0""",Orthodox,15,3,0,,http://ufcstats.com/fighter-details/323d4ca260dfa0ba
Mike,Ricci,The Martian,"6' 0""",155 lbs.,"76.0""",Southpaw,11,5,0,,http://ufcstats.com/fighter-details/3c921b1a30fdcbdd
Alex,Ricci,,"5' 11""",155 lbs.,--,Orthodox,10,5,0,,http://ufcstats.com/fighter-details/bf9bc96336922271
Tabatha,Ricci,Baby Shark,"5' 1""",115 lbs.,"61.0""",Orthodox,12,4,0,,http://ufcstats.com/fighter-details/d25240135aee03e5
Matt,Ricehouse,,--,155 lbs.,--,,6,1,0,,http://ufcstats.com/fighter-details/343d57cde1a14338
John,Richard,,--,205 lbs.,--,,3,5,1,,http://ufcstats.com/fighter-details/b3e5a460b6851080
Rex,Richards,,"6' 5""",265 lbs.,--,,7,2,0,,http://ufcstats.com/fighter-details/ad23903ef3af7406
Mike,Richman,The Marine,"5' 8""",135 lbs.,--,,18,7,0,,http://ufcstats.com/fighter-details/d6a740cf6e898e27
Dave,Rickels,The Caveman,"5' 11""",155 lbs.,--,,18,4,0,,http://ufcstats.com/fighter-details/98b76850b5f1e836
Haisam,Rida,,--,--,--,,0,0,0,,http://ufcstats.com/fighter-details/d8a58e797518f011
Brad,Riddell,Quake,"5' 7""",155 lbs.,"71.0""",Orthodox,10,4,0,,http://ufcstats.com/fighter-details/37ed1ab2f8b819f4
Matthew,Riddle,Deep Waters,"6' 1""",170 lbs.,"76.0""",Southpaw,8,3,0,,http://ufcstats.com/fighter-details/d023ae89a2a4a41e
Joe,Riggs,Diesel,"6' 0""",185 lbs.,"70.0""",Southpaw,44,17,0,,http://ufcstats.com/fighter-details/d512d9f204059f57
Jeremiah,Riggs,,"6' 0""",185 lbs.,--,,7,8,0,,http://ufcstats.com/fighter-details/f1a9ad7485e5024a
Aaron,Riley,,"5' 8""",155 lbs.,"69.0""",Southpaw,30,14,1,,http://ufcstats.com/fighter-details/f2c8ebbeafd45f2b
Jason,Riley,The Juggernaut,"6' 6""",245 lbs.,--,,10,7,0,,http://ufcstats.com/fighter-details/995af04c697d78b7
Luke,Riley,,"5' 9""",145 lbs.,"69.0""",Orthodox,13,0,0,,http://ufcstats.com/fighter-details/b1de86d835638319
Moise,Rimbon,Swamp,"5' 10""",205 lbs.,--,Orthodox,23,11,3,,http://ufcstats.com/fighter-details/9be3728f3f7badb2
Jordan,Rinaldi,All Day,"5' 10""",145 lbs.,"72.0""",Orthodox,14,7,0,,http://ufcstats.com/fighter-details/c07efc18b231f170
Nick,Ring,The Promise,"6' 0""",185 lbs.,"74.0""",Southpaw,14,4,0,,http://ufcstats.com/fighter-details/b13da0b1a3aed3e7
Robbie,Ring,Razor,"5' 9""",145 lbs.,"68.0""",Orthodox,6,1,0,,http://ufcstats.com/fighter-details/fa9746fa5d23c202
Mike,Rio,The Wolverine,"5' 10""",155 lbs.,"70.0""",Orthodox,10,5,0,,http://ufcstats.com/fighter-details/af90b10c785ced3e
Albert,Rios,,"5' 8""",145 lbs.,--,,13,6,0,,http://ufcstats.com/fighter-details/868a78f2e810a837
Rafael,Rios,,--,150 lbs.,--,,4,2,0,,http://ufcstats.com/fighter-details/2f5754b48eab1486
Maria,Rios,,"5' 5""",125 lbs.,--,,2,3,0,,http://ufcstats.com/fighter-details/9ec12134b1515f12
Shannon,Ritch,The Cannon,"5' 9""",190 lbs.,--,Orthodox,56,83,0,,http://ufcstats.com/fighter-details/1c7cce2f5c17160d
Diego,Rivas,Pitbull,"5' 8""",145 lbs.,"69.0""",Orthodox,10,2,0,,http://ufcstats.com/fighter-details/09f579be4520394a
Jorge,Rivera,El Conquistador,"6' 1""",185 lbs.,"73.0""",Orthodox,20,9,0,,http://ufcstats.com/fighter-details/cb46dface0e28a2c
Dante,Rivera,,"6' 1""",185 lbs.,--,Southpaw,16,7,0,,http://ufcstats.com/fighter-details/288aaa8f82040e02
Mario,Rivera,,"5' 10""",170 lbs.,--,,6,8,0,,http://ufcstats.com/fighter-details/0f7210aa8d61af8d
Francisco,Rivera,Cisco,"5' 8""",135 lbs.,"70.0""",Orthodox,11,7,0,,http://ufcstats.com/fighter-details/7ea4a9f07df33a45
Jonathan,Rivera,,--,155 lbs.,--,,4,2,0,,http://ufcstats.com/fighter-details/145df84ea4dfd904
Jimmie,Rivera,El Terror,"5' 4""",135 lbs.,"68.0""",Orthodox,23,5,0,,http://ufcstats.com/fighter-details/9c907996820d2d69
Irwin,Rivera,The Beast,"5' 6""",135 lbs.,"67.0""",Southpaw,10,6,0,,http://ufcstats.com/fighter-details/06a80a685ea98573
Jerome,Rivera,Renegade,"5' 10""",125 lbs.,"72.0""",Southpaw,10,6,0,,http://ufcstats.com/fighter-details/c9587d81e1d33925
Nicdali,Rivera-Calanoc,The Night Queen,"5' 3""",105 lbs.,--,,9,10,0,,http://ufcstats.com/fighter-details/60917f79b7271d83
Pedro,Rizzo,The Rock,"6' 1""",241 lbs.,--,Orthodox,20,11,0,,http://ufcstats.com/fighter-details/b44f39a5c6596953
Theo,Rlayang,Jungle King,"5' 7""",145 lbs.,"65.0""",Orthodox,5,1,0,,http://ufcstats.com/fighter-details/8aabef76351401d0
Justin,Robbins,,"5' 5""",135 lbs.,--,,14,18,1,,http://ufcstats.com/fighter-details/3b2485c8d5c8b580
Kali,Robbins,Pop Tart,"5' 3""",115 lbs.,"63.0""",Orthodox,6,3,0,,http://ufcstats.com/fighter-details/610caee730f9b89e
Karl,Roberson,Baby K,"6' 1""",205 lbs.,"74.0""",Southpaw,9,6,0,,http://ufcstats.com/fighter-details/37d5b176d438d2a5
Andre,Roberts,The Chief,"6' 2""",345 lbs.,--,Orthodox,14,2,1,,http://ufcstats.com/fighter-details/a54a35a670d8e852
David,Roberts,,"6' 1""",170 lbs.,--,Orthodox,5,8,0,,http://ufcstats.com/fighter-details/775bad6d700d2302
Joey,Roberts,,"6' 2""",200 lbs.,--,,4,3,0,,http://ufcstats.com/fighter-details/c058823a2595ab09
Tyrone,Roberts,Native Warrior,"5' 9""",185 lbs.,--,Orthodox,43,12,1,,http://ufcstats.com/fighter-details/d1e6a6536ee62517
Ryan,Roberts,,"5' 6""",155 lbs.,--,Orthodox,21,12,1,,http://ufcstats.com/fighter-details/35dc6220b113b7ec
Taylor,Roberts,,"5' 11""",170 lbs.,--,,3,12,0,,http://ufcstats.com/fighter-details/c5ec23983dc2d8f4
Daniel,Roberts,Ninja,"5' 10""",170 lbs.,"74.0""",Southpaw,15,7,0,,http://ufcstats.com/fighter-details/22edaf53ad59a967
Buddy,Roberts,,"6' 2""",185 lbs.,--,Orthodox,12,3,0,,http://ufcstats.com/fighter-details/b2a2da86546ddb19
Danny,Roberts,Hot Chocolate,"6' 1""",170 lbs.,"74.0""",Southpaw,18,8,0,,http://ufcstats.com/fighter-details/a6cba6bb66c1a8c9
Roosevelt,Roberts,The Predator,"6' 2""",155 lbs.,"73.0""",Orthodox,12,6,0,,http://ufcstats.com/fighter-details/37c5366d18ed6c05
Kenny,Robertson,,"5' 10""",170 lbs.,"74.0""",Orthodox,15,5,0,,http://ufcstats.com/fighter-details/6e0273f9478be71e
Gillian,Robertson,The Savage,"5' 5""",115 lbs.,"63.0""",Orthodox,17,8,0,,http://ufcstats.com/fighter-details/38c7f72747f4f712
Chad,Robichaux,Robo,"5' 4""",135 lbs.,--,,13,2,0,,http://ufcstats.com/fighter-details/b2aa1e07b5b3306e
Mark,Robinson,White Rhino,"6' 0""",265 lbs.,--,Orthodox,1,0,0,,http://ufcstats.com/fighter-details/4604ab1de9058474
Colin,Robinson,Big C,"6' 4""",243 lbs.,--,Orthodox,10,12,0,,http://ufcstats.com/fighter-details/1a1a4d7a29041d77
Alvin,Robinson,,"5' 9""",155 lbs.,"68.0""",Southpaw,15,9,0,,http://ufcstats.com/fighter-details/cbe79765d44bd172
Damonte,Robinson,,"6' 0""",155 lbs.,"77.0""",,6,1,1,,http://ufcstats.com/fighter-details/2782235b078b72a7
Vagner,Rocha,Ceara,"5' 10""",155 lbs.,"73.0""",Orthodox,14,4,0,,http://ufcstats.com/fighter-details/d403b1a6f278c95e
Carlos Eduardo,Rocha,Ta Danado,"5' 10""",170 lbs.,"73.0""",Orthodox,9,4,0,,http://ufcstats.com/fighter-details/4f736494fc733095
Pedro,Rocha,,--,--,--,,1,0,0,,http://ufcstats.com/fighter-details/5921fd3f889afa3b
Lucas,Rocha,Fenomeno,"5' 3""",125 lbs.,"64.0""",Orthodox,18,2,0,,http://ufcstats.com/fighter-details/e0d3d9b564f95635
Shem,Rock,,"5' 11""",155 lbs.,"73.0""",Southpaw,12,3,1,,http://ufcstats.com/fighter-details/52b6bf4528130e86
Keith,Rockel,Rock,"6' 0""",185 lbs.,--,Orthodox,12,4,1,,http://ufcstats.com/fighter-details/c75b99887c8c3f5a
Luke,Rockhold,,"6' 3""",185 lbs.,"77.0""",Southpaw,16,6,0,,http://ufcstats.com/fighter-details/00e11b5c8b7bfeeb
Kevin,Roddy,K-Rod,"5' 11""",145 lbs.,--,,15,16,1,,http://ufcstats.com/fighter-details/1abf785143f8d5ec
Gregory,Rodrigues,Robocop,"6' 3""",185 lbs.,"75.0""",Orthodox,19,6,0,,http://ufcstats.com/fighter-details/d1c65d2cf2925ddd
Kleydson,Rodrigues,KR,"5' 5""",135 lbs.,"67.0""",Orthodox,8,4,0,,http://ufcstats.com/fighter-details/102a8fdf8cbf7467
Levi,Rodrigues Jr.,Baby Monster,"6' 0""",205 lbs.,"76.0""",Orthodox,6,0,0,,http://ufcstats.com/fighter-details/9ac4e43ed56429ed
Paul,Rodriguez,,"5' 7""",155 lbs.,--,Orthodox,10,9,2,,http://ufcstats.com/fighter-details/26eddcda9d6b2ffe
Ricco,Rodriguez,Suave,"6' 4""",265 lbs.,--,Orthodox,53,25,0,,http://ufcstats.com/fighter-details/50cc91ce2982785d
Manuel,Rodriguez,Chalate,"5' 9""",170 lbs.,--,Orthodox,11,5,0,,http://ufcstats.com/fighter-details/5a6e4d2f0c76a242
Yair,Rodriguez,El Pantera,"5' 11""",145 lbs.,"71.0""",Orthodox,21,6,0,,http://ufcstats.com/fighter-details/cbf5e6f231b55443
Mike,Rodriguez,Slo Mike,"6' 4""",205 lbs.,"82.0""",Southpaw,11,7,0,,http://ufcstats.com/fighter-details/18b602842a24f7c5
Marina,Rodriguez,,"5' 6""",115 lbs.,"65.0""",Orthodox,17,6,2,,http://ufcstats.com/fighter-details/cd2c4d30c6e13b47
Daniel,Rodriguez,D-Rod,"6' 1""",170 lbs.,"74.0""",Southpaw,20,5,0,,http://ufcstats.com/fighter-details/8a1f3b5c526cd6e6
Ray,Rodriguez,The Judge,"5' 7""",135 lbs.,"70.0""",Orthodox,16,8,0,,http://ufcstats.com/fighter-details/90e0985df05e51bc
Ronaldo,Rodriguez,Lazy Boy,"5' 6""",125 lbs.,"65.0""",Orthodox,17,3,0,,http://ufcstats.com/fighter-details/f2900678e98f6d6a
Drako,Rodriguez,,"5' 8""",135 lbs.,"69.0""",Orthodox,7,3,0,,http://ufcstats.com/fighter-details/dc3b9cf7641b7ab6
Victor,Rodriguez,Vicious,"5' 5""",125 lbs.,"67.0""",Switch,7,4,0,,http://ufcstats.com/fighter-details/f6e5972c9d16c40e
Piera,Rodriguez,La Fiera,"5' 3""",115 lbs.,"63.0""",Orthodox,12,2,0,,http://ufcstats.com/fighter-details/e375cb5caf4717b6
Christian,Rodriguez,Ceerod,"5' 7""",145 lbs.,"71.0""",Orthodox,12,4,0,,http://ufcstats.com/fighter-details/5ec591b78349ba7e
Pete,Rodriguez,Dead Game,"5' 9""",170 lbs.,"71.0""",Switch,5,2,0,,http://ufcstats.com/fighter-details/776d4262c4da38bf
Imanol,Rodriguez,Himan,"5' 4""",125 lbs.,"64""",Orthodox,7,0,0,,http://ufcstats.com/fighter-details/6e8349a0a0476d60
Nick,Roehrick,,"6' 2""",205 lbs.,--,Orthodox,7,1,0,,http://ufcstats.com/fighter-details/7195e2a932686f82
Marcos,Rogerio de Lima,Pezao,"6' 1""",253 lbs.,"75.0""",Orthodox,22,10,1,,http://ufcstats.com/fighter-details/ab943cd2c3c17825
Brett,Rogers,The Grim,"6' 5""",265 lbs.,"81.0""",Orthodox,17,10,0,,http://ufcstats.com/fighter-details/9141bb39310773c7
Brian,Rogers,The Professional Predator,"5' 11""",185 lbs.,--,,14,9,0,,http://ufcstats.com/fighter-details/f304aff405c4a8fa
Pete,Rogers Jr.,The Heat,"6' 0""",145 lbs.,--,,2,4,0,,http://ufcstats.com/fighter-details/36f3d235493d35ad
Max,Rohskopf,Rated R,"6' 1""",155 lbs.,"71.0""",Orthodox,5,1,0,,http://ufcstats.com/fighter-details/59a27d2e6d0802ac
Marcelo,Rojo,Pitbull,"5' 8""",145 lbs.,"71.0""",Orthodox,16,10,0,,http://ufcstats.com/fighter-details/2804ce8dadab5770
Shane,Roller,,"5' 10""",155 lbs.,"72.0""",Orthodox,11,7,0,,http://ufcstats.com/fighter-details/75e0d3cc2262b732
Jared,Rollins,J-Roc,"5' 9""",170 lbs.,--,Orthodox,8,4,0,,http://ufcstats.com/fighter-details/c4b6099f0d25f75e
Tim,Roman,,"6' 1""",170 lbs.,--,,3,4,0,,http://ufcstats.com/fighter-details/3b83fec860a45ca1
Alexandr,Romanov,King Kong,"6' 2""",262 lbs.,"75.0""",Southpaw,18,3,0,,http://ufcstats.com/fighter-details/c0badf3243907e59
Ricardo,Romero,,"6' 0""",205 lbs.,"76.0""",Orthodox,11,3,0,,http://ufcstats.com/fighter-details/744e098e065cfdbe
Yoel,Romero,Soldier of God,"6' 0""",185 lbs.,"73.0""",Southpaw,13,5,0,,http://ufcstats.com/fighter-details/f77c68bb4be8516d
Anthony,Romero,The Genius,"5' 11""",155 lbs.,"70.0""",Orthodox,8,0,0,,http://ufcstats.com/fighter-details/6f81399074fcdbba
Kaleio,Romero,KO,"5' 10""",145 lbs.,"69.0""",Switch,6,2,0,,http://ufcstats.com/fighter-details/33df417d0017eb0c
Roberto,Romero,El Charro Negro,"5' 8""",145 lbs.,"70.0""",Orthodox,8,5,1,,http://ufcstats.com/fighter-details/15ea371202eb25e1
Mara,Romero Borella,,"5' 6""",125 lbs.,"69.0""",Orthodox,12,9,0,,http://ufcstats.com/fighter-details/82cbb809d5ee565c
Cortavious,Romious,,"5' 4""",135 lbs.,"68.0""",Southpaw,9,4,0,,http://ufcstats.com/fighter-details/8173f134396cb971
Juancamilo,Ronderos,100,"5' 3""",125 lbs.,"64.0""",Southpaw,4,2,0,,http://ufcstats.com/fighter-details/4a043165cf47cab2
Rongzhu,,,"5' 9""",155 lbs.,"70""",Orthodox,28,6,0,,http://ufcstats.com/fighter-details/a13d755965a4ec9f
Jesse,Ronson,The Body Snatcher,"5' 10""",155 lbs.,"70.0""",Southpaw,21,12,0,,http://ufcstats.com/fighter-details/5580771f383e141f
George,Roop,,"6' 1""",135 lbs.,"72.0""",Orthodox,15,13,1,,http://ufcstats.com/fighter-details/3c0437fbeda06962
Joao,Roque,,"5' 6""",155 lbs.,--,Orthodox,7,2,4,,http://ufcstats.com/fighter-details/0f6528b461e47462
Aaron,Rosa,,"6' 4""",205 lbs.,"77.0""",Orthodox,18,6,0,,http://ufcstats.com/fighter-details/11f8860028b68fcf
Charles,Rosa,Boston Strong,"5' 9""",145 lbs.,"69.0""",Switch,14,8,0,,http://ufcstats.com/fighter-details/40093d1d2d78394e
Karol,Rosa,,"5' 5""",135 lbs.,"67.0""",Orthodox,19,7,0,,http://ufcstats.com/fighter-details/351c4ec637380ad5
Jacob,Rosales,The Lil Badger,"5' 11""",155 lbs.,"74.0""",Orthodox,13,7,0,,http://ufcstats.com/fighter-details/f7faf5b19e0dec2e
Raul,Rosas Jr.,,--,--,--,,0,0,0,,http://ufcstats.com/fighter-details/fe2babf95de24fb1
Hilarie,Rose,,"5' 3""",115 lbs.,"63.0""",Orthodox,4,2,0,,http://ufcstats.com/fighter-details/b9163ec845c3bfc8
Jake,Rosholt,,"6' 1""",185 lbs.,--,Orthodox,12,5,0,,http://ufcstats.com/fighter-details/4f2fcbefb668689d
Jared,Rosholt,,"6' 2""",265 lbs.,"75.0""",Orthodox,14,4,0,,http://ufcstats.com/fighter-details/91ea901c458e95dd
Kevin,Rosier,,"6' 4""",275 lbs.,--,Orthodox,2,6,0,,http://ufcstats.com/fighter-details/598a58db87b890ee
Zach,Rosol,,--,243 lbs.,--,,3,2,0,,http://ufcstats.com/fighter-details/208b6926916867c7
Shannon,Ross,The Turkish Delight,"5' 6""",125 lbs.,"66.0""",Switch,13,9,0,,http://ufcstats.com/fighter-details/51c655162e462ceb
Nick,Rossborough,Leatherface,"6' 5""",205 lbs.,--,,26,19,1,,http://ufcstats.com/fighter-details/ff3a915256b899c0
Kristian,Rothaermel,,"6' 0""",205 lbs.,--,Open Stance,4,3,0,,http://ufcstats.com/fighter-details/af49a6c491ca22a3
Ben,Rothwell,,"6' 4""",265 lbs.,"78.0""",Orthodox,39,14,0,,http://ufcstats.com/fighter-details/bd58d34e39b7b12a
Rick,Roufus,,"6' 0""",207 lbs.,--,Southpaw,4,6,0,,http://ufcstats.com/fighter-details/872b018076f831b0
Khalil,Rountree Jr.,,"6' 1""",205 lbs.,"76.0""",Southpaw,15,7,0,,http://ufcstats.com/fighter-details/749f572d1d3161fb
Ronda,Rousey,Rowdy,"5' 7""",135 lbs.,"66.0""",Orthodox,12,2,0,,http://ufcstats.com/fighter-details/8bdac25ce0bb874d
Ray,Routh,,"5' 8""",185 lbs.,--,Orthodox,2,1,0,,http://ufcstats.com/fighter-details/cba3a2dfbc06ce79
Roberta,Rovel,Crusher,"5' 8""",145 lbs.,--,,4,1,0,,http://ufcstats.com/fighter-details/9d7fbf438766791f
Phil,Rowe,The Fresh Prince,"6' 3""",170 lbs.,"80.0""",Orthodox,11,7,0,,http://ufcstats.com/fighter-details/8e382b585a92affe
Cam,Rowston,,"6' 3""",185 lbs.,"78""",Orthodox,15,3,0,,http://ufcstats.com/fighter-details/8ebc3a8da015d70c
Kain,Royer,,--,185 lbs.,--,,2,2,0,,http://ufcstats.com/fighter-details/712aa894b3a344df
Brad,Royster,,--,135 lbs.,--,,1,2,0,,http://ufcstats.com/fighter-details/09f8c233de88998d
Brandon,Royval,Raw Dawg,"5' 9""",125 lbs.,"68.0""",Southpaw,17,9,0,,http://ufcstats.com/fighter-details/6e15f63b6c2e2c15
Jairzinho,Rozenstruik,Bigi Boy,"6' 2""",242 lbs.,"78.0""",Orthodox,15,6,0,,http://ufcstats.com/fighter-details/2cd428e9606856fd
Mauricio,Rua,Shogun,"6' 1""",205 lbs.,"76.0""",Orthodox,27,14,1,,http://ufcstats.com/fighter-details/140745cbbcb023ac
Murilo,Rua,Ninja,"5' 11""",185 lbs.,--,Orthodox,20,13,1,,http://ufcstats.com/fighter-details/90e7447d8b7f3f35
Marco,Ruas,King of the Streets,"6' 1""",210 lbs.,--,Orthodox,9,4,2,,http://ufcstats.com/fighter-details/597db668b01c442c
Rodrigo,Ruas,,"5' 10""",185 lbs.,--,Orthodox,4,5,1,,http://ufcstats.com/fighter-details/94070f6544c4b2a5
Rodolfo,Rubio Perez,Fito,"5' 5""",145 lbs.,--,Orthodox,10,16,1,,http://ufcstats.com/fighter-details/c4731f43693b96b8
Robert,Ruchala,Faker,"5' 8""",145 lbs.,"72.0""",Switch,11,3,0,,http://ufcstats.com/fighter-details/92aed9d16794f42b
Gabe,Ruediger,Godzilla,"5' 10""",155 lbs.,--,Orthodox,18,8,0,,http://ufcstats.com/fighter-details/ccba80d4820ef557
Mauricio,Ruffy,,"5' 11""",155 lbs.,"75""",Orthodox,14,2,0,,http://ufcstats.com/fighter-details/9c393e836a852f30
Eddie,Ruiz,,"5' 7""",155 lbs.,--,Orthodox,1,1,0,,http://ufcstats.com/fighter-details/7b9aa973e5c04624
Anthony,Ruiz,El Toro,"6' 2""",205 lbs.,--,Orthodox,33,22,0,,http://ufcstats.com/fighter-details/657c21cb133f1445
Paul,Ruiz,,"5' 6""",135 lbs.,--,,7,4,0,,http://ufcstats.com/fighter-details/babc0b19e89cec6e
Montserrat Conejo,Ruiz,,"5' 0""",115 lbs.,"61.0""",Southpaw,10,5,0,,http://ufcstats.com/fighter-details/1235b31de15d0c6e
Mike,Russow,,"6' 1""",255 lbs.,"73.0""",Orthodox,15,3,0,,http://ufcstats.com/fighter-details/353de740bb6c7e75
Bas,Rutten,El Guapo,"6' 1""",205 lbs.,--,Orthodox,28,4,1,,http://ufcstats.com/fighter-details/03688dc3c3af3ac1
Mashrabjon,Ruzibaev,Black Junior,"5' 8""",155 lbs.,"67.0""",Orthodox,20,4,1,,http://ufcstats.com/fighter-details/e5a898f2a1afec67
Nursulton,Ruziboev,Black,"6' 5""",185 lbs.,"76""",Orthodox,37,9,2,,http://ufcstats.com/fighter-details/49d2a08964c5eb11
Casey,Ryan,,--,185 lbs.,--,,7,3,0,,http://ufcstats.com/fighter-details/5b1b383265433f51
Yusup,Saadulaev,Maestro,"5' 6""",135 lbs.,--,,16,4,1,,http://ufcstats.com/fighter-details/b1669a810fae4220
Cameron,Saaiman,MSP,"5' 8""",135 lbs.,"67.0""",Southpaw,9,3,0,,http://ufcstats.com/fighter-details/3c8a5200436e19f3
Pete,Sabala,,--,135 lbs.,--,,3,15,0,,http://ufcstats.com/fighter-details/7956f026e2672c47
Danny,Sabatello,Italian Gangster,"5' 10""",135 lbs.,"71.0""",Orthodox,9,1,0,,http://ufcstats.com/fighter-details/cb7ee07982de2a28
Pat,Sabatini,,"5' 8""",145 lbs.,"70.0""",Orthodox,22,5,0,,http://ufcstats.com/fighter-details/b8bbdeff718dbb7d
Amir,Sadollah,,"5' 10""",170 lbs.,"75.0""",Orthodox,6,5,0,,http://ufcstats.com/fighter-details/2650e2f846a30f64
Nazim,Sadykhov,Black Wolf,"5' 10""",155 lbs.,"69.0""",Southpaw,11,2,1,,http://ufcstats.com/fighter-details/ff62013d2fce6d13
Frankie,Saenz,,"5' 6""",135 lbs.,"66.0""",Orthodox,13,7,0,,http://ufcstats.com/fighter-details/9ba2226646046b63
Terrance,Saeteurn,Wrong Turn,"5' 6""",125 lbs.,"67.0""",Orthodox,8,2,0,,http://ufcstats.com/fighter-details/a78f7a9135eb6249
Saparbeg,Safarov,,"6' 1""",185 lbs.,"78.0""",Orthodox,9,3,0,,http://ufcstats.com/fighter-details/88d7b6d8230e1f3f
Tarec,Saffiedine,Sponge,"5' 10""",170 lbs.,"70.0""",Switch,16,7,0,,http://ufcstats.com/fighter-details/0749d968e932df53
Jason,Saggo,,"5' 11""",155 lbs.,"71.0""",Orthodox,12,4,0,,http://ufcstats.com/fighter-details/4ac1ecf8ce59ef23
Kiru,Sahota,,"5' 10""",125 lbs.,"73.0""",Orthodox,12,3,0,,http://ufcstats.com/fighter-details/296a120cb880477b
Tatsuya,Saika,Yanbo,"6' 0""",155 lbs.,"73.0""",Orthodox,11,5,0,,http://ufcstats.com/fighter-details/cc4e571964b084d4
Mridul,Saikia,Crusher,"5' 7""",125 lbs.,"68.0""",Orthodox,8,1,0,,http://ufcstats.com/fighter-details/96c76dd695eb3b88
Kaushik,Saikumar,The Pride of Chennai,"5' 10""",135 lbs.,"71.0""",Orthodox,5,1,0,,http://ufcstats.com/fighter-details/6a6c4709ebc5499a
Benoit,Saint Denis,God of War,"5' 11""",155 lbs.,"73.0""",Southpaw,17,3,0,,http://ufcstats.com/fighter-details/c2299ec916bc7c56
Ovince,Saint Preux,,"6' 3""",205 lbs.,"80.0""",Southpaw,27,18,0,,http://ufcstats.com/fighter-details/50db8711c70196cd
Lukasz,Sajewski,Wookie,"5' 8""",155 lbs.,"71.0""",Orthodox,13,3,0,,http://ufcstats.com/fighter-details/fb41432b622992a9
Yukio,Sakaguchi,,"5' 9""",185 lbs.,--,Orthodox,6,7,0,,http://ufcstats.com/fighter-details/94a5aaf573f780ad
Augusto,Sakai,,"6' 3""",265 lbs.,"77.0""",Orthodox,16,5,1,,http://ufcstats.com/fighter-details/441eacbe20e0e80b
Alessio,Sakara,Legionarius,"6' 0""",185 lbs.,"72.0""",Orthodox,19,11,0,,http://ufcstats.com/fighter-details/7f955f71fa2ce7ac
Wataru,Sakata,,"5' 9""",195 lbs.,--,Southpaw,11,14,0,,http://ufcstats.com/fighter-details/d7907a9a968e4d29
Gokhan,Saki,The Rebel,"6' 0""",205 lbs.,"73.0""",Orthodox,1,2,0,,http://ufcstats.com/fighter-details/4690d47bf725fd98
Kazushi,Sakuraba,The Gracie Hunter,"6' 0""",185 lbs.,--,Southpaw,26,17,1,,http://ufcstats.com/fighter-details/9b5b5a75523728f3
Hayato,Sakurai,Mach,"5' 7""",168 lbs.,--,Orthodox,38,13,2,,http://ufcstats.com/fighter-details/85e26e2468b4e82f
Ryuta,Sakurai,,"5' 7""",183 lbs.,--,Orthodox,24,24,6,,http://ufcstats.com/fighter-details/ff9578cdbfabd323
Justin,Salas,J-Bomb,"5' 8""",155 lbs.,"70.0""",Southpaw,12,7,0,,http://ufcstats.com/fighter-details/9b198c73e3d0d289
Ivan,Salaverry,,"6' 0""",185 lbs.,--,Orthodox,14,9,0,,http://ufcstats.com/fighter-details/394f55ebca199124
Roman,Salazar,El Gallito,"5' 7""",135 lbs.,--,Orthodox,10,6,0,,http://ufcstats.com/fighter-details/72c4b253d2f5ebf2
Luis,Saldana,,"5' 11""",145 lbs.,"73.0""",Orthodox,16,7,1,,http://ufcstats.com/fighter-details/12e0fdc606f7e274
John,Salgado,Greco,"5' 10""",170 lbs.,--,,4,8,1,,http://ufcstats.com/fighter-details/3e36811b7bc1f6ad
Muslim,Salikhov,King of Kung Fu,"5' 11""",170 lbs.,"70""",Orthodox,22,6,0,,http://ufcstats.com/fighter-details/447f9858ae78f921
Gabriel,Salinas-Jones,,"6' 1""",245 lbs.,--,,5,2,1,,http://ufcstats.com/fighter-details/74d5f71eeb0c66c7
Brandon,Saling,White Steel,"5' 10""",170 lbs.,--,,8,6,0,,http://ufcstats.com/fighter-details/a049aa06508b9c7b
Quillan,Salkilld,,"6' 0""",155 lbs.,"75.0""",Orthodox,12,1,0,,http://ufcstats.com/fighter-details/17734443a833cdf7
Sean,Salmon,,"5' 10""",185 lbs.,--,Southpaw,18,21,0,,http://ufcstats.com/fighter-details/7c0847d3854a95f2
Boston,Salmon,Boom Boom,"5' 9""",135 lbs.,"69.0""",Southpaw,6,3,0,,http://ufcstats.com/fighter-details/98e946879ba20c0f
John,Salter,,"6' 1""",185 lbs.,"74.0""",Southpaw,14,3,0,,http://ufcstats.com/fighter-details/010986ee359fb863
Vinicius,Salvador,,"5' 7""",135 lbs.,"70.0""",Southpaw,14,7,0,,http://ufcstats.com/fighter-details/65cdf4ec31143d86
Dylan,Salvador,,"5' 9""",155 lbs.,"69.0""",Southpaw,5,2,0,,http://ufcstats.com/fighter-details/a7a3fb5f6c67b122
Josh,Samman,Anqa,"6' 3""",185 lbs.,"79.0""",Orthodox,13,4,0,,http://ufcstats.com/fighter-details/9deff9e3e8d94d47
Johnny,Sampaio,,"5' 8""",170 lbs.,--,Orthodox,3,1,0,,http://ufcstats.com/fighter-details/b23388ff8ac6637b
Josh,Sampo,The Gremlin,"5' 4""",125 lbs.,"64.0""",Orthodox,11,5,0,,http://ufcstats.com/fighter-details/f65dcb22dada2223
Josh,San Diego,JSD,"5' 10""",135 lbs.,--,,8,3,0,,http://ufcstats.com/fighter-details/983e281d257c24dc
Samuel,Sanches,The Prodigy,"5' 10""",155 lbs.,"74.0""",Orthodox,11,1,0,,http://ufcstats.com/fighter-details/438d497617ecb16e
Diego,Sanchez,Nightmare,"5' 10""",170 lbs.,"72.0""",Southpaw,31,13,0,,http://ufcstats.com/fighter-details/82e7929bf6c2b689
Eddie,Sanchez,The Manic Hispanic,"6' 2""",230 lbs.,"74.0""",Orthodox,15,8,0,,http://ufcstats.com/fighter-details/7f0b4a75ef3039a3
Julian,Sanchez,,"6' 3""",300 lbs.,--,Orthodox,0,1,0,,http://ufcstats.com/fighter-details/c6da1c24fe473418
Bobby,Sanchez,The Kid,"5' 7""",155 lbs.,--,Orthodox,10,35,0,,http://ufcstats.com/fighter-details/6a0047ac8c99fece
Donald,Sanchez,,"5' 10""",145 lbs.,--,,31,17,0,,http://ufcstats.com/fighter-details/bb140b121283acbb
Joby,Sanchez,,"5' 6""",135 lbs.,"68.0""",Orthodox,11,4,0,,http://ufcstats.com/fighter-details/b12fc8a41e82d3a2
Emmanuel,Sanchez,El Matador,"5' 9""",145 lbs.,"71.0""",,15,3,0,,http://ufcstats.com/fighter-details/243a336eaa2d2eb4
Erick,Sanchez,,"5' 10""",145 lbs.,--,,8,3,0,,http://ufcstats.com/fighter-details/ef3663798164adf0
Andrew,Sanchez,El Dirte,"6' 1""",185 lbs.,"74.0""",Orthodox,13,7,0,,http://ufcstats.com/fighter-details/fccf811c1e8b01c7
Robert,Sanchez,Littlefury,"5' 6""",125 lbs.,"66.0""",Orthodox,8,2,0,,http://ufcstats.com/fighter-details/546f8599a63c29da
Jesse,Sanders,,"6' 0""",170 lbs.,--,Orthodox,23,7,0,,http://ufcstats.com/fighter-details/59aaf2730b84698a
Luke,Sanders,Cool Hand,"5' 6""",135 lbs.,"67.0""",Southpaw,13,5,0,,http://ufcstats.com/fighter-details/96428b9e9bd048ea
Jerrod,Sanders,J-Reazie,"5' 8""",135 lbs.,"72.0""",Orthodox,16,3,0,,http://ufcstats.com/fighter-details/12f1b140e248bdb9
Cory,Sandhagen,,"5' 11""",135 lbs.,"70.0""",Switch,18,6,0,,http://ufcstats.com/fighter-details/65f09bacd3957381
Hugo,Sandoval,,--,135 lbs.,--,,2,3,0,,http://ufcstats.com/fighter-details/9d51bcc281aa0514
Raul,Sandoval,,--,130 lbs.,--,,3,3,0,,http://ufcstats.com/fighter-details/f9ad10f6a49e5452
Joseph,Sandoval,,"5' 7""",135 lbs.,--,Southpaw,7,7,0,,http://ufcstats.com/fighter-details/696002b59f09d73b
Hector,Sandoval,Kid Alex,"5' 2""",125 lbs.,"64.0""",Orthodox,14,4,0,,http://ufcstats.com/fighter-details/449c890bd90f3374
Chris,Sanford,,"5' 11""",185 lbs.,--,Orthodox,5,1,0,,http://ufcstats.com/fighter-details/29f935654825331b
Roldan,Sangcha'an,The Executioner,"5' 4""",125 lbs.,--,Orthodox,4,2,0,,http://ufcstats.com/fighter-details/57887765f831e228
Yuhi,Sano,,"5' 11""",243 lbs.,--,Orthodox,0,4,0,,http://ufcstats.com/fighter-details/4c12aa7ca246e7a4
Martin,Sano,Spartan,"5' 11""",170 lbs.,"75.0""",Orthodox,4,3,1,,http://ufcstats.com/fighter-details/16a64f93f6678b7b
Jonathan,Santa Maria,,"5' 9""",125 lbs.,--,,3,4,0,,http://ufcstats.com/fighter-details/3143e5daff9e5b71
Duda,Santana,Cowboyzinha,"5' 7""",145 lbs.,"73.0""",Orthodox,3,1,0,,http://ufcstats.com/fighter-details/d6ead04919a894b1
Shaheen,Santana,Shazam,"6' 1""",155 lbs.,"75.0""",Orthodox,6,1,0,,http://ufcstats.com/fighter-details/19809d475ed832d5
Neemias,Santana,,"6' 2""",185 lbs.,"76.0""",Orthodox,7,3,1,,http://ufcstats.com/fighter-details/86989ee8fe97884d
Sean,Santella,Shorty Rock,"5' 5""",125 lbs.,--,,17,6,1,,http://ufcstats.com/fighter-details/39792c2f42c9f527
Jorge,Santiago,The Sandman,"6' 1""",170 lbs.,"75.0""",Orthodox,25,12,0,,http://ufcstats.com/fighter-details/f8dc544e7077d014
Mike,Santiago,,"5' 10""",145 lbs.,"69.0""",Orthodox,19,12,0,,http://ufcstats.com/fighter-details/bc656db347f31e19
Will,Santiago,The Brown Bomber,"5' 7""",185 lbs.,--,Orthodox,9,5,0,,http://ufcstats.com/fighter-details/4920292f5d9b76df
Richie,Santiago,The Milford Mauler,"5' 7""",135 lbs.,"67.0""",Southpaw,7,2,0,,http://ufcstats.com/fighter-details/9f95d6b5b459cc6b
Jose,Santibanez,,--,155 lbs.,--,,10,3,0,,http://ufcstats.com/fighter-details/8299206ccebc44a7
Art,Santore,Pachuco,"6' 2""",185 lbs.,--,,18,8,0,,http://ufcstats.com/fighter-details/012fc7cd0779c09a
Adriano,Santos,,--,--,--,,0,1,0,,http://ufcstats.com/fighter-details/c6e6926a81adcd00
Paulo,Santos,,--,--,--,,0,3,0,,http://ufcstats.com/fighter-details/7ca4c3f8aa8bacae
Evangelista,Santos,Cyborg,"5' 10""",170 lbs.,"76.0""",Orthodox,21,18,0,,http://ufcstats.com/fighter-details/99bf06f20491cb54
Luis,Santos,,"6' 1""",170 lbs.,--,Southpaw,63,10,1,,http://ufcstats.com/fighter-details/7701377be464d2ef
Iliarde,Santos,,"5' 5""",125 lbs.,"67.0""",Orthodox,30,13,1,,http://ufcstats.com/fighter-details/14aa21bc82cac57d
Leonardo,Santos,,"6' 0""",155 lbs.,"75.0""",Orthodox,18,7,1,,http://ufcstats.com/fighter-details/9c65736747ca92ec
Thiago,Santos,Marreta,"6' 2""",205 lbs.,"76.0""",Orthodox,22,11,0,,http://ufcstats.com/fighter-details/dea070ed4a2a8281
Bruno,Santos,Carioca,"5' 9""",185 lbs.,--,Orthodox,15,2,0,,http://ufcstats.com/fighter-details/da1d8d76404bb6b5
Andre,Santos,Chatuba,"6' 0""",170 lbs.,--,,38,10,0,,http://ufcstats.com/fighter-details/5b5b78116d1fc3eb
Gleristone,Santos,Toninho Furia,"5' 9""",145 lbs.,--,,33,7,0,,http://ufcstats.com/fighter-details/d12ee718fb35c35c
Yana,Santos,,"5' 6""",135 lbs.,"68.0""",Orthodox,17,8,0,,http://ufcstats.com/fighter-details/3143bf892608139a
Taila,Santos,,"5' 6""",125 lbs.,"68.0""",Orthodox,19,3,0,,http://ufcstats.com/fighter-details/f7467152fd9f18a2
Marilia,Santos,Chocolate,"5' 4""",125 lbs.,--,Orthodox,10,3,0,,http://ufcstats.com/fighter-details/4cb79988b2a9bd07
Edivan,Santos,Pe De Sapo,"6' 4""",248 lbs.,"78.0""",Orthodox,12,3,1,,http://ufcstats.com/fighter-details/78719f6663ad9160
Daniel,Santos,Willycat,"5' 7""",145 lbs.,"67.0""",Orthodox,14,3,0,,http://ufcstats.com/fighter-details/b67d6bacc68d4c92
Gabriel,Santos,Mosquitinho,"5' 9""",145 lbs.,"70.0""",Orthodox,12,2,0,,http://ufcstats.com/fighter-details/f2f140ce7532e327
Luana,Santos,,"5' 6""",135 lbs.,"67.0""",Orthodox,10,2,0,,http://ufcstats.com/fighter-details/5078e1dacf9d25f4
Djorden,Santos,Shakur,"6' 0""",185 lbs.,"75""",Orthodox,11,3,0,,http://ufcstats.com/fighter-details/312f7d7b2b2f7de4
Mairon,Santos,The Legend,"5' 7""",145 lbs.,"72""",Orthodox,18,1,0,,http://ufcstats.com/fighter-details/480779d7f9a424d3
Nick,Sanzo,,"5' 9""",190 lbs.,--,,1,1,0,,http://ufcstats.com/fighter-details/1d147d4163a6989b
Bob,Sapp,The Beast,"6' 5""",350 lbs.,--,Orthodox,11,20,0,,http://ufcstats.com/fighter-details/9f3d6ddef3d3cccc
Daniel,Sarafian,,"5' 9""",185 lbs.,"73.0""",Orthodox,10,6,0,,http://ufcstats.com/fighter-details/7e47047d0971d566
Jeka,Saragih,,"5' 8""",145 lbs.,"69.0""",Orthodox,14,5,0,,http://ufcstats.com/fighter-details/57186c150c645200
Diego,Saraiva,The Octopus,"5' 6""",155 lbs.,--,Orthodox,22,20,1,,http://ufcstats.com/fighter-details/4f4dac51adc1af4f
Gokhan,Saricam,,"6' 3""",265 lbs.,"75.0""",Orthodox,12,2,0,,http://ufcstats.com/fighter-details/1a97a3ef4c758fae
Harris,Sarmiento,The Hitman,"5' 9""",155 lbs.,--,Orthodox,36,26,0,,http://ufcstats.com/fighter-details/026b4f7049085842
Alexander,Sarnavskiy,Tiger,"5' 11""",155 lbs.,--,,35,6,0,,http://ufcstats.com/fighter-details/2097b1a5ff47dfb0
Yuki,Sasaki,,"6' 2""",185 lbs.,--,Orthodox,25,22,2,,http://ufcstats.com/fighter-details/e5c38954c006f15c
Kyosuke,Sasaki,,"5' 7""",183 lbs.,--,Southpaw,3,7,4,,http://ufcstats.com/fighter-details/23bd78c3f89bdb54
Yuta,Sasaki,Ulka,"5' 10""",125 lbs.,"71.0""",Southpaw,21,6,2,,http://ufcstats.com/fighter-details/7c3c48cf54a2848e
Paul,Sass,,"6' 0""",155 lbs.,"73.0""",Orthodox,14,2,0,,http://ufcstats.com/fighter-details/7b143a54451263d9
Keisuke,Sasu,Sasuke,"5' 5""",145 lbs.,"69.0""",Switch,11,3,1,,http://ufcstats.com/fighter-details/b7bcf6dfbbb7c16c
Masaaki,Satake,,"6' 1""",220 lbs.,--,Orthodox,1,8,1,,http://ufcstats.com/fighter-details/f4a031ac205ac580
Takenori,Sato,,"5' 10""",170 lbs.,--,Southpaw,19,11,7,,http://ufcstats.com/fighter-details/276c60b14b571dd4
Takashi,Sato,Ten,"5' 10""",170 lbs.,"73.0""",Southpaw,16,7,0,,http://ufcstats.com/fighter-details/8abac218746e04ca
Shogo,Sato,Tora,"5' 7""",170 lbs.,"66.0""",Southpaw,5,1,0,,http://ufcstats.com/fighter-details/c982b98d33825763
Uran,Satybaldiev,Gorilla,"6' 4""",205 lbs.,"79.0""",Orthodox,9,1,0,,http://ufcstats.com/fighter-details/02f484417a6fa69d
Jeimeson,Saudino,The Minion,"5' 6""",135 lbs.,--,,8,5,0,,http://ufcstats.com/fighter-details/f6f9d41669dd3eaa
Tom,Sauer,,"6' 1""",263 lbs.,--,,25,12,0,,http://ufcstats.com/fighter-details/36ab6af06e312b41
Townsend,Saunders,,"5' 5""",170 lbs.,--,Orthodox,0,2,0,,http://ufcstats.com/fighter-details/20bd6c3e03c46ee6
Ben,Saunders,Killa B,"6' 2""",170 lbs.,"77.0""",Orthodox,22,13,2,,http://ufcstats.com/fighter-details/484acc7b0f856ce9
Chad W.,Saunders,,"5' 10""",170 lbs.,--,Orthodox,7,2,0,,http://ufcstats.com/fighter-details/4fe9492959834bf7
Chris,Saunders,The So Cal Kid,"5' 8""",155 lbs.,--,,16,8,0,,http://ufcstats.com/fighter-details/b35a159f525764eb
Christien,Savoie,The Tiger,"5' 11""",170 lbs.,"72.0""",Orthodox,10,2,1,,http://ufcstats.com/fighter-details/67f0d1b1b0b39bec
Lumumba,Sayers,,"6' 0""",185 lbs.,--,,6,5,0,,http://ufcstats.com/fighter-details/402ea3b5ee233852
Matt,Sayles,,"5' 7""",155 lbs.,"68.0""",Orthodox,8,4,0,,http://ufcstats.com/fighter-details/5b8ba8f5512893b1
Brandon,Sayles,Man of War,"6' 5""",265 lbs.,--,,5,1,0,,http://ufcstats.com/fighter-details/72b7c071910990b1
Mikheil,Sazhiniani,Spartan,"6' 0""",205 lbs.,"71.0""",Orthodox,13,3,0,,http://ufcstats.com/fighter-details/22a1f83edb865aee
Mark,Scanlon,,"5' 9""",170 lbs.,--,Orthodox,9,2,0,,http://ufcstats.com/fighter-details/771b60ff889661c8
Eric,Schafer,Red,"6' 3""",185 lbs.,"76.0""",Orthodox,14,8,2,,http://ufcstats.com/fighter-details/f59f1d3a2ff13edd
Kerry,Schall,Meat Truck,"6' 2""",265 lbs.,--,Orthodox,24,13,0,,http://ufcstats.com/fighter-details/030f08370fd1c2bb
Eric,Schambari,,"5' 11""",185 lbs.,--,Orthodox,15,6,0,,http://ufcstats.com/fighter-details/66e981516e2476d1
Brendan,Schaub,Big Brown,"6' 4""",245 lbs.,"78.0""",Orthodox,10,5,0,,http://ufcstats.com/fighter-details/89a407032911e27e
Matheus,Scheffel,Buffa,"6' 2""",205 lbs.,"75.0""",Orthodox,14,7,0,,http://ufcstats.com/fighter-details/a296ad1d238d97df
Antonio,Schembri,Nino,"5' 9""",205 lbs.,--,Orthodox,5,5,0,,http://ufcstats.com/fighter-details/a3244e3238541482
Fabiano,Scherner,Pegaleve,"6' 3""",257 lbs.,--,Orthodox,11,10,0,,http://ufcstats.com/fighter-details/0bc7e61d204f2137
Samy,Schiavo,,"5' 8""",155 lbs.,--,Orthodox,10,6,0,,http://ufcstats.com/fighter-details/1208ffc5be6e31ad
Pat,Schilling,Thrilling,"5' 8""",145 lbs.,--,Orthodox,5,2,0,,http://ufcstats.com/fighter-details/de12bd65e2f46478
Joe,Schilling,,"6' 3""",185 lbs.,--,,2,5,0,,http://ufcstats.com/fighter-details/f41fad444939056b
Semmy,Schilt,Hightower,"6' 10""",265 lbs.,--,Orthodox,26,14,1,,http://ufcstats.com/fighter-details/d5ed14b2153c6ed2
Adam,Schindler,,"5' 8""",155 lbs.,--,,10,6,0,,http://ufcstats.com/fighter-details/89ea01f5a7ada40c
Ollie,Schmid,The Hungarian Stallion,"6' 0""",145 lbs.,"71.0""",Orthodox,4,3,0,,http://ufcstats.com/fighter-details/b701f095e6ccb149
Daniel,Schmitt,,--,185 lbs.,--,,2,3,0,,http://ufcstats.com/fighter-details/bd02e222a6166d50
Colleen,Schneider,,--,135 lbs.,--,,11,7,0,,http://ufcstats.com/fighter-details/aa943b9bc00cb0ed
Matt,Schnell,Danger,"5' 8""",125 lbs.,"70.0""",Orthodox,17,10,0,,http://ufcstats.com/fighter-details/67c1d46f4ed16f9e
Alex,Schoenauer,,"6' 3""",185 lbs.,--,Orthodox,15,10,0,,http://ufcstats.com/fighter-details/fdfef29ba17ee525
Bailey,Schoenfelder,Berserk,"6' 3""",265 lbs.,"76.0""",Orthodox,5,1,0,,http://ufcstats.com/fighter-details/b0353e7f5038dd09
Darrill,Schoonover,The Boss,"6' 2""",220 lbs.,--,Orthodox,14,8,0,,http://ufcstats.com/fighter-details/5a558ba1ff5e9121
Bob,Schrijber,Dirty,"6' 0""",240 lbs.,--,Orthodox,20,17,1,,http://ufcstats.com/fighter-details/d86e913c548c07c2
Nate,Schroeder,,"6' 1""",230 lbs.,--,,11,10,0,,http://ufcstats.com/fighter-details/040426baba8a45e8
Lacey,Schuckman,,"5' 3""",125 lbs.,--,,11,10,0,,http://ufcstats.com/fighter-details/e44c679c30403cba
Mark,Schultz,,"5' 9""",200 lbs.,--,Orthodox,1,1,0,,http://ufcstats.com/fighter-details/c1684f00c626f4c0
Wes,Schultz,Party Time,"6' 1""",185 lbs.,"77.0""",Orthodox,9,3,0,,http://ufcstats.com/fighter-details/b4443fae47e7eb9d
Brian,Schwartz,,"6' 3""",170 lbs.,--,Orthodox,1,1,0,,http://ufcstats.com/fighter-details/99c80d2bd5dbe5a9
Eric,Schwartz,,--,205 lbs.,--,,2,0,0,,http://ufcstats.com/fighter-details/79cbdf233e5e0496
Justin,Scoggins,,"5' 7""",125 lbs.,"66.0""",Southpaw,11,5,0,,http://ufcstats.com/fighter-details/9fa568ad2bf2cb0b
Brad,Scott,Bear,"6' 1""",170 lbs.,"76.0""",Orthodox,11,6,0,,http://ufcstats.com/fighter-details/34e552520a934063
Greg,Scott,,"5' 9""",145 lbs.,--,,3,4,0,,http://ufcstats.com/fighter-details/0b235384fe23fc9c
Louis Lee,Scott,Lightning,"5' 8""",135 lbs.,"70.0""",Orthodox,10,0,0,,http://ufcstats.com/fighter-details/4327506eb9ee342f
Zachary,Scroggin,,"6' 3""",170 lbs.,"74.0""",Orthodox,7,1,0,,http://ufcstats.com/fighter-details/03dee485905dbc9f
Mike,Seal,Crazy Boy,"6' 4""",185 lbs.,--,Orthodox,13,15,1,,http://ufcstats.com/fighter-details/0c01568b1ac77bff
Demba,Seck,Black Tiger,"6' 1""",145 lbs.,"74.0""",Orthodox,10,3,0,,http://ufcstats.com/fighter-details/b9af9f8834e39d3e
Matt,Secor,,"6' 0""",170 lbs.,--,,8,4,0,,http://ufcstats.com/fighter-details/d1ce40aca99a9b70
Kenneth,Seegrist,,"6' 0""",185 lbs.,--,Orthodox,4,7,0,,http://ufcstats.com/fighter-details/55e94a9b525dcf45
Neil,Seery,2Tap,"5' 4""",125 lbs.,"64.0""",Orthodox,16,13,0,,http://ufcstats.com/fighter-details/49a74b9fb2e45fdf
Rony,Sefo,,"5' 9""",225 lbs.,--,Orthodox,0,2,0,,http://ufcstats.com/fighter-details/d6b68eaf4b68b160
Ray,Sefo,Sugarfoot,"6' 0""",240 lbs.,--,Orthodox,2,2,0,,http://ufcstats.com/fighter-details/646d5dbe509accd4
Brendan,Seguin,,"6' 0""",185 lbs.,--,,23,19,1,,http://ufcstats.com/fighter-details/e4bb7e483c4ad318
Tetsuya,Seki,,"5' 10""",155 lbs.,--,,14,8,1,,http://ufcstats.com/fighter-details/5e1062e066c601e6
Stefan,Sekulic,,"6' 0""",170 lbs.,"75.0""",Southpaw,12,4,0,,http://ufcstats.com/fighter-details/348dff4e03bd18c6
Pete,Sell,Drago,"5' 11""",170 lbs.,"75.0""",Orthodox,10,7,0,,http://ufcstats.com/fighter-details/0359313549d230a1
Matthew,Semelsberger,Semi The Jedi,"6' 1""",170 lbs.,"75.0""",Switch,11,8,0,,http://ufcstats.com/fighter-details/4aa58269d0664b5b
Andrei,Semenov,,"6' 0""",185 lbs.,--,Orthodox,34,9,2,,http://ufcstats.com/fighter-details/5f2f0da6fd6a84fd
Mackens,Semerzier,Da Menace,"5' 9""",145 lbs.,"72.0""",Orthodox,8,4,0,,http://ufcstats.com/fighter-details/51b1e2fd9872005b
Brandon,Sene,,"5' 11""",205 lbs.,--,,2,2,0,,http://ufcstats.com/fighter-details/3ed134d85dfbd7b4
YeDam,Seo,,"5' 3""",115 lbs.,"63.0""",Orthodox,7,4,0,,http://ufcstats.com/fighter-details/762572d67204fadb
DongHyun,Seo,Pinnacle,"5' 7""",145 lbs.,"67.0""",Orthodox,7,3,1,,http://ufcstats.com/fighter-details/0505e27a5d00704a
Kim In,Seok,,"5' 6""",145 lbs.,--,Orthodox,3,6,0,,http://ufcstats.com/fighter-details/88b250ba222c3a98
Ray,Seraille,,"6' 3""",246 lbs.,--,,8,9,0,,http://ufcstats.com/fighter-details/2f04c4183523be2e
Ivan,Serati,,"6' 0""",205 lbs.,--,Orthodox,12,4,0,,http://ufcstats.com/fighter-details/b23fca14c7b79935
Alex,Serdyukov,The Russian Crusher,"6' 2""",170 lbs.,"74.0""",Orthodox,8,5,0,,http://ufcstats.com/fighter-details/253d3f9e97ca149a
Nicholas,Sergiacomi,,--,170 lbs.,--,,1,1,0,,http://ufcstats.com/fighter-details/efab191f204ffa17
Matt,Serra,The Terra,"5' 6""",170 lbs.,"68.0""",Orthodox,11,7,0,,http://ufcstats.com/fighter-details/86dfed7cc24a9fa7
Nick,Serra,The Mad Monkey,"5' 9""",170 lbs.,--,Orthodox,7,3,0,,http://ufcstats.com/fighter-details/1975c2272ba40e71
Adrian,Serrano,,"5' 8""",170 lbs.,--,,56,29,4,,http://ufcstats.com/fighter-details/e7ec11096eac0282
Fredy,Serrano,El Profe,"5' 3""",125 lbs.,"65.0""",Orthodox,3,2,0,,http://ufcstats.com/fighter-details/0ccab7c889ede9ea
Carl,Seumanutafa,,"6' 1""",255 lbs.,--,Orthodox,10,8,0,,http://ufcstats.com/fighter-details/dadaeb402526dca5
Igor,Severino,,"5' 7""",125 lbs.,"69.0""",Orthodox,8,1,0,,http://ufcstats.com/fighter-details/6ad8e4296f7522d9
Dan,Severn,The Beast,"6' 2""",250 lbs.,--,Southpaw,101,19,1,,http://ufcstats.com/fighter-details/c670aa48827d6be6
Rosi,Sexton,The Surgeon,"5' 3""",135 lbs.,--,Orthodox,13,5,0,,http://ufcstats.com/fighter-details/5dfe71ade71f3a4b
Rodrigo,Sezinando,,"5' 9""",170 lbs.,"71.0""",Orthodox,9,2,0,,http://ufcstats.com/fighter-details/c06d6b18862f9a53
Scott,Shaffer,,"5' 7""",145 lbs.,--,Orthodox,0,1,0,,http://ufcstats.com/fighter-details/5c38639f860a5542
Edmen,Shahbazyan,The Golden Boy,"6' 2""",185 lbs.,"74""",Orthodox,16,6,0,,http://ufcstats.com/fighter-details/4144798612ef96e5
Leon,Shahbazyan,,"6' 4""",170 lbs.,"74.0""",Orthodox,7,2,0,,http://ufcstats.com/fighter-details/9eed2bcc9e0b92af
Don,Shainis,Shameless,"5' 6""",145 lbs.,"67.0""",Orthodox,12,5,0,,http://ufcstats.com/fighter-details/da4628f173337902
Liliya,Shakirova,,"5' 4""",125 lbs.,"65.0""",Orthodox,8,2,0,,http://ufcstats.com/fighter-details/f300763147320d12
Kamal,Shalorus,Prince of Persia,"5' 8""",155 lbs.,"68.0""",Orthodox,9,5,2,,http://ufcstats.com/fighter-details/ece280745f8727b8
Ken,Shamrock,The World's Most Dangerous Man,"6' 1""",205 lbs.,"72.0""",Orthodox,28,17,2,,http://ufcstats.com/fighter-details/63b65af1c5cb02cb
Frank,Shamrock,,"5' 10""",185 lbs.,--,Orthodox,23,10,2,,http://ufcstats.com/fighter-details/fcaae0385b514f11
Shang,Zhifa,Northeast Flying Tiger,"5' 7""",125 lbs.,"63.0""",Orthodox,32,8,0,,http://ufcstats.com/fighter-details/5a7350645bc9bd6e
Sean,Sharaf,The Smoke,"6' 3""",252 lbs.,"77""",Orthodox,4,2,0,,http://ufcstats.com/fighter-details/0f3a990526c5e706
Priya,Sharma,The Catwoman,"5' 1""",115 lbs.,"59.0""",Orthodox,5,2,0,,http://ufcstats.com/fighter-details/5f23eaf9e9c34667
Jason,Sharp,,--,205 lbs.,--,,3,3,0,,http://ufcstats.com/fighter-details/285e32e41f61a5b1
Eric,Shelton,Showtime,"5' 6""",125 lbs.,"68.0""",Orthodox,12,6,0,,http://ufcstats.com/fighter-details/a0c64f272b65d441
Sean,Sherk,The Muscle Shark,"5' 6""",155 lbs.,"67.0""",Orthodox,36,4,1,,http://ufcstats.com/fighter-details/029880cdbf5ca089
Chase,Sherman,The Vanilla Gorilla,"6' 4""",250 lbs.,"78.0""",Orthodox,16,12,0,,http://ufcstats.com/fighter-details/01b352b6a9074d5c
Valentina,Shevchenko,Bullet,"5' 5""",125 lbs.,"66.0""",Southpaw,26,4,1,,http://ufcstats.com/fighter-details/132deb59abae64b1
Antonina,Shevchenko,La Pantera,"5' 8""",125 lbs.,"67.0""",Southpaw,10,4,0,,http://ufcstats.com/fighter-details/d7338bcb141abd2c
Shi,Ming,,"5' 2""",115 lbs.,"60.0""",Orthodox,17,6,0,,http://ufcstats.com/fighter-details/d683f4870742b273
Katsuyori,Shibata,,"6' 0""",168 lbs.,--,Orthodox,4,11,1,,http://ufcstats.com/fighter-details/d4da8995fc91e7ef
Jake,Shields,,"6' 0""",170 lbs.,"72.0""",Orthodox,31,9,1,,http://ufcstats.com/fighter-details/fe435e440b5de0ff
Henrique,Shiguemoto,,"5' 11""",185 lbs.,"72.0""",Orthodox,13,4,1,,http://ufcstats.com/fighter-details/5d1700cfbaafbe06
Shunichi,Shimizu,,"5' 5""",135 lbs.,--,Orthodox,30,18,11,,http://ufcstats.com/fighter-details/10657c60ce349e0f
Youmin,Shin,,--,135 lbs.,--,,6,1,0,,http://ufcstats.com/fighter-details/b94ac19bad67a389
Wade,Shipp,The Nightmare,"6' 3""",245 lbs.,--,Orthodox,11,5,0,,http://ufcstats.com/fighter-details/a9a314cc77d90b6e
Raja,Shippen,,"5' 6""",145 lbs.,--,,18,11,1,,http://ufcstats.com/fighter-details/d9e1942637bd57a4
Yuya,Shirai,,"5' 8""",168 lbs.,--,Orthodox,26,14,2,,http://ufcstats.com/fighter-details/a79bfbc01b2264d6
Wes,Shivers,,"6' 8""",--,--,,7,1,0,,http://ufcstats.com/fighter-details/ad863b0d57952c57
Alexander,Shlemenko,Storm,"5' 11""",185 lbs.,--,,56,9,0,,http://ufcstats.com/fighter-details/ed3ea649b34ddb6c
Josh,Shockley,,"6' 1""",155 lbs.,--,Orthodox,11,4,0,,http://ufcstats.com/fighter-details/1d36f1ac66cf689d
Josh,Shockman,The War Hammer,"6' 4""",235 lbs.,--,Southpaw,6,3,0,,http://ufcstats.com/fighter-details/821cd80aab70d5f9
Akira,Shoji,,"5' 8""",195 lbs.,--,Orthodox,14,17,5,,http://ufcstats.com/fighter-details/b0c95dc8e858452c
Liudvik,Sholinian,Palmeyros,"5' 10""",135 lbs.,"71.0""",Orthodox,9,4,1,,http://ufcstats.com/fighter-details/1a54231796e24a3f
Jack,Shore,Tank,"5' 8""",145 lbs.,"71.0""",Orthodox,17,3,0,,http://ufcstats.com/fighter-details/b8a85389d115e35a
Landon,Showalter,The Show,"6' 0""",185 lbs.,--,,11,19,1,,http://ufcstats.com/fighter-details/35cc17760b06f36d
Ivan,Shtyrkov,Ural Hulk,"6' 0""",205 lbs.,"74.0""",Orthodox,15,0,1,,http://ufcstats.com/fighter-details/1f4b1d7d12601c5f
Brandon,Shuey,Big Dawg,"5' 7""",155 lbs.,--,Orthodox,7,6,0,,http://ufcstats.com/fighter-details/585f9ffdb0cd0466
Ronal,Siahaan,Naga Sakti,"5' 7""",125 lbs.,"71.0""",Southpaw,7,1,0,,http://ufcstats.com/fighter-details/762226efa2b01654
Sam,Sicilia,,"5' 8""",145 lbs.,"67.0""",Orthodox,15,8,0,,http://ufcstats.com/fighter-details/b8aef0faf4ce9b31
Kiril,Sidelnikov,,"5' 11""",230 lbs.,--,,11,4,0,,http://ufcstats.com/fighter-details/cf772fb504842dc3
Serhiy,Sidey,,"5' 11""",135 lbs.,"72.0""",Switch,12,2,0,,http://ufcstats.com/fighter-details/1a2bf44edb8055b6
Steven,Siler,Super,"5' 11""",145 lbs.,"70.0""",Orthodox,29,16,0,,http://ufcstats.com/fighter-details/d188a3b817860ec6
Siala,Siliga,Mighty Mo,"6' 1""",290 lbs.,--,Orthodox,12,5,0,,http://ufcstats.com/fighter-details/3cf68c1d17f66af7
Xavier,Siller,Young Guns,"5' 5""",125 lbs.,--,,5,5,0,,http://ufcstats.com/fighter-details/9a08c2753184ac6d
Assuerio,Silva,,"5' 10""",241 lbs.,--,Orthodox,16,8,0,,http://ufcstats.com/fighter-details/e091482fa6648261
Anderson,Silva,The Spider,"6' 2""",185 lbs.,"77.0""",Southpaw,34,11,0,,http://ufcstats.com/fighter-details/1f454354805b6f75
Wanderlei,Silva,The Axe Murderer,"5' 11""",205 lbs.,"74.0""",Orthodox,35,13,1,,http://ufcstats.com/fighter-details/a1f6999fe57236e0
Thiago,Silva,,"6' 2""",205 lbs.,"74.0""",Orthodox,19,6,0,,http://ufcstats.com/fighter-details/2924886ee9c4c527
Paulo Cesar,Silva,Giant,"7' 5""",385 lbs.,--,Orthodox,2,6,0,,http://ufcstats.com/fighter-details/55b8dc4e54fe2c59
Jean,Silva,White Bear,"5' 6""",160 lbs.,--,Orthodox,19,12,3,,http://ufcstats.com/fighter-details/9211aae062b799d6
Edson,Silva,Paredao,--,205 lbs.,--,Orthodox,14,12,0,,http://ufcstats.com/fighter-details/a1153013cb5f628f
Sidney,Silva,,"6' 3""",170 lbs.,--,Southpaw,8,4,0,,http://ufcstats.com/fighter-details/a6c32678efd4f434
Jay,Silva,,"6' 2""",185 lbs.,--,Southpaw,10,11,1,,http://ufcstats.com/fighter-details/53bb0d40905b87c0
Antonio,Silva,Bigfoot,"6' 4""",264 lbs.,"82.0""",Orthodox,19,12,1,,http://ufcstats.com/fighter-details/8349d55cdecd393a
Fabio,Silva,,"5' 11""",205 lbs.,--,Orthodox,1,8,0,,http://ufcstats.com/fighter-details/2ba479b409011527
Erick,Silva,,"6' 0""",170 lbs.,"74.0""",Orthodox,19,9,0,,http://ufcstats.com/fighter-details/5866fc86183a9fb8
Leandro,Silva,Buscape,"5' 9""",155 lbs.,"72.0""",Orthodox,20,6,1,,http://ufcstats.com/fighter-details/159da492e000afbf
Claudio,Silva,Hannibal,"5' 11""",170 lbs.,"71.0""",Southpaw,14,4,0,,http://ufcstats.com/fighter-details/6f7c616b98e18c29
Wagner,Silva,Wagnao,"6' 0""",170 lbs.,--,Orthodox,6,3,0,,http://ufcstats.com/fighter-details/fb79582c410d049e
Rafael,Silva,Morcego,"5' 7""",135 lbs.,--,,28,6,0,,http://ufcstats.com/fighter-details/a31358d90d4bb40a
Joaquim,Silva,Netto BJJ,"5' 8""",155 lbs.,"69.0""",Southpaw,14,6,0,,http://ufcstats.com/fighter-details/ae7fe94f117f98cf
Felipe,Silva,,"6' 0""",155 lbs.,"77.0""",Orthodox,8,2,0,,http://ufcstats.com/fighter-details/1b38a2b897f6209c
Dayana,Silva,,"5' 7""",135 lbs.,--,Orthodox,7,4,0,,http://ufcstats.com/fighter-details/b19aecbfbb5508cc
Bruno,Silva,Bulldog,"5' 4""",125 lbs.,"65.0""",Orthodox,15,8,2,,http://ufcstats.com/fighter-details/294aa73dbf37d281
Bruno,Silva,Blindado,"6' 0""",185 lbs.,"74.0""",Orthodox,23,13,0,,http://ufcstats.com/fighter-details/12ebd7d157e91701
Gabriel,Silva,,"5' 6""",135 lbs.,"71.0""",Orthodox,8,2,0,,http://ufcstats.com/fighter-details/002ca196477ce572
Jacob,Silva,Lil Animal,"5' 5""",125 lbs.,"67.0""",Orthodox,6,4,0,,http://ufcstats.com/fighter-details/f6f2ea21a67be3a7
Natalia,Silva,,"5' 4""",125 lbs.,"65.0""",Southpaw,20,5,1,,http://ufcstats.com/fighter-details/262d32ebda89efc4
Jansey,Silva,Jones,"6' 2""",185 lbs.,"67.0""",Orthodox,7,2,0,,http://ufcstats.com/fighter-details/0d09efd31eb9fadf
Maria,Silva,Viuva Negra,"5' 3""",115 lbs.,"64.0""",Orthodox,8,1,0,,http://ufcstats.com/fighter-details/4408865b4e65e374
Karine,Silva,Killer,"5' 5""",125 lbs.,"67.0""",Orthodox,19,7,0,,http://ufcstats.com/fighter-details/9d62c2d8ee151f08
Erik,Silva,The King,"5' 9""",145 lbs.,"71.0""",Orthodox,9,4,0,,http://ufcstats.com/fighter-details/21b813b919776d90
Janaina,Silva,Jana-Iron-Hand,"5' 1""",115 lbs.,"60.0""",Orthodox,5,1,0,,http://ufcstats.com/fighter-details/4784a5b4a452464a
Jhonata,Silva,,"5' 5""",125 lbs.,"66.0""",Orthodox,8,2,0,,http://ufcstats.com/fighter-details/4e33534d1e036444
Jean,Silva,Lord,"5' 7""",145 lbs.,"69""",Orthodox,17,3,0,,http://ufcstats.com/fighter-details/52ef95b5860fb28c
Danny,Silva,El Puma,"5' 7""",145 lbs.,"69.0""",Switch,11,2,0,,http://ufcstats.com/fighter-details/d964a59c48381cb6
Frank,Silva,De Black,--,125 lbs.,--,,7,1,0,,http://ufcstats.com/fighter-details/79f60d34ad48d7a3
Samuel,Silva,Caveira,"6' 0""",155 lbs.,"72.0""",Orthodox,13,5,1,,http://ufcstats.com/fighter-details/04e0507b94014dbb
Douglas,Silva de Andrade,D Silva,"5' 7""",145 lbs.,"68.0""",Orthodox,29,7,0,,http://ufcstats.com/fighter-details/3a314d9fa7c6825d
Leonardo,Silva de Oliveira,Cabecao,"6' 2""",185 lbs.,--,Orthodox,12,4,0,,http://ufcstats.com/fighter-details/28e088bbcaaa6366
Marcus,Silveira,Conan,"6' 3""",242 lbs.,--,Orthodox,6,4,0,,http://ufcstats.com/fighter-details/f717b6002486f73f
Elias,Silverio,Xuxu,"5' 11""",155 lbs.,"73.0""",Orthodox,13,3,0,,http://ufcstats.com/fighter-details/52ba464d9068d871
Sim,Kai Xiong,Kobra,"5' 6""",135 lbs.,"67.0""",Orthodox,7,2,0,,http://ufcstats.com/fighter-details/79e2cb1e813f881b
Jamey,Simmons,The Afro Samurai,"5' 6""",135 lbs.,"70.0""",Orthodox,7,4,0,,http://ufcstats.com/fighter-details/f0fad0e9f3b65752
Ricky,Simon,,"5' 6""",135 lbs.,"69""",Orthodox,22,7,1,,http://ufcstats.com/fighter-details/5987b2458f4b5290
Aaron,Simpson,A-Train,"6' 0""",170 lbs.,"73.0""",Orthodox,12,5,0,,http://ufcstats.com/fighter-details/d5f820c11a121050
Wes,Sims,The Project,"6' 10""",260 lbs.,--,Orthodox,24,14,1,,http://ufcstats.com/fighter-details/e0f7c4f3f67bc808
Marlon,Sims,,--,170 lbs.,--,,3,4,0,,http://ufcstats.com/fighter-details/9eedac48b497de5a
Tony,Sims,,"5' 11""",155 lbs.,"70.0""",Southpaw,12,4,0,,http://ufcstats.com/fighter-details/57bad6a84230f0c9
Everett,Sims,Sexual Chocolate,"6' 5""",260 lbs.,"77.0""",Southpaw,4,1,0,,http://ufcstats.com/fighter-details/59c6d5af765df641
Lodune,Sincaid,,"5' 9""",185 lbs.,--,Orthodox,15,9,0,,http://ufcstats.com/fighter-details/265589bdd93e7ce5
Rob,Sinclair,,"5' 8""",155 lbs.,--,,13,5,0,,http://ufcstats.com/fighter-details/3b65c9dd39741bc4
Rory,Singer,Outburst,"6' 2""",185 lbs.,"77.0""",Orthodox,11,9,0,,http://ufcstats.com/fighter-details/546015aa2ad945fd
Rana Rudra Pratap,Singh,Ashwathama,"5' 10""",135 lbs.,"69.0""",Orthodox,11,2,0,,http://ufcstats.com/fighter-details/254ed71756cfd18c
Kiran,Singh,Stubborn,"5' 1""",115 lbs.,"65.0""",Orthodox,7,4,0,,http://ufcstats.com/fighter-details/f985ca2370a37078
Elvis,Sinosic,The King of Rock n' Rumble,"6' 3""",205 lbs.,"77.0""",Orthodox,7,11,2,,http://ufcstats.com/fighter-details/817e0bdf08efce2e
Mitchell,Sipe,No Dice,"6' 2""",245 lbs.,--,Orthodox,4,1,0,,http://ufcstats.com/fighter-details/71ef1111bf829b82
Gian,Siqueira,Pitbull,"6' 1""",170 lbs.,"74.0""",Orthodox,19,5,0,,http://ufcstats.com/fighter-details/a46fdda658fee832
Jamie,Siraj,The Gremlin,"5' 7""",135 lbs.,"66.0""",Orthodox,14,4,0,,http://ufcstats.com/fighter-details/e6679e38e7fab7a8
Jeremia,Siregar,The Teacher,"5' 2""",125 lbs.,"63.0""",Orthodox,6,3,0,,http://ufcstats.com/fighter-details/a7ac3b1b0c4146db
AJ,Siscoe,Let's Go,"5' 7""",135 lbs.,--,,1,2,0,,http://ufcstats.com/fighter-details/fce9b4056a8ef559
Yokthai,Sithoar,,"5' 7""",143 lbs.,--,,0,1,0,,http://ufcstats.com/fighter-details/436cdea7bdfdc016
Jeri,Sitzes,,"5' 5""",125 lbs.,--,,3,1,0,,http://ufcstats.com/fighter-details/44a1dd0ef4373edc
Dennis,Siver,,"5' 6""",145 lbs.,"70.0""",Orthodox,23,11,0,,http://ufcstats.com/fighter-details/5f87a5c00b3d17ed
Chas,Skelly,The Scrapper,"5' 11""",145 lbs.,"72.0""",Orthodox,19,3,0,,http://ufcstats.com/fighter-details/4bd6b4800070b069
Matt,Skelton,,"6' 3""",265 lbs.,--,Orthodox,0,1,0,,http://ufcstats.com/fighter-details/caced97768818230
Zach,Skinner,,"5' 6""",145 lbs.,--,Orthodox,10,11,0,,http://ufcstats.com/fighter-details/c337c3c85b1871e0
Brian,Sleeman,,"5' 8""",185 lbs.,--,,9,9,1,,http://ufcstats.com/fighter-details/9db861c26b63daa8
Joe,Slick,,"6' 0""",199 lbs.,--,Orthodox,16,5,3,,http://ufcstats.com/fighter-details/80e6d71e14c1d356
Ray,Sloan,,"6' 1""",205 lbs.,--,,8,1,0,,http://ufcstats.com/fighter-details/a2d1d3d144fed708
Kestutis,Smirnovas,,"5' 10""",200 lbs.,--,Orthodox,24,8,2,,http://ufcstats.com/fighter-details/1979c80150f630c4
Maurice,Smith,,"6' 2""",221 lbs.,--,Orthodox,12,14,0,,http://ufcstats.com/fighter-details/33e33d51f289d2a1
Patrick,Smith,,"6' 2""",225 lbs.,--,Orthodox,20,17,0,,http://ufcstats.com/fighter-details/46c8ec317aff28ac
Scott,Smith,Hands of Steel,"6' 0""",185 lbs.,"70.0""",Orthodox,18,11,0,,http://ufcstats.com/fighter-details/3410cf010558dc8b
Eric,Smith,,--,--,--,Southpaw,1,1,0,,http://ufcstats.com/fighter-details/9114c8ded5ccd71d
Josh,Smith,,"6' 0""",155 lbs.,--,Orthodox,9,8,0,,http://ufcstats.com/fighter-details/f626aa1c85f8af03
David,Smith,,--,155 lbs.,--,,5,1,0,,http://ufcstats.com/fighter-details/e955046551f8c7dd
Adam,Smith,,--,--,--,,0,3,0,,http://ufcstats.com/fighter-details/754968e325d6f60d
Dillon,Smith,,"6' 0""",170 lbs.,--,,0,0,0,,http://ufcstats.com/fighter-details/ffee353f55e3aa2c
Trevor,Smith,Hot Sauce,"6' 3""",185 lbs.,"75.0""",Orthodox,15,10,0,,http://ufcstats.com/fighter-details/f797f0c57a83353e
Anthony,Smith,Lionheart,"6' 4""",205 lbs.,"76.0""",Orthodox,38,22,0,,http://ufcstats.com/fighter-details/d4c9dcd330403612
Colton,Smith,,"6' 0""",155 lbs.,"71.0""",Orthodox,7,4,0,,http://ufcstats.com/fighter-details/2e25c1d983c26311
Gilbert,Smith,,"5' 9""",185 lbs.,--,Southpaw,12,6,0,,http://ufcstats.com/fighter-details/54ed8dc6f8c31207
Leslie,Smith,The Peacemaker,"5' 9""",135 lbs.,"66.0""",Orthodox,10,7,1,,http://ufcstats.com/fighter-details/76984112f697631f
Devonte,Smith,King Kage,"5' 9""",155 lbs.,"76.0""",Orthodox,11,4,0,,http://ufcstats.com/fighter-details/207773daeb4afa7b
Cole,Smith,The Cole Train,"5' 11""",135 lbs.,"67.0""",Orthodox,7,2,0,,http://ufcstats.com/fighter-details/56709e66f1c6008f
Nate,Smith,The Savage,"5' 6""",125 lbs.,"69.0""",Switch,6,1,0,,http://ufcstats.com/fighter-details/0bbb69f69c9a2eea
Braxton,Smith,The Beautiful Monster,"5' 11""",257 lbs.,"72.0""",Orthodox,5,2,0,,http://ufcstats.com/fighter-details/eaa9402e5a7990ad
Elijah,Smith,Swift,"5' 9""",135 lbs.,"71.0""",Orthodox,10,1,0,,http://ufcstats.com/fighter-details/7478b7f959ba61f5
Jacobe,Smith,Cobe,"5' 10""",170 lbs.,"72.0""",Southpaw,12,0,0,,http://ufcstats.com/fighter-details/85497ffd934ecf7e
Walter,Smith-Cotito,,"5' 8""",135 lbs.,--,,4,5,0,,http://ufcstats.com/fighter-details/625b65b45c1c6888
Justin,Smitley,,--,145 lbs.,--,,10,7,1,,http://ufcstats.com/fighter-details/c5776fa8f4bf77aa
Dmitrii,Smoliakov,The Lifeguard,"6' 2""",253 lbs.,"74.0""",Switch,9,3,0,,http://ufcstats.com/fighter-details/75afb06215a07341
Louis,Smolka,Da Last Samurai,"5' 9""",135 lbs.,"68.0""",Orthodox,17,9,0,,http://ufcstats.com/fighter-details/d2bc285ead803db0
Cameron,Smotherman,The Baby-Faced Killa,"5' 9""",135 lbs.,"69.0""",Orthodox,12,6,0,,http://ufcstats.com/fighter-details/5c84f673b7bb7c15
Shimon,Smotritsky,The Assassin,"6' 2""",170 lbs.,"74.0""",Orthodox,8,2,0,,http://ufcstats.com/fighter-details/1b0491ef0f9c965e
Richie,Smullen,,"5' 9""",155 lbs.,"68.0""",Orthodox,3,1,1,,http://ufcstats.com/fighter-details/f75c5ca0d91b9115
Devin,Smyth,,"5' 10""",170 lbs.,"72.0""",Switch,4,2,0,,http://ufcstats.com/fighter-details/7684c8137b4545ba
Denis,Sobolev,,"6' 3""",216 lbs.,--,Orthodox,4,7,0,,http://ufcstats.com/fighter-details/03b1e846b09f721d
Peter,Sobotta,,"6' 0""",170 lbs.,"75.0""",Southpaw,17,7,1,,http://ufcstats.com/fighter-details/1fcfc3709fe58151
Renato,Sobral,Babalu,"6' 1""",205 lbs.,"75.0""",Orthodox,37,11,0,,http://ufcstats.com/fighter-details/d468288756ae3982
Rameau Thierry,Sokoudjou,The African Assassin,"5' 10""",205 lbs.,"78.0""",Orthodox,18,18,0,,http://ufcstats.com/fighter-details/d1152823307d7e7c
Axel,Sola,,"6' 0""",155 lbs.,"74""",Southpaw,12,1,1,,http://ufcstats.com/fighter-details/1d2d98ddd05b38fb
Alexander,Soldatkin,,"6' 2""",250 lbs.,"75.0""",Orthodox,14,4,0,,http://ufcstats.com/fighter-details/f1451d605bad178e
Joe,Solecki,,"5' 9""",155 lbs.,"70.0""",Orthodox,13,6,0,,http://ufcstats.com/fighter-details/af65aa688d13eedf
Chris,Solomon,,"5' 11""",155 lbs.,--,,0,0,0,,http://ufcstats.com/fighter-details/324c7a749128df8d
Joe,Son,,"5' 4""",236 lbs.,--,Orthodox,0,4,0,,http://ufcstats.com/fighter-details/83b743fedde154fb
Paul,Song,,--,185 lbs.,--,,2,2,0,,http://ufcstats.com/fighter-details/9775eabcb1be1a00
Song,Kenan,The Assassin,"6' 0""",170 lbs.,"71.0""",Orthodox,22,9,0,,http://ufcstats.com/fighter-details/32490e80ddab1e5a
Song,Yadong,Kung Fu Kid,"5' 8""",135 lbs.,"67.0""",Orthodox,22,9,1,,http://ufcstats.com/fighter-details/efb96bf3e9ada36f
YoungJae,Song,Super Rookie,"5' 7""",145 lbs.,"70.0""",Orthodox,6,1,1,,http://ufcstats.com/fighter-details/0efb0d4ebb950fcb
Hyeonjong,Song,,--,135 lbs.,--,,8,1,0,,http://ufcstats.com/fighter-details/c5dc1bf9b78f262c
Emrah,Sonmez,Anatolian Wolf,"5' 10""",145 lbs.,"71.0""",Orthodox,14,5,0,,http://ufcstats.com/fighter-details/fe759b24e344d7eb
Chael,Sonnen,,"6' 1""",205 lbs.,"73.0""",Southpaw,29,15,1,,http://ufcstats.com/fighter-details/48d1f690b763934c
Cody,Sons,,"5' 9""",205 lbs.,--,,3,7,0,,http://ufcstats.com/fighter-details/3324129f3745b300
Jin,Soo Son,,"5' 6""",135 lbs.,"69.0""",Orthodox,9,4,0,,http://ufcstats.com/fighter-details/7c9c6a884be167fe
Benardo,Sopaj,Lion King,"5' 6""",135 lbs.,"66.0""",Orthodox,13,3,0,,http://ufcstats.com/fighter-details/b6c37948cb226e8c
Emiliano,Sordi,He-Man,"6' 2""",205 lbs.,--,Orthodox,16,7,0,,http://ufcstats.com/fighter-details/4c9b84d559822830
Sean,Soriano,,"5' 9""",145 lbs.,"70.0""",Orthodox,14,8,0,,http://ufcstats.com/fighter-details/bd5403efbaa445c0
Punahele,Soriano,Puna,"5' 11""",170 lbs.,"72""",Southpaw,13,4,0,,http://ufcstats.com/fighter-details/64facb6cc564262d
Hecher,Sosa,Guanche Warrior,"5' 9""",135 lbs.,"70.0""",Orthodox,15,1,0,,http://ufcstats.com/fighter-details/ec3bd30378d63dd1
Dmitry,Sosnovskiy,Wicked Machine,"6' 3""",240 lbs.,"77.0""",Orthodox,11,0,0,,http://ufcstats.com/fighter-details/85ff1b9471d35238
Ben,Sosoli,Combat Wombat,"6' 0""",265 lbs.,"72.0""",Southpaw,7,3,0,,http://ufcstats.com/fighter-details/326f94d6cfb1bf25
Krzysztof,Soszynski,The Polish Experiment,"6' 1""",205 lbs.,"77.0""",Open Stance,26,12,1,,http://ufcstats.com/fighter-details/59583ff832fe9d68
George,Sotiropoulos,,"5' 10""",155 lbs.,"71.0""",Orthodox,14,7,0,,http://ufcstats.com/fighter-details/896c322f56b8be5a
Greg,Soto,,"5' 11""",170 lbs.,"73.0""",Orthodox,9,4,0,,http://ufcstats.com/fighter-details/9c669abd35b2522f
Alex,Soto,Extremo,"5' 8""",135 lbs.,--,Southpaw,8,3,1,,http://ufcstats.com/fighter-details/d18dbcb0f8e2b55d
Joe,Soto,One Bad Mofo,"5' 6""",135 lbs.,"65.0""",Orthodox,18,7,0,,http://ufcstats.com/fighter-details/a4e85a58fbce64b2
Mario,Soto,Dr. Mario,"6' 0""",145 lbs.,--,,7,2,0,,http://ufcstats.com/fighter-details/cac3aaa66c20bee1
Andre,Soukhamthath,The Asian Sensation,"5' 9""",135 lbs.,"70.0""",Orthodox,13,8,0,,http://ufcstats.com/fighter-details/d0e50a3d1b250708
Mario,Sousa,Coracao Valente,"6' 3""",185 lbs.,"79.0""",Orthodox,15,3,0,,http://ufcstats.com/fighter-details/72782745eb47161a
Manoel,Sousa,Manumito,"5' 9""",155 lbs.,"70.0""",Orthodox,14,1,0,,http://ufcstats.com/fighter-details/5870c541798124ae
Bobby,Southworth,,"6' 2""",205 lbs.,--,Orthodox,10,6,0,,http://ufcstats.com/fighter-details/aee8eecfc4bfb1e7
Jacare,Souza,,"6' 1""",185 lbs.,"72.0""",Orthodox,26,10,0,,http://ufcstats.com/fighter-details/7a703c565ccaa18f
Edimilson,Souza,Kevin,"6' 0""",145 lbs.,"74.0""",Orthodox,15,5,0,,http://ufcstats.com/fighter-details/6c7020b859c7a3ce
Livinha,Souza,The Brazilian Gangsta,"5' 3""",115 lbs.,"63.0""",Orthodox,14,4,0,,http://ufcstats.com/fighter-details/dab8cfbb6b1db10a
Bruno,Souza,The Tiger,"5' 10""",145 lbs.,"70.0""",Orthodox,10,3,0,,http://ufcstats.com/fighter-details/0e5c4e72237461bb
Ketlen,Souza,Esquentadinha,"5' 3""",115 lbs.,"63.0""",Orthodox,16,6,0,,http://ufcstats.com/fighter-details/8bd4200561c77a62
Heraldo,Souza,Savage,"5' 11""",185 lbs.,"73.0""",Orthodox,9,2,1,,http://ufcstats.com/fighter-details/22b43be04d7454d0
Charon,Spain,,"5' 9""",155 lbs.,--,,14,26,0,,http://ufcstats.com/fighter-details/c278e8843b8abfec
Chris,Spang,The Kiss,"6' 2""",170 lbs.,--,Orthodox,6,3,0,,http://ufcstats.com/fighter-details/411d012af19ecb59
Andreas,Spang,Sweet Swede,"6' 1""",185 lbs.,--,,9,3,0,,http://ufcstats.com/fighter-details/b9eb5b4ed07d1525
Ryan,Spann,Superman,"6' 5""",264 lbs.,"79""",Orthodox,24,11,0,,http://ufcstats.com/fighter-details/a67f5afa8d6a1b80
Ron,Sparks,The Monster,"6' 5""",265 lbs.,--,,8,3,0,,http://ufcstats.com/fighter-details/743fd9080892501d
Tommy,Speer,,"5' 10""",170 lbs.,"71.0""",Orthodox,21,7,0,,http://ufcstats.com/fighter-details/1411c630ba711b64
Patrick,Speight,,"6' 1""",170 lbs.,--,Orthodox,7,3,0,,http://ufcstats.com/fighter-details/ae4650eb56ab6a11
Sean,Spencer,Black Magic,"5' 10""",170 lbs.,"74.0""",Orthodox,12,6,0,,http://ufcstats.com/fighter-details/ab850a77a0fa487d
Felicia,Spencer,FeeNom,"5' 6""",145 lbs.,"68.0""",Orthodox,9,3,0,,http://ufcstats.com/fighter-details/39d91e95949de3d9
Sam,Spengler,The Ram,"5' 11""",185 lbs.,--,Orthodox,9,5,0,,http://ufcstats.com/fighter-details/221b2a3070c7ce3e
Nick,Sperling,,--,135 lbs.,--,,3,4,0,,http://ufcstats.com/fighter-details/7d68f3bec89e08ec
Mario,Sperry,Zen Machine,"6' 2""",205 lbs.,--,Orthodox,13,4,0,,http://ufcstats.com/fighter-details/5f2197acaba7d5ef
Eric,Spicely,Zebrinha,"6' 1""",185 lbs.,"73.0""",Orthodox,12,6,0,,http://ufcstats.com/fighter-details/b9664eae2ac75262
Waachiim,Spiritwolf,Native Warrior,"5' 8""",170 lbs.,--,,12,13,1,,http://ufcstats.com/fighter-details/71caa995674203aa
Daniel,Spitz,,"6' 7""",245 lbs.,"82.0""",Orthodox,6,3,0,,http://ufcstats.com/fighter-details/f86cb5f25d545e0e
Serghei,Spivac,Polar Bear,"6' 3""",260 lbs.,"78.0""",Orthodox,18,6,0,,http://ufcstats.com/fighter-details/e2f6b2769aaedd6c
Daniel,Spohn,Dragon,"6' 4""",205 lbs.,"79.0""",Southpaw,15,6,0,,http://ufcstats.com/fighter-details/87f3bbf52e6c9dc9
Pete,Spratt,The Secret Weapon,"5' 9""",170 lbs.,--,Orthodox,25,23,0,,http://ufcstats.com/fighter-details/c3ea8deeba00462b
Austin,Springer,,"5' 8""",145 lbs.,"71.0""",Orthodox,12,4,0,,http://ufcstats.com/fighter-details/37cc294027f55e4d
Georges,St-Pierre,Rush,"5' 11""",185 lbs.,"76.0""",Orthodox,26,2,0,,http://ufcstats.com/fighter-details/6506c1d34da9c013
Bobby,Stack,,"5' 9""",155 lbs.,--,Orthodox,8,3,0,,http://ufcstats.com/fighter-details/6436029b50a9c255
Andreas,Stahl,Real Steel,"5' 11""",170 lbs.,--,Orthodox,10,4,0,,http://ufcstats.com/fighter-details/69a400af4420cd6a
Ron,Stallings,The Choir Boy,"6' 2""",170 lbs.,"75.0""",Southpaw,14,8,0,,http://ufcstats.com/fighter-details/6dd758d34da8d254
Cody,Stamann,The Spartan,"5' 6""",135 lbs.,"64.0""",Orthodox,21,8,1,,http://ufcstats.com/fighter-details/bf7ad5628363eec9
Cristina,Stanciu,Barbie,"5' 3""",115 lbs.,--,Orthodox,5,2,0,,http://ufcstats.com/fighter-details/175852708cb55776
Brian,Stann,All American,"6' 1""",205 lbs.,"74.0""",Orthodox,12,6,0,,http://ufcstats.com/fighter-details/579fcdfcabd23a7b
Josh,Stansbury,The Sandman,"6' 2""",205 lbs.,"74.0""",Orthodox,4,8,0,,http://ufcstats.com/fighter-details/30ea504870f8597b
Dion,Staring,Soldier,"6' 1""",235 lbs.,--,Orthodox,35,14,0,,http://ufcstats.com/fighter-details/289a57039d742bfe
Lucas,Stark,,--,155 lbs.,--,,1,5,0,,http://ufcstats.com/fighter-details/93e4754d0984c82f
Clifford,Starks,,"6' 0""",185 lbs.,"78.0""",Orthodox,13,3,0,,http://ufcstats.com/fighter-details/5abf827d62f98fee
Kalib,Starnes,,"6' 3""",185 lbs.,"74.0""",Orthodox,17,11,1,,http://ufcstats.com/fighter-details/c8136ab8aa32c974
Laureano,Staropoli,Pepi,"6' 1""",185 lbs.,"71.0""",Orthodox,9,5,0,,http://ufcstats.com/fighter-details/a12a8314adc1c1c9
Damian,Stasiak,Webster,"5' 5""",135 lbs.,"70.0""",Orthodox,10,6,0,,http://ufcstats.com/fighter-details/42a7e90605df3c8a
Adam,Steele,,--,170 lbs.,--,,0,1,0,,http://ufcstats.com/fighter-details/16044bd8762cf794
Dominique,Steele,Non-Stop Action-Packed,"5' 10""",170 lbs.,"74.0""",Orthodox,14,9,0,,http://ufcstats.com/fighter-details/68c11c27d4d56572
Ricky,Steele,The Karate Kid,"5' 9""",135 lbs.,"74.0""",Orthodox,6,0,0,,http://ufcstats.com/fighter-details/09a6ed4ee97a5606
Kody,Steele,,"5' 9""",155 lbs.,"71.0""",Orthodox,8,1,0,,http://ufcstats.com/fighter-details/aebaa8cec15b083d
Eric,Steenberg,,--,155 lbs.,--,,5,1,0,,http://ufcstats.com/fighter-details/377bc9dc0b2745f9
Steve,Steinbeiss,The Hooligan,"6' 3""",185 lbs.,"75.0""",Orthodox,9,4,0,,http://ufcstats.com/fighter-details/0b5b6876c2a4723f
Ray,Steinbeiss,Ipswitch Cobra,"5' 11""",170 lbs.,--,Orthodox,14,7,0,,http://ufcstats.com/fighter-details/6000b5ae6c462142
Dmitri,Stepanov,,"6' 3""",217 lbs.,--,Orthodox,0,1,0,,http://ufcstats.com/fighter-details/738acab0c6934dd8
Jeremy,Stephens,Lil' Heathen,"5' 9""",155 lbs.,"71.0""",Orthodox,29,23,0,,http://ufcstats.com/fighter-details/18968f97ad34f15c
Aljamain,Sterling,Funk Master,"5' 7""",145 lbs.,"71.0""",Orthodox,26,5,0,,http://ufcstats.com/fighter-details/cb696ebfb6598724
Marc,Stevens,,"5' 9""",155 lbs.,--,,21,10,0,,http://ufcstats.com/fighter-details/310c4d4b2b32796b
Joe,Stevenson,Daddy,"5' 7""",145 lbs.,"70.0""",Orthodox,33,16,0,,http://ufcstats.com/fighter-details/79899ecf62020f6d
Maia,Stevenson,,"5' 4""",115 lbs.,"62.0""",Orthodox,6,5,0,,http://ufcstats.com/fighter-details/2fee10d5cf86bfca
Gable,Steveson,,"5' 11""",249 lbs.,"74""",Orthodox,4,0,0,,http://ufcstats.com/fighter-details/f7e856a73c96048e
Luke,Stewart,,"5' 11""",170 lbs.,--,Orthodox,6,3,0,,http://ufcstats.com/fighter-details/27b1a406ac171b19
Darren,Stewart,The Dentist,"6' 0""",205 lbs.,"74.0""",Orthodox,12,8,0,,http://ufcstats.com/fighter-details/a17ad5a5048e8c3f
Kyle,Stewart,Gunz Up,"6' 0""",170 lbs.,"76.0""",Orthodox,11,3,0,,http://ufcstats.com/fighter-details/bb61823f76361297
Alex,Stiebling,The Brazilian Killa,"6' 2""",205 lbs.,--,Southpaw,19,11,1,,http://ufcstats.com/fighter-details/df5a77121ba84a5d
Tyler,Stinson,The Evolution,"6' 3""",170 lbs.,--,,30,10,0,,http://ufcstats.com/fighter-details/2cf520143e76cd2e
Navajo,Stirling,,"6' 4""",205 lbs.,"79.0""",Orthodox,9,0,0,,http://ufcstats.com/fighter-details/b4b496ec2197ee3e
Dan,Stittgen,The Anvil,"6' 1""",170 lbs.,--,Orthodox,12,5,0,,http://ufcstats.com/fighter-details/cc3147b49c7d7d92
Lazar,Stojadinovic,The Bronx Bomber,"5' 7""",145 lbs.,"68.0""",Southpaw,12,5,0,,http://ufcstats.com/fighter-details/4d25497994da569c
Denis,Stojnic,,"6' 0""",245 lbs.,--,Orthodox,13,3,0,,http://ufcstats.com/fighter-details/a421465acbe59c77
Julija,Stoliarenko,,"5' 7""",125 lbs.,"66.0""",Orthodox,11,10,2,,http://ufcstats.com/fighter-details/a78a87d8c2bbb1cb
Dustin,Stoltzfus,,"6' 0""",185 lbs.,"75.0""",Orthodox,16,8,0,,http://ufcstats.com/fighter-details/71505842fb6455c3
Niklas,Stolze,Green Mask,"6' 1""",155 lbs.,"74.0""",Switch,12,6,0,,http://ufcstats.com/fighter-details/62f7097c04311193
Ken,Stone,,"5' 8""",135 lbs.,"71.0""",Southpaw,11,4,0,,http://ufcstats.com/fighter-details/fbf0947399d14323
Ryan,Stonitsch,,"5' 9""",170 lbs.,--,Southpaw,8,1,0,,http://ufcstats.com/fighter-details/8d477c3fbe001f9d
George,Stork,,"5' 10""",185 lbs.,--,,7,9,0,,http://ufcstats.com/fighter-details/61dd409cb40d1a55
Rick,Story,The Horror,"5' 9""",170 lbs.,"71.0""",Southpaw,19,9,0,,http://ufcstats.com/fighter-details/5b5307450405abf0
Darko,Stosic,,"6' 0""",205 lbs.,"76.0""",Orthodox,13,4,0,,http://ufcstats.com/fighter-details/025f0b1b58fbad01
Greg,Stott,Ranger,"5' 7""",220 lbs.,--,Southpaw,0,1,0,,http://ufcstats.com/fighter-details/91181b29be041f1c
Curtis,Stout,,"6' 1""",185 lbs.,--,Southpaw,11,12,1,,http://ufcstats.com/fighter-details/e09dbbd5fe3f0fe2
Sam,Stout,Hands of Stone,"5' 9""",155 lbs.,"70.0""",Orthodox,20,12,1,,http://ufcstats.com/fighter-details/501b07aec9b8fc2d
Tim,Stout,,"5' 11""",185 lbs.,--,,12,10,0,,http://ufcstats.com/fighter-details/e1a4568fec1fc24f
Jesse,Strader,Sui Generis,"5' 7""",135 lbs.,"70.0""",Orthodox,5,3,0,,http://ufcstats.com/fighter-details/8c39367b53eadf8a
Gennaro,Strangis,,--,--,--,,0,1,0,,http://ufcstats.com/fighter-details/495add4fbede0a44
Dave,Strasser,,"5' 10""",170 lbs.,--,Orthodox,25,8,0,,http://ufcstats.com/fighter-details/980b4e712489098e
Daniel,Straus,,"5' 7""",145 lbs.,"71.0""",,24,7,0,,http://ufcstats.com/fighter-details/15347cd4cdf01b03
Gerald,Strebendt,The Finishing Machine,"5' 9""",155 lbs.,--,Orthodox,9,7,0,,http://ufcstats.com/fighter-details/04f9fe830cf13482
Sean,Strickland,,"6' 1""",185 lbs.,"76.0""",Orthodox,31,7,0,,http://ufcstats.com/fighter-details/0d8011111be000b2
Mark,Striegl,Mugen,"5' 8""",145 lbs.,"70.0""",Southpaw,18,4,0,,http://ufcstats.com/fighter-details/ef1182eb28c17d4e
Hans,Stringer,,"6' 3""",205 lbs.,--,Orthodox,22,8,3,,http://ufcstats.com/fighter-details/523f6ad11dbe9b53
Stefan,Struve,Skyscraper,"6' 11""",265 lbs.,"84.0""",Orthodox,33,13,0,,http://ufcstats.com/fighter-details/ebc1f40e00e0c481
Josh,Stuart,,"5' 9""",160 lbs.,--,,1,4,0,,http://ufcstats.com/fighter-details/601cf40c09090853
Mike,Stumpf,,"5' 10""",170 lbs.,--,,11,4,0,,http://ufcstats.com/fighter-details/c0c36a5b3d5bbdd5
Kyle,Sturgeon,,"6' 3""",225 lbs.,--,Switch,0,1,0,,http://ufcstats.com/fighter-details/d30415ec5e8783cd
Tatiana,Suarez,,"5' 5""",115 lbs.,"66.0""",Southpaw,13,1,0,,http://ufcstats.com/fighter-details/b08012bbe542592a
Masanori,Suda,,"5' 9""",183 lbs.,--,Orthodox,22,11,3,,http://ufcstats.com/fighter-details/3a7513372f79c8c8
Genki,Sudo,Neo-Samurai,"5' 9""",155 lbs.,--,Orthodox,15,4,2,,http://ufcstats.com/fighter-details/99dd0147dc4ef80c
Lucasz,Sudolski,,"6' 4""",205 lbs.,"75.0""",Orthodox,8,1,0,,http://ufcstats.com/fighter-details/b160e4f251283d70
Daisuke,Sugie,Amazon,"5' 6""",160 lbs.,--,Orthodox,10,8,1,,http://ufcstats.com/fighter-details/8215e4fe24e8e81b
Takashi,Sugiura,,"5' 11""",225 lbs.,--,Southpaw,1,3,0,,http://ufcstats.com/fighter-details/06c60fc2c8dcd7bd
Naho,Sugiyuma,Sugi Rock,"5' 1""",105 lbs.,--,,12,5,0,,http://ufcstats.com/fighter-details/b205d4f2ff44bc89
,Sulangrangbo,,"5' 9""",135 lbs.,"66.0""",Southpaw,10,4,0,,http://ufcstats.com/fighter-details/1dd1a3aacde66f72
George,Sullivan,The Silencer,"6' 0""",170 lbs.,"73.0""",Orthodox,17,7,0,,http://ufcstats.com/fighter-details/6c7e25571490aa3b
Amar,Suloev,,"5' 9""",183 lbs.,--,Orthodox,24,7,0,,http://ufcstats.com/fighter-details/7aa88401f93ce836
Magomed,Sultanakhmedov,,"6' 2""",185 lbs.,--,Southpaw,18,6,0,,http://ufcstats.com/fighter-details/fe1fdc6be470f773
Justin,Sumter,,"6' 2""",185 lbs.,"80.0""",Southpaw,7,3,0,,http://ufcstats.com/fighter-details/31f9a1f56cbb6ac5
,Sumudaerji,The Tibetan Eagle,"5' 8""",125 lbs.,"72.0""",Southpaw,19,7,0,,http://ufcstats.com/fighter-details/3cf18e01cb6cbde3
Rama,Supandhi,Hellboy,"5' 5""",125 lbs.,"66.0""",Southpaw,8,4,0,,http://ufcstats.com/fighter-details/6d537248fe7cccf1
Aji,Susilo,,"5' 10""",155 lbs.,--,,6,4,0,,http://ufcstats.com/fighter-details/22af3546bd967280
Baisangur,Susurkaev,The Real Hunter,"6' 2""",185 lbs.,"79.0""",Orthodox,12,0,0,,http://ufcstats.com/fighter-details/d1feea7a4bdcd503
Louie,Sutherland,Vanilla Gorilla,"6' 3""",264 lbs.,"76.0""",Orthodox,11,5,0,,http://ufcstats.com/fighter-details/cdb7b38b1b357f26
Jason,Suttie,Nobunaga,"6' 0""",210 lbs.,--,Orthodox,0,1,0,,http://ufcstats.com/fighter-details/cc5834a495d1ea08
Joel,Sutton,,"5' 11""",205 lbs.,--,Orthodox,2,4,1,,http://ufcstats.com/fighter-details/a6a9ab5a824e8f66
Chad,Sutton,,"6' 1""",185 lbs.,--,,2,2,0,,http://ufcstats.com/fighter-details/556347e2b0e33979
Danilo,Suzart,,"6' 0""",260 lbs.,--,Orthodox,9,2,0,,http://ufcstats.com/fighter-details/3d99e5aa85d7576a
Takaya,Suzuki,,--,125 lbs.,--,,7,1,0,,http://ufcstats.com/fighter-details/81d59c1e07478361
Martin,Svensson,,"6' 1""",155 lbs.,--,,15,6,0,,http://ufcstats.com/fighter-details/bcad7223af3c19da
Daniel,Swain,,"5' 9""",145 lbs.,"70.0""",Orthodox,20,10,1,,http://ufcstats.com/fighter-details/cc39185f2d7d89e4
Cub,Swanson,,"5' 8""",145 lbs.,"70.0""",Orthodox,31,14,0,,http://ufcstats.com/fighter-details/d247691a6c0e9034
Mike,Swick,Quick,"6' 1""",170 lbs.,"77.0""",Orthodox,15,6,0,,http://ufcstats.com/fighter-details/9fe85152f351e737
Floyd,Sword,,"6' 0""",185 lbs.,--,Orthodox,12,3,0,,http://ufcstats.com/fighter-details/5330fe7e4c3af81c
Oumar,Sy,,"6' 4""",205 lbs.,"83""",Orthodox,12,2,0,,http://ufcstats.com/fighter-details/46e2011d92463b7e
Klaudia,Sygula,,"5' 8""",135 lbs.,"69""",Orthodox,8,2,0,,http://ufcstats.com/fighter-details/9f5e3c20ce40b344
Bentley,Syler,Bolivia,"5' 4""",125 lbs.,--,Orthodox,5,1,0,,http://ufcstats.com/fighter-details/abd2109bc4cb0291
Kevin,Syler,El Nino Bala,"5' 9""",155 lbs.,"71.0""",Switch,10,1,0,,http://ufcstats.com/fighter-details/9094a881a7513de3
Leo,Sylvest,Lethal,"5' 11""",205 lbs.,--,Orthodox,10,16,0,,http://ufcstats.com/fighter-details/58a36b4ccf5dc30e
Tony,Sylvester,,"6' 1""",225 lbs.,--,Southpaw,11,3,0,,http://ufcstats.com/fighter-details/87b7df65c30008c4
Tim,Sylvia,The Maine-iac,"6' 8""",265 lbs.,"80.0""",Orthodox,31,10,0,,http://ufcstats.com/fighter-details/2a542ee8a8b83559
Kevin,Szaflarski,,"6' 5""",260 lbs.,"77.0""",Orthodox,11,2,0,,http://ufcstats.com/fighter-details/d2d05dda5f887f87
Sebastian,Szalay,Seb,"5' 6""",145 lbs.,"66.0""",Orthodox,10,2,0,,http://ufcstats.com/fighter-details/f201f21cf2c79eb2
Bartosz,Szewczyk,,"6' 4""",205 lbs.,"73.0""",Orthodox,8,3,1,,http://ufcstats.com/fighter-details/224050896306f00c
Osamu,Tachihikari,,"6' 5""",300 lbs.,--,Orthodox,0,4,0,,http://ufcstats.com/fighter-details/e7bc606d269896aa
Amber,Tackett,,--,115 lbs.,--,,1,3,0,,http://ufcstats.com/fighter-details/bb01bc3c57f39b04
Eugenio,Tadeu,,"5' 8""",160 lbs.,--,Orthodox,2,3,0,,http://ufcstats.com/fighter-details/f70144caea5c4c80
Albert,Tadevosyan,Albeezy,--,170 lbs.,--,,13,3,1,,http://ufcstats.com/fighter-details/6751b11102b6adfe
Justin,Tafa,Bad Man,"6' 0""",264 lbs.,"74.0""",Southpaw,7,5,0,,http://ufcstats.com/fighter-details/e13abac8089a801a
Junior,Tafa,The Juggernaut,"6' 3""",205 lbs.,"75.0""",Orthodox,7,5,0,,http://ufcstats.com/fighter-details/c15fa95b9a12fde4
Khalid,Taha,The Warrior,"5' 5""",135 lbs.,"69.0""",Orthodox,13,5,0,,http://ufcstats.com/fighter-details/b4537562f88ac582
Joe,Taimanglo,The Juggernaut,"5' 4""",135 lbs.,--,,23,7,1,,http://ufcstats.com/fighter-details/9bf126927843e184
Tatsuro,Taira,The Best,"5' 7""",125 lbs.,"70.0""",Orthodox,18,2,0,,http://ufcstats.com/fighter-details/4461d7e47375a895
Mairbek,Taisumov,Beckan,"5' 9""",155 lbs.,"73.0""",Orthodox,27,6,0,,http://ufcstats.com/fighter-details/8f5c8850b2484173
Taiyilake,Nueraji,Super Saiyan,"6' 2""",170 lbs.,"75.0""",Southpaw,12,1,0,,http://ufcstats.com/fighter-details/7498b3ac79a3b948
Ryo,Tajima,,--,135 lbs.,--,,10,3,0,,http://ufcstats.com/fighter-details/34fbfc3f65b64645
Nobuhiko,Takada,,"6' 0""",220 lbs.,--,Southpaw,2,6,2,,http://ufcstats.com/fighter-details/a25b71fe5e31fa97
Yoshiki,Takahashi,Kazuo,"5' 11""",199 lbs.,--,Southpaw,30,27,3,,http://ufcstats.com/fighter-details/6420efac0578988b
Yoko,Takahashi,,"5' 8""",150 lbs.,--,,15,12,2,,http://ufcstats.com/fighter-details/01f86e2d604e2f3c
Daiju,Takase,,"6' 0""",170 lbs.,--,Southpaw,12,15,2,,http://ufcstats.com/fighter-details/4f74c8be51db8a37
Hiroyuki,Takaya,Streetfight Bancho,"5' 6""",139 lbs.,--,Orthodox,21,14,2,,http://ufcstats.com/fighter-details/0d16bdb7d32e88e9
Yoshihiro,Takayama,,"6' 5""",280 lbs.,--,Orthodox,1,4,0,,http://ufcstats.com/fighter-details/d856a0080ac09ed7
Makoto,Takimoto,,"5' 7""",205 lbs.,--,Southpaw,6,5,0,,http://ufcstats.com/fighter-details/a7724f51e32e763e
Oleg,Taktarov,The Russian Bear,"6' 0""",210 lbs.,--,Orthodox,17,5,2,,http://ufcstats.com/fighter-details/1dc56b59cb28425d
Payton,Talbott,,"5' 10""",135 lbs.,"70""",Switch,11,1,0,,http://ufcstats.com/fighter-details/6e743a33d56bdaa4
Nordine,Taleb,,"6' 1""",170 lbs.,"74.0""",Orthodox,15,7,0,,http://ufcstats.com/fighter-details/49858bf46dabf6fb
Murtaza,Talha,,"6' 0""",205 lbs.,"74.0""",Orthodox,7,2,0,,http://ufcstats.com/fighter-details/6aab5c20395ee722
Tsuyoshi,Tamakairiki,,"6' 0""",220 lbs.,--,Orthodox,0,3,0,,http://ufcstats.com/fighter-details/eaa0a728cc91ef60
Eli,Tamez,Tomahawk,"5' 7""",135 lbs.,--,,10,0,0,,http://ufcstats.com/fighter-details/bfd4d50591033a1f
Kiyoshi,Tamura,,"5' 11""",185 lbs.,--,Southpaw,32,13,3,,http://ufcstats.com/fighter-details/30e8b4505f5ccf92
Akitoshi,Tamura,The Ironman,"5' 9""",135 lbs.,"70.0""",Orthodox,21,18,2,,http://ufcstats.com/fighter-details/c95fbc085e17a532
Issei,Tamura,,"5' 5""",135 lbs.,"63.0""",Orthodox,10,8,0,,http://ufcstats.com/fighter-details/57bf89d42364d39e
Jason,Tan,,"5' 10""",170 lbs.,--,Orthodox,5,3,0,,http://ufcstats.com/fighter-details/ad3041e61896b975
Akihito,Tanaka,Kinniku Mantaro,--,--,--,Southpaw,2,2,0,,http://ufcstats.com/fighter-details/1bf49bf829964144
Michinori,Tanaka,,"5' 5""",135 lbs.,"67.0""",Orthodox,11,3,0,,http://ufcstats.com/fighter-details/64788ee44b062ded
Evan,Tanner,,"6' 0""",185 lbs.,"74.0""",Orthodox,32,8,0,,http://ufcstats.com/fighter-details/8f2d9ee27f206f1f
Kasey,Tanner,,"5' 7""",135 lbs.,"69.0""",Orthodox,6,1,0,,http://ufcstats.com/fighter-details/078b732efa497f49
Otari,Tanzilovi,,"5' 10""",135 lbs.,"70.0""",Orthodox,9,1,0,,http://ufcstats.com/fighter-details/b9124c308671e303
Manny,Tapia,The Mangler,"5' 5""",135 lbs.,"67.0""",Orthodox,12,14,1,,http://ufcstats.com/fighter-details/0eec866a077889f0
Gary,Tapusoa,,"5' 7""",185 lbs.,--,,8,3,0,,http://ufcstats.com/fighter-details/37ac9e0f4fc86171
Regina,Tarin,Kill Bill,"5' 7""",125 lbs.,"66""",Southpaw,8,0,0,,http://ufcstats.com/fighter-details/9f5609dba6584ab2
Miesha,Tate,Cupcake,"5' 6""",135 lbs.,"65.0""",Orthodox,20,10,0,,http://ufcstats.com/fighter-details/b96619b3acd7d9da
Aaron,Tau,Tauzemup,"5' 4""",125 lbs.,"66.0""",Switch,11,1,0,,http://ufcstats.com/fighter-details/7abf7f8778472b7b
Deividas,Taurosevicius,,"5' 9""",145 lbs.,"68.0""",Southpaw,17,5,0,,http://ufcstats.com/fighter-details/ef927e4fe2117ab8
Thiago,Tavares,,"5' 7""",145 lbs.,"70.0""",Orthodox,21,7,1,,http://ufcstats.com/fighter-details/8a59d346dc976a10
Jeremy,Tavares,,--,135 lbs.,--,,1,6,0,,http://ufcstats.com/fighter-details/681d07e328798ec0
Brad,Tavares,,"6' 1""",185 lbs.,"74.0""",Orthodox,21,13,0,,http://ufcstats.com/fighter-details/0c6d9ea8306c029e
Ramon,Taveras,The Savage,"5' 8""",145 lbs.,"70.0""",Southpaw,10,4,0,,http://ufcstats.com/fighter-details/c5ccd878231c5407
Paul,Taylor,Relentless,"6' 0""",155 lbs.,"72.0""",Orthodox,11,6,1,,http://ufcstats.com/fighter-details/9b74de674c355425
Jesse,Taylor,JT Money,"6' 0""",170 lbs.,"73.0""",Orthodox,31,15,0,,http://ufcstats.com/fighter-details/dd992d569aaebee6
Torrance,Taylor,,"5' 7""",155 lbs.,--,,13,8,1,,http://ufcstats.com/fighter-details/88e53ec16b801740
Louis,Taylor,Handgunz,"5' 11""",185 lbs.,--,Orthodox,13,4,0,,http://ufcstats.com/fighter-details/49bddfee9ed54cf3
Anthony,Taylor,Pretty Boy,"5' 7""",145 lbs.,--,,1,3,0,,http://ufcstats.com/fighter-details/637a4d8825464c62
Danielle,Taylor,Dynamite,"5' 0""",115 lbs.,"60.0""",Orthodox,9,4,0,,http://ufcstats.com/fighter-details/b76c6268dc1d3c05
J.T,Taylor,The Outlaw,"5' 10""",--,--,,7,7,0,,http://ufcstats.com/fighter-details/17c6e35e4da505b0
James,Te Huna,,"6' 2""",185 lbs.,"75.0""",Orthodox,16,9,0,,http://ufcstats.com/fighter-details/f5431394fb284bb9
Cam,Teague,Chaos,"5' 10""",145 lbs.,"69.0""",Orthodox,9,2,0,,http://ufcstats.com/fighter-details/b47c9ea5f2895d6e
Shawn,Teed,,"6' 5""",265 lbs.,--,Orthodox,5,2,0,,http://ufcstats.com/fighter-details/5bb70ebd65075c5c
Glover,Teixeira,,"6' 2""",205 lbs.,"76.0""",Orthodox,33,9,0,,http://ufcstats.com/fighter-details/7ff97850e8c32bda
John,Teixeira,Macapa,"5' 7""",145 lbs.,--,Orthodox,21,2,2,,http://ufcstats.com/fighter-details/86061eaba822bfea
Ewerton,Teixeira,,"6' 1""",242 lbs.,--,,3,1,0,,http://ufcstats.com/fighter-details/de9e331b3e6bae70
Tallison,Teixeira,Xicao,"6' 7""",258 lbs.,"83.0""",Orthodox,9,1,0,,http://ufcstats.com/fighter-details/17923f676f100e16
Tra,Telligman,Trauma,"6' 2""",233 lbs.,--,Orthodox,7,5,1,,http://ufcstats.com/fighter-details/1dab0d1d81dd06db
Ramazan,Temirov,Temurlan,"5' 4""",125 lbs.,"63""",Orthodox,20,3,0,,http://ufcstats.com/fighter-details/7d0a1968b38ca439
Taneisha,Tennant,Triple Threat,"5' 7""",145 lbs.,"70.0""",Orthodox,5,1,0,,http://ufcstats.com/fighter-details/87911d22a79d3203
Herman,Terrado,,--,170 lbs.,--,,15,3,1,,http://ufcstats.com/fighter-details/61d6368013f8637f
Dave,Terrel,The Bionic,"5' 8""",170 lbs.,--,Southpaw,7,7,0,,http://ufcstats.com/fighter-details/b9aa0024f295609e
David,Terrell,The Soul Assassin,"6' 1""",185 lbs.,--,Southpaw,6,2,0,,http://ufcstats.com/fighter-details/4123fd4dcc1fe937
James,Terry,Intensity,"5' 10""",170 lbs.,--,Orthodox,19,9,0,,http://ufcstats.com/fighter-details/5befa793316d3469
Jeff,Terry,,"6' 2""",205 lbs.,--,,2,3,0,,http://ufcstats.com/fighter-details/60f86c449cd31e23
David,Teymur,,"5' 9""",155 lbs.,"73.0""",Southpaw,8,2,0,,http://ufcstats.com/fighter-details/2747c60e42d9d75f
Daniel,Teymur,Kid Dynamite,"5' 5""",145 lbs.,"69.0""",Orthodox,7,4,0,,http://ufcstats.com/fighter-details/fbf0537e420e698e
Motonobu,Tezuka,,"5' 7""",135 lbs.,--,Southpaw,28,12,7,,http://ufcstats.com/fighter-details/d34636a85f0f4c90
Jason,Thacker,,"5' 10""",185 lbs.,--,Orthodox,0,1,0,,http://ufcstats.com/fighter-details/f0264252e191da22
Alexia,Thainara,Burguesinha,"5' 4""",115 lbs.,"67.0""",Orthodox,14,1,0,,http://ufcstats.com/fighter-details/545092d13c67aa49
Brandon,Thatch,Rukus,"6' 2""",170 lbs.,"74.0""",Switch,11,5,0,,http://ufcstats.com/fighter-details/638cfec7ec559d6e
Elias,Theodorou,The Spartan,"6' 1""",185 lbs.,"75.0""",Orthodox,16,3,0,,http://ufcstats.com/fighter-details/34f88592c0ab7a54
Nik,Theotikos,,--,185 lbs.,--,Orthodox,6,2,0,,http://ufcstats.com/fighter-details/ca936c67687789e9
Paulo,Thiago,,"5' 11""",170 lbs.,"74.0""",Orthodox,18,9,0,,http://ufcstats.com/fighter-details/30a09e43f15f1d75
Colby,Thicknesse,Slickness,"5' 7""",135 lbs.,"69.0""",Orthodox,9,1,0,,http://ufcstats.com/fighter-details/ed7d329d7c29428d
Din,Thomas,Dinyero,"5' 9""",155 lbs.,--,Orthodox,26,9,0,,http://ufcstats.com/fighter-details/40a604761ca7d64d
Ryan,Thomas,The Tank Engine,"6' 0""",170 lbs.,--,Orthodox,20,8,0,,http://ufcstats.com/fighter-details/b732b326c362fb62
Noah,Thomas,,"5' 9""",135 lbs.,--,Orthodox,14,7,0,,http://ufcstats.com/fighter-details/319c15b8aac5bfde
Joel,Thomas,The NIce Guy,"5' 10""",170 lbs.,--,,5,2,0,,http://ufcstats.com/fighter-details/2b33e57c4d0a4502
Treston,Thomison,,"5' 8""",145 lbs.,--,,10,6,0,,http://ufcstats.com/fighter-details/ed5f04f833459877
Nick,Thompson,The Goat,"6' 1""",170 lbs.,"74.0""",Orthodox,38,14,1,,http://ufcstats.com/fighter-details/7d3caf0f96f1b33d
James,Thompson,The Colossus,"6' 5""",265 lbs.,--,Orthodox,20,16,0,,http://ufcstats.com/fighter-details/9e30f69cc0869301
Oli,Thompson,,"6' 1""",242 lbs.,"75.0""",Orthodox,17,10,0,,http://ufcstats.com/fighter-details/dcdd511ff757f15c
Stephen,Thompson,Wonderboy,"6' 0""",170 lbs.,"75.0""",Orthodox,17,9,1,,http://ufcstats.com/fighter-details/4a28cb716c19157a
Josh,Thomson,The Punk,"5' 10""",155 lbs.,"71.0""",Orthodox,22,9,0,,http://ufcstats.com/fighter-details/a566371ba2ad7152
Isaac,Thomson,,"5' 10""",145 lbs.,"69.0""",,9,3,0,,http://ufcstats.com/fighter-details/5d8006587d6a6711
Simeon,Thoresen,The Grin,"6' 1""",170 lbs.,"79.0""",Orthodox,17,6,1,,http://ufcstats.com/fighter-details/fea8acf9bfcf09ec
Josh,Thornburg,,"6' 0""",170 lbs.,--,,8,8,0,,http://ufcstats.com/fighter-details/083e15da67d9b0fa
Ti,Haitao,,--,135 lbs.,--,,16,6,0,,http://ufcstats.com/fighter-details/3848cd6cac73e091
Gleison,Tibau,,"5' 10""",155 lbs.,"71.0""",Southpaw,33,14,0,,http://ufcstats.com/fighter-details/75e5fec9f72910ef
Chris,Tickle,BadBoy,"5' 9""",155 lbs.,--,,9,9,0,,http://ufcstats.com/fighter-details/1d1b85389a05df69
Nolan,Ticman,,"5' 6""",125 lbs.,--,Orthodox,4,3,0,,http://ufcstats.com/fighter-details/9eb069062a0cfc13
Darren,Till,The Gorilla,"6' 0""",185 lbs.,"74.0""",Southpaw,18,5,1,,http://ufcstats.com/fighter-details/9ce6d5a03af801b7
Brett,Tillis,,--,145 lbs.,--,,0,0,0,,http://ufcstats.com/fighter-details/7b461ccae8270207
Rio,Tirto,,"5' 4""",125 lbs.,"66.0""",Switch,8,1,0,,http://ufcstats.com/fighter-details/c830bc2eb134b646
Denis,Tiuliulin,,"6' 1""",185 lbs.,"77.0""",Orthodox,10,10,0,,http://ufcstats.com/fighter-details/0112352cb32f5026
Ryan,Tobar,,--,155 lbs.,--,,3,3,0,,http://ufcstats.com/fighter-details/57481f1f10530c61
Rafael,Tobias,Bipolar,"6' 2""",205 lbs.,"74.0""",Orthodox,14,2,0,,http://ufcstats.com/fighter-details/d6a8edb7410223a0
Andrew,Todhunter,The Sniper,"6' 0""",185 lbs.,--,Switch,8,0,0,,http://ufcstats.com/fighter-details/274ca7b799b402cc
Dusko,Todorovic,Thunder,"6' 1""",185 lbs.,"74.0""",Orthodox,13,6,0,,http://ufcstats.com/fighter-details/866fd7b1a6c90e7f
Tuco,Tokkos,,"6' 4""",205 lbs.,"76.0""",Orthodox,11,6,0,,http://ufcstats.com/fighter-details/3e8118c1ab52f211
Hideo,Tokoro,,"5' 7""",135 lbs.,--,Orthodox,34,29,2,,http://ufcstats.com/fighter-details/2d5fbe2103f97053
Anatoly,Tokov,,"5' 10""",185 lbs.,--,,25,2,0,,http://ufcstats.com/fighter-details/679ae8c4fd022c6b
Anelya,Toktogonova,,--,115 lbs.,--,,6,1,1,,http://ufcstats.com/fighter-details/3a89481e3a9d47c0
Kazuki,Tokudome,,"5' 11""",155 lbs.,"73.0""",Southpaw,18,7,1,,http://ufcstats.com/fighter-details/c4af2feb4b58bc3b
Puja,Tomar,Cyclone,"5' 4""",115 lbs.,"59.0""",Southpaw,9,5,0,,http://ufcstats.com/fighter-details/19f8a2f6eecd92ac
Tyler,Toner,,"5' 8""",145 lbs.,"70.0""",Orthodox,15,7,0,,http://ufcstats.com/fighter-details/8e893f269d5696b2
James,Toney,Lights Out,"5' 9""",220 lbs.,--,Orthodox,0,1,0,,http://ufcstats.com/fighter-details/d10b35152277cf98
Masanori,Tonooka,,"5' 8""",185 lbs.,--,Orthodox,1,2,0,,http://ufcstats.com/fighter-details/9de7c97e1c0d7927
Carl,Toomey,,--,--,--,,3,3,0,,http://ufcstats.com/fighter-details/5ee87e0432205755
Ilia,Topuria,El Matador,"5' 7""",155 lbs.,"69.0""",Orthodox,17,1,0,,http://ufcstats.com/fighter-details/54f64b5e283b0ce7
Aleksandre,Topuria,El Conquistador,"5' 7""",135 lbs.,"68.0""",Orthodox,7,1,0,,http://ufcstats.com/fighter-details/4a6dff1b260bcf61
Anthony,Torres,The Crush,"5' 8""",170 lbs.,--,Orthodox,5,3,0,,http://ufcstats.com/fighter-details/918d9d89d4d52acc
Miguel,Torres,,"5' 9""",135 lbs.,"76.0""",Orthodox,44,9,0,,http://ufcstats.com/fighter-details/33b2f68ef95252e0
Ronys,Torres,,"5' 7""",155 lbs.,--,Orthodox,35,5,0,,http://ufcstats.com/fighter-details/cce79e827569f26e
Haven,Torres,,--,125 lbs.,--,,0,0,0,,http://ufcstats.com/fighter-details/1ff10dee2f7ae60c
Alex,Torres,Rolo,"5' 10""",145 lbs.,--,Orthodox,5,4,0,,http://ufcstats.com/fighter-details/e4e0f310b3cf23a8
Abram,Torres,,"5' 10""",170 lbs.,--,,4,3,0,,http://ufcstats.com/fighter-details/e175a261a280f7cb
Jose,Torres,Shorty,"5' 4""",125 lbs.,"65.0""",Orthodox,8,1,0,,http://ufcstats.com/fighter-details/d2036f31c035e0d1
Desmond,Torres,,"5' 6""",135 lbs.,"69.0""",Orthodox,7,2,0,,http://ufcstats.com/fighter-details/971aebf56267de20
Manuel,Torres,El Loco,"5' 10""",155 lbs.,"73.0""",Switch,17,3,0,,http://ufcstats.com/fighter-details/2e7878927067fdca
Justice,Torres,,"5' 7""",145 lbs.,"66.0""",Southpaw,12,4,0,,http://ufcstats.com/fighter-details/01762e1d4ff4dc51
Eduardo,Torres Caut,Cyborg,"5' 7""",135 lbs.,"70.0""",Orthodox,16,2,0,,http://ufcstats.com/fighter-details/c8d46028907bcece
Salim,Touahri,Grizzly,"5' 10""",170 lbs.,"72.0""",Orthodox,10,4,0,,http://ufcstats.com/fighter-details/cbf1c7ba5408a66f
Dequan,Townsend,The Tarantula,"6' 3""",205 lbs.,"79.0""",Orthodox,21,12,0,,http://ufcstats.com/fighter-details/3f7dab21b6c971bc
Minoru,Toyonaga,,"5' 11""",195 lbs.,--,Southpaw,2,5,0,,http://ufcstats.com/fighter-details/04076783ca83d6ae
Slim,Trabelsi,,"6' 3""",235 lbs.,--,,5,0,0,,http://ufcstats.com/fighter-details/ff2ec83f44000f78
Roberto,Traven,Spider,"6' 3""",227 lbs.,--,Orthodox,6,4,1,,http://ufcstats.com/fighter-details/20ec0061400178ca
Bryan,Travers,,--,155 lbs.,--,,15,4,0,,http://ufcstats.com/fighter-details/008cf84faae9c7a5
Alexander,Trevino,,--,170 lbs.,--,,7,7,0,,http://ufcstats.com/fighter-details/73abb7a5c57fb443
Francisco,Trevino,Sitkayan,"5' 9""",155 lbs.,"70.0""",Orthodox,13,3,0,,http://ufcstats.com/fighter-details/97a6bbe6e6566a94
Angelo,Trevino,Baby Monsta,"5' 11""",170 lbs.,--,Switch,7,3,0,,http://ufcstats.com/fighter-details/0cf9f5518d6063bb
Frank,Trigg,Twinkle Toes,"5' 9""",170 lbs.,"71.0""",Southpaw,21,9,0,,http://ufcstats.com/fighter-details/d2d37e8eeb3abc8d
Francisco,Trinaldo,Massaranduba,"5' 9""",170 lbs.,"70.0""",Southpaw,28,9,0,,http://ufcstats.com/fighter-details/a8283a4f415e1eb9
Damien,Trites,The Omen,"5' 11""",165 lbs.,--,,7,6,0,,http://ufcstats.com/fighter-details/cb1c09c8126dbee0
Michael,Trizano,The Lone Wolf,"5' 11""",145 lbs.,"71.0""",Orthodox,11,3,0,,http://ufcstats.com/fighter-details/5bf31a46becc1204
Antonio,Trocoli,Malvado,"6' 5""",185 lbs.,"80.0""",Orthodox,12,7,0,,http://ufcstats.com/fighter-details/6d48a2df51749d91
Tor,Troeng,The Hammer,"6' 2""",185 lbs.,--,Orthodox,16,7,1,,http://ufcstats.com/fighter-details/8abf70f79e9e27c2
Aaron,Trujillo,,"5' 5""",125 lbs.,--,,0,1,0,,http://ufcstats.com/fighter-details/cc18abc046b382c9
Reynaldo,Trujillo,The Truth,"5' 9""",155 lbs.,--,,21,19,0,,http://ufcstats.com/fighter-details/e6b233a007cb06c4
Abel,Trujillo,Killa,"5' 8""",155 lbs.,"70.0""",Orthodox,15,8,0,,http://ufcstats.com/fighter-details/e14b5aa06eea9653
Arman,Tsarukyan,Ahalkalakets,"5' 7""",155 lbs.,"72""",Orthodox,23,3,0,,http://ufcstats.com/fighter-details/eae48ff31db420c2
Rei,Tsuruya,,"5' 6""",125 lbs.,"68.0""",Orthodox,10,1,0,,http://ufcstats.com/fighter-details/2f43a3e82661fa99
Chris,Tuchscherer,The Crowbar,"6' 2""",258 lbs.,"76.0""",Orthodox,21,4,0,,http://ufcstats.com/fighter-details/df05aa15b2d66f57
Jon,Tuck,Super Saiyan,"5' 11""",155 lbs.,"73.0""",Orthodox,10,5,0,,http://ufcstats.com/fighter-details/53ec9cb470e1a4ea
Gavin,Tucker,Guv'nor,"5' 6""",145 lbs.,"66.0""",Southpaw,13,3,0,,http://ufcstats.com/fighter-details/da816417a579a0bd
Jumabieke,Tuerxun,The Wild Wolf,"5' 7""",135 lbs.,--,Orthodox,19,4,1,,http://ufcstats.com/fighter-details/1ed32eaaba9ffe10
Tom,Tuggle,The Law,"6' 2""",250 lbs.,--,Orthodox,0,3,0,,http://ufcstats.com/fighter-details/b9aa7d230865b5fe
Blair,Tugman,,"6' 0""",135 lbs.,--,,10,6,0,,http://ufcstats.com/fighter-details/63f8775391301891
Tai,Tuivasa,Bam Bam,"6' 2""",264 lbs.,"75""",Southpaw,15,10,0,,http://ufcstats.com/fighter-details/c62fbc117d57b943
Zubaira,Tukhugov,Warrior,"5' 8""",155 lbs.,"68.0""",Orthodox,20,6,1,,http://ufcstats.com/fighter-details/aceffa19749c4dc0
Teila,Tuli,,"6' 0""",430 lbs.,--,Orthodox,0,1,0,,http://ufcstats.com/fighter-details/96eff1a628adcc7f
Marco,Tulio,Matuto,"6' 0""",185 lbs.,"74.0""",Orthodox,14,3,0,,http://ufcstats.com/fighter-details/9384e71bca6c409d
Nyamjargal,Tumendemberel,Art of Knockout,"5' 7""",125 lbs.,"71.0""",Orthodox,10,1,0,,http://ufcstats.com/fighter-details/17cb6d8e8187f304
Albert,Tumenov,Einstein,"5' 11""",170 lbs.,"73.0""",Orthodox,18,4,0,,http://ufcstats.com/fighter-details/ff6a1f63c254127e
Ricky,Turcios,,"5' 9""",145 lbs.,"71.0""",Orthodox,13,6,0,,http://ufcstats.com/fighter-details/cd3d7e37ff2d679c
Anton,Turkalj,The Pleasure Man,"6' 4""",205 lbs.,"78.0""",Orthodox,8,4,0,,http://ufcstats.com/fighter-details/82529ce93cd9a2cf
Wellington,Turman,The Prodigy,"6' 0""",170 lbs.,"72.0""",Orthodox,18,8,0,,http://ufcstats.com/fighter-details/4dcfb28c011c11b2
Courtney,Turner,,"6' 2""",170 lbs.,--,,0,3,0,,http://ufcstats.com/fighter-details/56f4b81ec4db61af
Jalin,Turner,The Tarantula,"6' 3""",155 lbs.,"77.0""",Southpaw,15,9,0,,http://ufcstats.com/fighter-details/4d8fa64202cee4c1
Austin,Tweedy,,"5' 9""",155 lbs.,--,Orthodox,8,2,0,,http://ufcstats.com/fighter-details/885adaff8fe15cf7
Marcin,Tybura,Tybur,"6' 3""",249 lbs.,"78.0""",Orthodox,27,11,0,,http://ufcstats.com/fighter-details/c9cf753cfdf77fc2
Raphael,Uchegbu,,"5' 9""",135 lbs.,"73.0""",Orthodox,10,2,0,,http://ufcstats.com/fighter-details/cb680d85b84cbfd9
Takeru,Uchida,,"5' 5""",125 lbs.,"68.0""",Southpaw,6,1,0,,http://ufcstats.com/fighter-details/1d76f07ffdd765c2
Alberto,Uda,,"6' 3""",185 lbs.,--,Orthodox,12,2,0,,http://ufcstats.com/fighter-details/8f2deefe8c5dfb5d
Ryuki,Ueyama,,"5' 11""",180 lbs.,--,Southpaw,12,18,5,,http://ufcstats.com/fighter-details/bcd124bcd3d5be46
Christian,Uflacker,,"5' 11""",170 lbs.,--,,5,0,0,,http://ufcstats.com/fighter-details/10ccf4ec9913cadc
Andy,Uhrich,,"6' 0""",170 lbs.,--,,11,6,0,,http://ufcstats.com/fighter-details/4a1a492f299581d9
Tagir,Ulanbekov,,"5' 7""",125 lbs.,"70.0""",Southpaw,17,3,0,,http://ufcstats.com/fighter-details/f00ac08ab056af5d
Carlos,Ulberg,Black Jag,"6' 4""",205 lbs.,"77.0""",Orthodox,15,1,0,,http://ufcstats.com/fighter-details/9014c02eff8b3d62
Gasan,Umalatov,Cobra,"5' 11""",170 lbs.,"71.0""",Orthodox,17,4,2,,http://ufcstats.com/fighter-details/7a39bbac8cc0fa70
Jeremy,Umphries,,--,160 lbs.,--,,5,2,0,,http://ufcstats.com/fighter-details/4793a2d90f5ab8ae
Zach,Underwood,,"6' 2""",185 lbs.,--,,13,7,0,,http://ufcstats.com/fighter-details/1e310618d02ff93b
Caol,Uno,Uno Shoten,"5' 7""",155 lbs.,"70.0""",Southpaw,33,19,5,,http://ufcstats.com/fighter-details/eb1723480fa2f96c
Kengo,Ura,Uraken,"5' 9""",165 lbs.,--,,14,12,2,,http://ufcstats.com/fighter-details/58258914525740a5
Logan,Urban,Hulk,"6' 0""",170 lbs.,"72.0""",Orthodox,5,1,0,,http://ufcstats.com/fighter-details/5e23f30e9c6ed74e
Hector,Urbina,El Toro,"5' 11""",170 lbs.,"73.0""",Orthodox,17,10,1,,http://ufcstats.com/fighter-details/4b8fb0453a596b8e
Elias,Urbina,,"6' 3""",185 lbs.,"77.0""",Southpaw,3,1,0,,http://ufcstats.com/fighter-details/47fcdcaccb58ca80
Gilbert,Urbina,The RGV Bad Boy,"6' 3""",185 lbs.,"75""",Orthodox,8,5,0,,http://ufcstats.com/fighter-details/b12fb759e02378de
Guilherme,Uriel,Urso,"6' 1""",265 lbs.,"74.0""",Orthodox,6,2,0,,http://ufcstats.com/fighter-details/4252b09f0c8c4472
Nick,Urso,,"5' 6""",125 lbs.,"66.0""",Southpaw,10,3,0,,http://ufcstats.com/fighter-details/e78c4c3d329c531b
Yasuhiro,Urushitani,,"5' 5""",125 lbs.,--,Southpaw,21,8,6,,http://ufcstats.com/fighter-details/c34e5849184b08c3
Sho Patrick,Usami,Savage,"5' 9""",155 lbs.,"70.0""",Orthodox,4,1,0,,http://ufcstats.com/fighter-details/fe30c5f5cc3e028b
Kamaru,Usman,The Nigerian Nightmare,"6' 0""",170 lbs.,"76.0""",Switch,21,4,0,,http://ufcstats.com/fighter-details/f1b2aa7853d1ed6e
Mohammed,Usman,The Motor,"6' 2""",239 lbs.,"79.0""",Orthodox,12,4,0,,http://ufcstats.com/fighter-details/da7f113b5ea39c43
Darren,Uyenoyama,BC,"5' 6""",125 lbs.,"65.0""",Orthodox,10,6,0,,http://ufcstats.com/fighter-details/6546af7ab545b90c
Richie,Vaculik,Vas,"5' 6""",125 lbs.,"69.0""",Orthodox,10,4,0,,http://ufcstats.com/fighter-details/54578e5927adea53
Rashid,Vagabov,Rambo,"5' 7""",125 lbs.,"63.0""",Orthodox,14,2,0,,http://ufcstats.com/fighter-details/0d1190beced94f7c
Abubakar,Vagaev,,--,170 lbs.,--,,24,4,0,,http://ufcstats.com/fighter-details/f7adc1fd115f8fdd
Artem,Vakhitov,,"6' 1""",205 lbs.,"75.0""",Orthodox,3,1,0,,http://ufcstats.com/fighter-details/43e549b803ec7375
Egidijus,Valavicius,,"6' 0""",200 lbs.,--,Orthodox,29,12,0,,http://ufcstats.com/fighter-details/fc1868f56d3036eb
Genaro,Valdez,Rayadito,"5' 9""",155 lbs.,"72.0""",Orthodox,10,3,0,,http://ufcstats.com/fighter-details/cda1099995b46cc2
Charlie,Valencia,,"5' 3""",135 lbs.,"64.0""",Orthodox,12,7,0,,http://ufcstats.com/fighter-details/8a0be41c0380188d
Robert,Valentin,Robzilla,"6' 2""",185 lbs.,"77.0""",Orthodox,12,6,0,,http://ufcstats.com/fighter-details/0cd0456d6029cec2
Victor,Valenzuela,Joe Boxer,"5' 10""",155 lbs.,--,,13,6,2,,http://ufcstats.com/fighter-details/de277a4abcfeea46
Ivan,Valenzuela,Bam Bam,"6' 2""",185 lbs.,"77.0""",Orthodox,8,2,0,,http://ufcstats.com/fighter-details/45b82ebf0b9e0fd2
Victor,Valenzuela,Psicosis,"5' 9""",170 lbs.,"71.0""",Orthodox,14,4,0,,http://ufcstats.com/fighter-details/078695e385ec2f57
Timur,Valiev,Lucky,"5' 6""",135 lbs.,"67.0""",Orthodox,18,3,0,,http://ufcstats.com/fighter-details/45e738622ea2c02c
Victor,Valimaki,The Matrix,"6' 0""",205 lbs.,--,Orthodox,18,10,0,,http://ufcstats.com/fighter-details/663b76da637402c3
Andrew,Valladerez,,--,135 lbs.,--,,5,7,0,,http://ufcstats.com/fighter-details/2a898bf9fb7710b3
Kevin,Vallejos,El Chino,"5' 7""",145 lbs.,"68.0""",Switch,18,1,0,,http://ufcstats.com/fighter-details/239d8e5359022f3b
Isaac,Vallie-Flagg,,"5' 8""",155 lbs.,"70.0""",Orthodox,16,7,1,,http://ufcstats.com/fighter-details/c295de4e10acd4c9
Joshua,Van,The Fearless,"5' 5""",125 lbs.,"65""",Orthodox,17,2,0,,http://ufcstats.com/fighter-details/17e97649403ba428
Mike,van Arsdale,,"6' 2""",205 lbs.,--,Switch,8,5,0,,http://ufcstats.com/fighter-details/2ee09ec2a0695eb9
Matt,Van Buren,Gutter,"6' 5""",205 lbs.,--,,7,6,0,,http://ufcstats.com/fighter-details/7b39035fae7268b8
Ron,van Clief,The Black Dragon,"5' 10""",190 lbs.,--,Orthodox,0,1,0,,http://ufcstats.com/fighter-details/23ab42947c1990e3
Lloyd,Van Dams,,"6' 1""",240 lbs.,--,Southpaw,0,1,0,,http://ufcstats.com/fighter-details/02177caefe7c07d4
Alain,Van der Merckt,Top Boy,--,185 lbs.,--,,8,0,0,,http://ufcstats.com/fighter-details/f6bbc6ba4f06ad60
Cameron,VanCamp,Jumpman,"6' 2""",155 lbs.,"74.0""",Switch,15,7,1,,http://ufcstats.com/fighter-details/87e2468b986ebb79
Chad,Vance,,"6' 0""",185 lbs.,--,Orthodox,7,5,0,,http://ufcstats.com/fighter-details/26d61e92a6069cd2
Jared,Vanderaa,,"6' 4""",265 lbs.,"80.0""",Orthodox,12,10,0,,http://ufcstats.com/fighter-details/2b68d9f125d07b42
Austin,Vanderford,The Gentleman,"5' 11""",170 lbs.,"74.0""",Orthodox,13,3,0,,http://ufcstats.com/fighter-details/32c3ee378671a5d9
Lando,Vannata,Groovy,"5' 9""",155 lbs.,"71.0""",Orthodox,12,8,2,,http://ufcstats.com/fighter-details/f9b200db02b488d9
Paige,VanZant,12 Gauge,"5' 4""",115 lbs.,"65.0""",Orthodox,8,5,0,,http://ufcstats.com/fighter-details/4d5197f331c47290
Paul,Varelans,The Polar Bear,"6' 8""",300 lbs.,--,Orthodox,9,9,0,,http://ufcstats.com/fighter-details/07a18ae55dfc3cd9
Kazula,Vargas,,"5' 8""",155 lbs.,"71.0""",Southpaw,12,5,0,,http://ufcstats.com/fighter-details/ec18eb918121787c
Jamie,Varner,,"5' 8""",155 lbs.,"71.0""",Orthodox,21,11,1,,http://ufcstats.com/fighter-details/a54fc2d6fc224dc3
Guilherme,Vasconcelos,Bomba,"6' 0""",185 lbs.,--,Orthodox,9,4,0,,http://ufcstats.com/fighter-details/d6d5da3c209884bc
Linton,Vassell,The Swarm,"6' 4""",205 lbs.,--,,18,5,0,,http://ufcstats.com/fighter-details/a148dfe3485be79d
Billy,Vaughan,,"5' 6""",155 lbs.,--,,12,17,0,,http://ufcstats.com/fighter-details/61428ed51f5ff465
Yuri,Vaulin,,"6' 4""",197 lbs.,--,Southpaw,0,1,0,,http://ufcstats.com/fighter-details/4679a38cced7c64a
Javier,Vazquez,Showtime,"5' 7""",145 lbs.,"69.0""",Southpaw,16,5,0,,http://ufcstats.com/fighter-details/be5cfd73617a5b1a
Manny,Vazquez,,"5' 10""",125 lbs.,"72.0""",Orthodox,11,2,0,,http://ufcstats.com/fighter-details/8d4d25fd9218860b
Gianni,Vazquez,Kriptonita,"5' 7""",135 lbs.,"71.0""",Orthodox,13,5,1,,http://ufcstats.com/fighter-details/51ec9dc3b4964f19
Matt,Veach,,"5' 11""",155 lbs.,--,Orthodox,17,5,0,,http://ufcstats.com/fighter-details/5731cc327790b731
Joe,Vedepo,The Doctor,"6' 0""",185 lbs.,--,Orthodox,18,9,0,,http://ufcstats.com/fighter-details/d35c3ed553b71fa2
Kelly,Velasco,Killer,"5' 9""",135 lbs.,--,Orthodox,2,1,0,,http://ufcstats.com/fighter-details/93c9897f0f9f5dab
Greg,Velasco,The Viking King,"6' 2""",265 lbs.,"70.0""",Southpaw,6,1,0,,http://ufcstats.com/fighter-details/34a81ebbce32b06b
Cain,Velasquez,,"6' 1""",240 lbs.,"77.0""",Orthodox,14,3,0,,http://ufcstats.com/fighter-details/0ff11cc094e887bc
David,Velasquez,Little,"5' 5""",145 lbs.,--,Orthodox,10,10,0,,http://ufcstats.com/fighter-details/09c44b317c98bf96
Bojan,Velickovic,Serbian Steel,"6' 0""",170 lbs.,"76.0""",Southpaw,15,6,1,,http://ufcstats.com/fighter-details/fcce75a25c14a804
Karlos,Vemola,,"6' 0""",185 lbs.,"75.0""",Orthodox,17,5,0,,http://ufcstats.com/fighter-details/d23ccf4a6c221284
Luigi,Vendramini,The Italian Stallion,"5' 8""",155 lbs.,"73.0""",Orthodox,9,3,0,,http://ufcstats.com/fighter-details/2f1a257d6777096d
Jerrel,Venetiaan,,"6' 1""",195 lbs.,--,Orthodox,4,3,0,,http://ufcstats.com/fighter-details/602bb270f2bdbf02
Scott,Ventimiglia,Meant to Kill Ya,"5' 11""",185 lbs.,--,,14,6,1,,http://ufcstats.com/fighter-details/6e62bb64f7cc5026
Brandon,Vera,The Truth,"6' 3""",230 lbs.,"78.0""",Orthodox,15,7,0,,http://ufcstats.com/fighter-details/fa315e6c77eee106
Kerry,Vera,,"5' 7""",135 lbs.,--,Orthodox,2,0,0,,http://ufcstats.com/fighter-details/df0a1c1e11ad199b
Marlon,Vera,Chito,"5' 8""",135 lbs.,"70""",Switch,23,12,1,,http://ufcstats.com/fighter-details/7c7332319c14094c
Carlos,Vera,Pequeno,"5' 6""",135 lbs.,"69.0""",Orthodox,12,4,0,,http://ufcstats.com/fighter-details/07f959e6596307bb
Rodrigo,Vera,El Gato Loco,"5' 8""",145 lbs.,"68""",Orthodox,22,1,1,,http://ufcstats.com/fighter-details/2b266e623e20737a
Isis,Verbeek,Fight Queen,"5' 4""",115 lbs.,"64.0""",Orthodox,5,2,0,,http://ufcstats.com/fighter-details/d6f58b8cd1a6ff52
Ernie,Verdicia,,"5' 11""",199 lbs.,--,Orthodox,0,1,0,,http://ufcstats.com/fighter-details/2b1587a3376ab743
Joe,Veres,,"5' 7""",155 lbs.,--,Orthodox,4,3,0,,http://ufcstats.com/fighter-details/c6d8ae3b016d5ad5
Nikolay,Veretennikov,Gladiator,"6' 1""",170 lbs.,"74.0""",Orthodox,14,8,0,,http://ufcstats.com/fighter-details/0f1efce7d2571d10
CJ,Vergara,,"5' 6""",125 lbs.,"68.0""",Orthodox,12,7,1,,http://ufcstats.com/fighter-details/077e3ace32b72be9
Renato,Verissimo,Charuto,"6' 1""",170 lbs.,--,Orthodox,7,5,0,,http://ufcstats.com/fighter-details/c24b1db4b809d41b
Bryan,Vetell,,"6' 3""",265 lbs.,--,Southpaw,4,3,0,,http://ufcstats.com/fighter-details/13a0fb8fbdafb54f
Marvin,Vettori,The Italian Dream,"6' 0""",185 lbs.,"74""",Southpaw,19,10,1,,http://ufcstats.com/fighter-details/7acbb0972e75281a
Hugo,Viana,Wolverine,"5' 6""",135 lbs.,"67.0""",Orthodox,8,4,0,,http://ufcstats.com/fighter-details/f95381efb3051d81
Guilherme,Viana,,"6' 4""",205 lbs.,--,,7,3,0,,http://ufcstats.com/fighter-details/393b8e03fb410a78
Polyana,Viana,Dama de Ferro,"5' 5""",115 lbs.,"67.0""",Orthodox,13,9,0,,http://ufcstats.com/fighter-details/9673a497a9da119a
Vitor,Vianna,,--,205 lbs.,--,Orthodox,12,3,1,,http://ufcstats.com/fighter-details/744f50016c39c26c
James,Vick,The Texecutioner,"6' 3""",155 lbs.,"76.0""",Orthodox,13,5,0,,http://ufcstats.com/fighter-details/6256b2b1562cb8e1
Tamires,Vidal,Tractor,"5' 6""",135 lbs.,"68.0""",Orthodox,7,4,0,,http://ufcstats.com/fighter-details/4f3064faf17aa711
Freddy,Vidal,The Barbarian,"6' 3""",205 lbs.,"80.0""",Orthodox,4,1,0,,http://ufcstats.com/fighter-details/024158997e7c5829
Milton,Vieira,Miltinho,"6' 0""",145 lbs.,--,Orthodox,13,8,2,,http://ufcstats.com/fighter-details/7cf20446453f852b
Reginaldo,Vieira,,"5' 7""",135 lbs.,"65.0""",Orthodox,13,5,0,,http://ufcstats.com/fighter-details/f9081770e28ea2e1
Ketlen,Vieira,Fenomeno,"5' 8""",135 lbs.,"68.0""",Orthodox,16,5,0,,http://ufcstats.com/fighter-details/b9706f80d005036c
Rodolfo,Vieira,,"6' 0""",185 lbs.,"73""",Orthodox,11,5,0,,http://ufcstats.com/fighter-details/260e9e0d4954aea6
Steve,Vigneault,Lionheart,"5' 10""",185 lbs.,--,Orthodox,12,6,0,,http://ufcstats.com/fighter-details/6888e31ce88f5b17
Alejandro,Villalobos,,"5' 7""",145 lbs.,--,,17,5,0,,http://ufcstats.com/fighter-details/2e88f2030d8a928a
DeMarco,Villalona,,"5' 9""",185 lbs.,--,,1,3,0,,http://ufcstats.com/fighter-details/0275e33febc2818c
Gian,Villante,,"6' 3""",230 lbs.,"76.0""",Orthodox,17,14,0,,http://ufcstats.com/fighter-details/fcd448a2fe1a23cc
Ike,Villanueva,Hurricane,"6' 1""",205 lbs.,"73.0""",Orthodox,18,14,0,,http://ufcstats.com/fighter-details/f9d0cae37dabfafc
Ruben,Villareal,Warpath,"6' 4""",265 lbs.,--,Orthodox,22,28,3,,http://ufcstats.com/fighter-details/39f68882def7a507
Armando,Villarreal,La Lumbre,"5' 7""",135 lbs.,"66.0""",Southpaw,5,2,0,,http://ufcstats.com/fighter-details/454c1f0b638972ab
Pablo,Villaseca,El Gallo,"5' 7""",155 lbs.,--,,12,3,0,,http://ufcstats.com/fighter-details/34f93dfbd43b2144
Joey,Villasenor,Smokin' Joe,"6' 0""",185 lbs.,--,Orthodox,29,10,0,,http://ufcstats.com/fighter-details/15515e797aedc137
Danillo,Villefort,Indio,"6' 1""",185 lbs.,--,Orthodox,15,5,0,,http://ufcstats.com/fighter-details/fd87b1bbfcde9d5e
Yuri,Villefort,,"6' 0""",170 lbs.,"73.0""",Orthodox,10,5,0,,http://ufcstats.com/fighter-details/0fb1e2694a39a02f
Tre'ston,Vines,TVTime,"6' 1""",185 lbs.,"79.0""",Orthodox,10,4,0,,http://ufcstats.com/fighter-details/563a1d42bb0e3cef
Marcos,Vinicius,Vina,"5' 9""",125 lbs.,--,Orthodox,23,11,1,,http://ufcstats.com/fighter-details/e363b21261814830
Brandon,Visher,The Viper,"5' 6""",135 lbs.,"68.0""",Orthodox,13,3,0,,http://ufcstats.com/fighter-details/7c4ec656d8fcb867
Falaniko,Vitale,Niko,"5' 10""",185 lbs.,--,Orthodox,30,11,0,,http://ufcstats.com/fighter-details/445a98acb8985970
Cheyanne,Vlismas,The Warrior Princess,"5' 3""",115 lbs.,"63.0""",Switch,7,3,0,,http://ufcstats.com/fighter-details/4959f10a62f3fec3
Bobby,Voelker,Vicious,"6' 0""",170 lbs.,"74.0""",Orthodox,19,13,0,,http://ufcstats.com/fighter-details/fb8a3025ae722e64
Mateo,Vogel,Carrapato,"5' 8""",145 lbs.,"71.0""",Orthodox,8,3,0,,http://ufcstats.com/fighter-details/90b57b19d20e1969
Danylo,Voievodkin,,"6' 4""",265 lbs.,"78.0""",Southpaw,7,0,0,,http://ufcstats.com/fighter-details/d73a7c36746fbc5b
Alexander,Volkanovski,The Great,"5' 6""",145 lbs.,"71""",Orthodox,28,4,0,,http://ufcstats.com/fighter-details/e1248941344b3288
Jacob,Volkmann,Christmas,"5' 9""",155 lbs.,"71.0""",Southpaw,19,7,0,,http://ufcstats.com/fighter-details/6f81b6de2557739a
Alexander,Volkov,Drago,"6' 7""",250 lbs.,"80.0""",Orthodox,40,11,0,,http://ufcstats.com/fighter-details/279566840aa55bf2
Mark,Vologdin,,"5' 3""",135 lbs.,"65.0""",Orthodox,12,4,2,,http://ufcstats.com/fighter-details/0e6b611451a9a7d8
Jason,Von Flue,Live Wire,"6' 0""",170 lbs.,--,Orthodox,14,12,1,,http://ufcstats.com/fighter-details/c4b9296214f4c09c
Milco,Voorn,,--,220 lbs.,--,Orthodox,20,11,1,,http://ufcstats.com/fighter-details/277ffed20cf07aea
Mark,Vorgeas,,"5' 10""",135 lbs.,--,,5,3,1,,http://ufcstats.com/fighter-details/ef0344ed552d8a22
Igor,Vovchanchyn,Ice Cold,"5' 8""",205 lbs.,--,Orthodox,55,10,0,,http://ufcstats.com/fighter-details/7929be8290289a47
Jordan,Vucenic,The Epidemic,"5' 10""",155 lbs.,"73.0""",Orthodox,13,4,0,,http://ufcstats.com/fighter-details/6d38e41efa47a72d
James,Wade,,"5' 10""",205 lbs.,--,,4,11,0,,http://ufcstats.com/fighter-details/6291decf7f3b6608
Chris,Wade,,"5' 10""",155 lbs.,"70.0""",Orthodox,12,3,0,,http://ufcstats.com/fighter-details/c8097968da5e5f13
Neil,Wain,Old School,"5' 10""",242 lbs.,--,Orthodox,13,4,0,,http://ufcstats.com/fighter-details/6b7bc7eaf2465387
TJ,Waldburger,,"5' 11""",170 lbs.,"75.0""",Orthodox,16,9,0,,http://ufcstats.com/fighter-details/8f2939f5fd9cca1e
Chase,Waldon,,"6' 1""",185 lbs.,"75.0""",Orthodox,11,2,0,,http://ufcstats.com/fighter-details/aeb6c57b9bd8bc3a
Andre,Walker,,"5' 11""",205 lbs.,--,Southpaw,1,5,0,,http://ufcstats.com/fighter-details/18944a1a6ac1becf
Herschel,Walker,,"6' 1""",215 lbs.,--,Orthodox,2,0,0,,http://ufcstats.com/fighter-details/bd92e38aef641673
Donny,Walker,Eagle Eye,"5' 9""",135 lbs.,--,,15,10,0,,http://ufcstats.com/fighter-details/e6147d5ab3685899
Johnny,Walker,,"6' 6""",205 lbs.,"82""",Orthodox,22,10,0,,http://ufcstats.com/fighter-details/c21f26bbde777573
Brogan,Walker,The Bear,"5' 4""",125 lbs.,"67.0""",Switch,8,5,0,,http://ufcstats.com/fighter-details/4333a8e70a672eb7
Valter,Walker,The Clean Monster,"6' 6""",244 lbs.,"78.0""",Orthodox,15,1,0,,http://ufcstats.com/fighter-details/f5779a2303ed76ec
Julius,Walker,Juice Box,"6' 4""",205 lbs.,"78.0""",Orthodox,7,2,0,,http://ufcstats.com/fighter-details/6add18754930182b
Ben,Wall,Manimal,"5' 10""",155 lbs.,--,Orthodox,8,7,1,,http://ufcstats.com/fighter-details/1ad381c8994c4e5b
Crafton,Wallace,Blaze,"6' 0""",185 lbs.,--,Orthodox,18,6,1,,http://ufcstats.com/fighter-details/bf41b5131545da12
Rodney,Wallace,Shonuff the Master,"5' 9""",205 lbs.,"72.0""",Switch,26,15,1,,http://ufcstats.com/fighter-details/b9415726dc3ec526
Jeremy,Wallace,,"5' 9""",--,--,,4,6,0,,http://ufcstats.com/fighter-details/b87c3f460709f74c
Randall,Wallace,Braveheart,"5' 11""",185 lbs.,"73.0""",Orthodox,15,6,0,,http://ufcstats.com/fighter-details/95cf6be9071e68b0
James,Wallace,Jesse,"5' 10""",155 lbs.,"69.0""",Orthodox,5,2,0,,http://ufcstats.com/fighter-details/4078de7181a19142
Jim,Wallhead,Judo,"5' 10""",170 lbs.,--,Orthodox,29,11,0,,http://ufcstats.com/fighter-details/0c670b443c3d269f
Cory,Walmsley,Hardcore,"6' 0""",205 lbs.,--,Orthodox,8,2,0,,http://ufcstats.com/fighter-details/83c6c3e0f8bde8ee
Richard,Walsh,Filthy Rich,"6' 0""",170 lbs.,"73.0""",Orthodox,9,5,0,,http://ufcstats.com/fighter-details/303a05a7aa3ff761
Patrick,Walsh,The Beast of the East,"5' 11""",185 lbs.,--,,10,3,0,,http://ufcstats.com/fighter-details/b4c96c3d9139bf0e
Erick,Wanderlei,,"6' 1""",205 lbs.,--,Orthodox,3,3,0,,http://ufcstats.com/fighter-details/d57e6a8971b6d2bd
Dimitiri,Wanderley,,--,205 lbs.,--,Orthodox,5,2,0,,http://ufcstats.com/fighter-details/a1d6b308781aa2f5
Andy,Wang,,"5' 6""",155 lbs.,--,Orthodox,7,8,1,,http://ufcstats.com/fighter-details/476414d2f18cd059
Sai,Wang,The Fire Kylin,"6' 0""",170 lbs.,--,Southpaw,20,6,1,,http://ufcstats.com/fighter-details/efb9a43415a56d34
Anying,Wang,,"6' 0""",170 lbs.,--,Orthodox,2,1,0,,http://ufcstats.com/fighter-details/69e8c632135af48b
Wang,Cong,The Joker,"5' 6""",125 lbs.,"66.0""",Southpaw,9,1,0,,http://ufcstats.com/fighter-details/2997e7fe3c9d3d4a
Joshua,Wang-Kim,Twin Dragon,"5' 9""",135 lbs.,"71.0""",Switch,5,2,0,,http://ufcstats.com/fighter-details/d538f13ab21d9633
Curt,Warburton,,"6' 0""",155 lbs.,"73.0""",Orthodox,13,6,0,,http://ufcstats.com/fighter-details/2721bb808bb2523c
Brennan,Ward,The Irish Bad Boy,"5' 10""",170 lbs.,"71.0""",,14,5,0,,http://ufcstats.com/fighter-details/67cd6495280b0a57
Charlie,Ward,,"5' 11""",170 lbs.,--,Orthodox,3,3,0,,http://ufcstats.com/fighter-details/e81dd0bb8a64b550
Terrion,Ware,Flash,"5' 8""",135 lbs.,"71.0""",Orthodox,17,9,0,,http://ufcstats.com/fighter-details/ba5e253af86db1a8
Joe,Warren,,"5' 6""",135 lbs.,--,Orthodox,15,6,0,,http://ufcstats.com/fighter-details/c0c1bc0766df4c00
Brian,Warren,Mr. Unbreakable,"6' 0""",185 lbs.,--,Orthodox,18,17,1,,http://ufcstats.com/fighter-details/c4c4c7dd26c15d91
Merritt,Warren,,"5' 10""",155 lbs.,--,Southpaw,3,3,0,,http://ufcstats.com/fighter-details/1e47dba648ea438c
Idris,Wasi,,"6' 0""",186 lbs.,--,,2,14,0,,http://ufcstats.com/fighter-details/8a19676a3388845a
Kengo,Watanabe,,"6' 4""",220 lbs.,--,Orthodox,8,13,3,,http://ufcstats.com/fighter-details/2abe38b81d68a24a
Kazuhisa,Watanabe,,"5' 6""",139 lbs.,--,,0,1,0,,http://ufcstats.com/fighter-details/951ffadfc4e917ea
Ron,Waterman,H20,"6' 2""",280 lbs.,--,Orthodox,16,6,2,,http://ufcstats.com/fighter-details/efaf544314bb5c2e
Andy,Waters,,"6' 0""",170 lbs.,--,,1,2,0,,http://ufcstats.com/fighter-details/103e2e67919379c5
Dominic,Waters,Sho Nuff,"6' 1""",170 lbs.,"79.0""",Orthodox,9,5,0,,http://ufcstats.com/fighter-details/2de91c2244ad7e89
Trey,Waters,The Truth,"6' 5""",170 lbs.,"77.0""",Orthodox,9,2,0,,http://ufcstats.com/fighter-details/31dbfbe4e7a6727c
Michelle,Waterson-Gomez,The Karate Hottie,"5' 3""",115 lbs.,"62.0""",Orthodox,18,13,0,,http://ufcstats.com/fighter-details/eb04b9d31e938edb
Sam,Watford,,--,155 lbs.,--,,2,2,0,,http://ufcstats.com/fighter-details/1836639ecf9b6e7f
Blake,Watkins,,--,185 lbs.,--,,5,1,0,,http://ufcstats.com/fighter-details/117580b232409824
Kyle,Watson,,"6' 0""",155 lbs.,--,Southpaw,13,8,1,,http://ufcstats.com/fighter-details/d7b2c0b53883ee80
Maka,Watson,,--,155 lbs.,--,,4,2,0,,http://ufcstats.com/fighter-details/a31dfd9e8b2dc6ca
Walel,Watson,The Gazelle,"5' 11""",135 lbs.,"75.0""",Orthodox,14,10,0,,http://ufcstats.com/fighter-details/92aafa8f4b26269b
Tom,Watson,Kong,"6' 1""",185 lbs.,"73.0""",Orthodox,17,9,0,,http://ufcstats.com/fighter-details/6809c31286b08d97
Enrique,Watson,,--,185 lbs.,--,,3,1,0,,http://ufcstats.com/fighter-details/a99d4aa689bdca18
Brok,Weaver,Chata Tuska,"6' 0""",155 lbs.,"73.0""",Southpaw,15,6,0,,http://ufcstats.com/fighter-details/7c9f96f9a6a5cd50
Jonavin,Webb,The Spyder,"5' 10""",170 lbs.,--,Orthodox,9,2,0,,http://ufcstats.com/fighter-details/f40ec51dd4de47c3
Stephanie,Webber,,"5' 6""",135 lbs.,--,,2,2,0,,http://ufcstats.com/fighter-details/d44a84409bf0da64
Royston,Wee,,"5' 7""",135 lbs.,"67.0""",Orthodox,4,1,0,,http://ufcstats.com/fighter-details/b9c03e7a4557e542
Darian,Weeks,,"5' 11""",170 lbs.,"72.0""",Orthodox,5,3,0,,http://ufcstats.com/fighter-details/326a001926ffb7ec
Joshua,Weems,Wide Open,"5' 8""",135 lbs.,"69.0""",Orthodox,11,3,0,,http://ufcstats.com/fighter-details/69888118d968ba52
Daniel,Weichel,The Weasel,"5' 10""",145 lbs.,"70.0""",,39,9,0,,http://ufcstats.com/fighter-details/7b9dade6bedaabbe
Chris,Weidman,The All-American,"6' 2""",185 lbs.,"78.0""",Orthodox,16,8,0,,http://ufcstats.com/fighter-details/3a8176e15b9887c1
Mark,Weir,The Wizard,"6' 2""",185 lbs.,--,Southpaw,21,18,1,,http://ufcstats.com/fighter-details/9ccdd2ce45903f34
Christian,Wellisch,The Hungarian Nightmare,"6' 2""",234 lbs.,"77.0""",Orthodox,8,5,0,,http://ufcstats.com/fighter-details/f1b2a4365799c48b
Malcolm,Wellmaker,The Machine,"5' 10""",135 lbs.,"71.0""",Switch,10,2,0,,http://ufcstats.com/fighter-details/2e45d08b3f2f02c8
Jeremiah,Wells,,"5' 9""",170 lbs.,"74.0""",Switch,13,4,1,,http://ufcstats.com/fighter-details/d66a46de8d705353
Fabricio,Werdum,Vai Cavalo,"6' 4""",231 lbs.,"77.0""",Orthodox,24,9,1,,http://ufcstats.com/fighter-details/492b202d2064e7a9
Mike,Wessel,Juggernaut,"6' 0""",260 lbs.,--,Orthodox,15,8,0,,http://ufcstats.com/fighter-details/b51841e7c594090d
Dustin,West,,"5' 11""",170 lbs.,--,,6,6,0,,http://ufcstats.com/fighter-details/5f5763b3a4de8dd4
Sheldon,Westcott,,"6' 1""",170 lbs.,"71.0""",Southpaw,10,3,1,,http://ufcstats.com/fighter-details/ec2d13a87d3d9541
Aaron,Wetherspoon,Slam,--,170 lbs.,--,,9,5,0,,http://ufcstats.com/fighter-details/1ce7998e0a215caa
Coty,Wheeler,Ox,"5' 6""",135 lbs.,"67.0""",Orthodox,14,5,0,,http://ufcstats.com/fighter-details/e57f0b06ea39e360
Vernon,White,Tiger,"6' 0""",205 lbs.,--,Southpaw,26,33,2,,http://ufcstats.com/fighter-details/12458872d6afae1b
Steve,White,,"5' 11""",175 lbs.,--,,1,4,0,,http://ufcstats.com/fighter-details/d181689653115b6a
Alex,White,The Spartan,"6' 0""",155 lbs.,"71.0""",Southpaw,13,6,0,,http://ufcstats.com/fighter-details/c17041f1bb5768d8
Craig,White,The Thundercat,"6' 2""",170 lbs.,"76.0""",Orthodox,14,9,0,,http://ufcstats.com/fighter-details/3dd949593346dbc3
Patrik,White,Primetime,"6' 0""",155 lbs.,"72.0""",Orthodox,9,2,0,,http://ufcstats.com/fighter-details/4debc6c4c6249690
Robert,Whiteford,The Hammer,"5' 9""",145 lbs.,"69.0""",Southpaw,14,4,0,,http://ufcstats.com/fighter-details/1dafccb62a0f98ec
Mike,Whitehead,,"6' 1""",205 lbs.,--,Orthodox,27,8,0,,http://ufcstats.com/fighter-details/22d1e00e1aabb7c9
Garett,Whiteley,Goodnight,"6' 0""",155 lbs.,"72.0""",Orthodox,7,3,0,,http://ufcstats.com/fighter-details/129537073431e52e
Mitch,Whitesel,,"5' 9""",185 lbs.,--,,17,27,0,,http://ufcstats.com/fighter-details/b6debbda44d4a5a0
Emily,Whitmire,Spitfire,"5' 5""",125 lbs.,"63.0""",Orthodox,4,5,0,,http://ufcstats.com/fighter-details/b3d21b2610dcfaeb
Robert,Whittaker,The Reaper,"6' 0""",205 lbs.,"73.0""",Orthodox,27,9,0,,http://ufcstats.com/fighter-details/e1147d3d2dabe1ce
Josh,Wick,The White Mamba,"5' 9""",155 lbs.,"69.0""",Switch,12,6,0,,http://ufcstats.com/fighter-details/13935768cf8aeb86
Adam,Wieczorek,Siwy,"6' 5""",250 lbs.,"81.0""",Orthodox,10,2,0,,http://ufcstats.com/fighter-details/efa1f6b42c86793c
Orlando,Wiet,The Gladiator,"5' 10""",170 lbs.,--,Southpaw,1,5,0,,http://ufcstats.com/fighter-details/a6c2f5381d575920
Jonathan,Wiezorek,,"6' 3""",250 lbs.,--,Southpaw,11,2,0,,http://ufcstats.com/fighter-details/60884f31ead1609c
Jakub,Wiklacz,,"5' 10""",135 lbs.,"72.0""",Orthodox,18,3,2,,http://ufcstats.com/fighter-details/6902fcf0610dd303
Justin,Wilcox,Silverback,"5' 6""",155 lbs.,--,Orthodox,14,7,0,,http://ufcstats.com/fighter-details/4a482a0100cfcd0a
Joe,Wilk,The Nose,"5' 9""",145 lbs.,--,,19,11,0,,http://ufcstats.com/fighter-details/781014fb7e8e647a
Aaron,Wilkinson,The Daywalker,"5' 10""",155 lbs.,--,Orthodox,11,7,0,,http://ufcstats.com/fighter-details/338a11d3674eb2d4
Mike,Wilkinson,The Warrior,"5' 7""",145 lbs.,"66.0""",Orthodox,9,4,0,,http://ufcstats.com/fighter-details/cfaf010d5b389c09
Rob,Wilkinson,Razor,"6' 3""",185 lbs.,"80.0""",Orthodox,11,2,0,,http://ufcstats.com/fighter-details/826475cc758e60e6
James,Wilks,Lightning,"6' 1""",170 lbs.,"75.0""",Orthodox,7,4,0,,http://ufcstats.com/fighter-details/852454c572675334
Tedd,Williams,,"6' 1""",275 lbs.,--,Orthodox,7,1,0,,http://ufcstats.com/fighter-details/b63e800c18e011b5
Pete,Williams,El Duro,"6' 3""",235 lbs.,--,Orthodox,12,6,0,,http://ufcstats.com/fighter-details/6291ac0a3726732f
Rubin,Williams,Mr. Hollywood,"6' 1""",185 lbs.,--,Orthodox,0,1,0,,http://ufcstats.com/fighter-details/6f812143641ceff8
Carter,Williams,The Beast,"6' 1""",265 lbs.,--,Orthodox,4,5,0,,http://ufcstats.com/fighter-details/b8e2f10efb6eca85
Patrick,Williams,The Animal,"5' 8""",135 lbs.,"73.0""",Orthodox,8,6,0,,http://ufcstats.com/fighter-details/39330403ad27c2bb
Tim,Williams,The South Jersey Strangler,"6' 2""",185 lbs.,"76.0""",Orthodox,15,5,0,,http://ufcstats.com/fighter-details/990bd63726a577f8
Jordan,Williams,Bomaye,"6' 1""",185 lbs.,"75.0""",Southpaw,9,6,0,,http://ufcstats.com/fighter-details/e26bd53b751d61d9
Cole,Williams,Havoc,"6' 0""",170 lbs.,"73.0""",Orthodox,11,3,0,,http://ufcstats.com/fighter-details/f9a20a17d712ef7c
Khaos,Williams,The OxFighter,"6' 0""",170 lbs.,"77.0""",Orthodox,16,5,0,,http://ufcstats.com/fighter-details/2558ae2e5671e318
Karl,Williams,,"6' 3""",235 lbs.,"79.0""",Orthodox,10,2,0,,http://ufcstats.com/fighter-details/d35f734c56a89103
Karl,Willis,,--,--,--,,0,5,0,,http://ufcstats.com/fighter-details/95883dbdab4fcf0f
Justin,Willis,Big Pretty,"6' 1""",264 lbs.,"78.0""",Southpaw,8,2,0,,http://ufcstats.com/fighter-details/ce1e867808ef5fce
Chris,Wilson,The Professor,"6' 1""",170 lbs.,"75.0""",Orthodox,18,10,0,,http://ufcstats.com/fighter-details/a56607a451e4c70d
Greg,Wilson,,--,155 lbs.,--,,2,3,0,,http://ufcstats.com/fighter-details/9cc84087ee768342
Jonathan,Wilson,Johnny Bravo,"6' 2""",205 lbs.,"75.0""",Southpaw,7,3,0,,http://ufcstats.com/fighter-details/cd01f0b768a32475
Sean,Wilson,P-Town,"5' 8""",145 lbs.,--,,36,29,0,,http://ufcstats.com/fighter-details/b8e6393c39cb9740
Westin,Wilson,,"6' 1""",145 lbs.,"73.0""",Southpaw,17,10,0,,http://ufcstats.com/fighter-details/7b3503352cd53abb
Damon,Wilson,The Nomad,"5' 9""",145 lbs.,"69.0""",Switch,9,3,0,,http://ufcstats.com/fighter-details/81254702b51cc832
Matt,Wiman,,"5' 10""",155 lbs.,"68.0""",Orthodox,16,10,0,,http://ufcstats.com/fighter-details/eb29176b03dfa888
Eddie,Wineland,,"5' 7""",135 lbs.,"69.0""",Orthodox,24,16,1,,http://ufcstats.com/fighter-details/fc9a9559a05f2704
Deron,Winn,,"5' 6""",185 lbs.,"70.0""",Orthodox,7,3,0,,http://ufcstats.com/fighter-details/483a953b18d73bb3
Andre,Winner,,"5' 11""",155 lbs.,"73.0""",Orthodox,21,11,2,,http://ufcstats.com/fighter-details/b45d6b73f4ca4467
Eric,Wisely,Little Lee,"5' 8""",145 lbs.,--,Southpaw,26,9,1,,http://ufcstats.com/fighter-details/53f84637dfffab7a
Keith,Wisniewski,The Polish Connection,"6' 0""",170 lbs.,--,Orthodox,28,15,1,,http://ufcstats.com/fighter-details/cd12227edd3f134b
Jason,Witt,The Vanilla Gorilla,"5' 10""",170 lbs.,"70.0""",Orthodox,19,9,0,,http://ufcstats.com/fighter-details/5f3805dda9661cba
Travis,Wiuff,The Diesel,"6' 3""",205 lbs.,--,Orthodox,75,21,0,,http://ufcstats.com/fighter-details/7f9f528cb72a6ed1
Ray,Wizard,,--,--,--,,0,1,0,,http://ufcstats.com/fighter-details/ea0ad155451ed1f5
Karolina,Wojcik,Polish Assassin,"5' 2""",115 lbs.,--,Orthodox,9,2,0,,http://ufcstats.com/fighter-details/b99b3620839ea911
Danyelle,Wolf,,"5' 11""",145 lbs.,"70.0""",Orthodox,1,1,0,,http://ufcstats.com/fighter-details/a7e3f02fe2b2fe30
Brandon,Wolff,,"5' 9""",170 lbs.,--,Orthodox,7,5,0,,http://ufcstats.com/fighter-details/aa79d5399571068e
Xue Do,Won,,"5' 7""",165 lbs.,--,,0,1,0,,http://ufcstats.com/fighter-details/daa89f01e1c0f42a
Kwon,Wonil,Pretty Boy,"5' 10""",135 lbs.,"71.0""",Orthodox,14,6,0,,http://ufcstats.com/fighter-details/751aa58b7fb03c74
Joanne,Wood,JoJo,"5' 6""",125 lbs.,"65.0""",Orthodox,17,8,0,,http://ufcstats.com/fighter-details/12f91bfa8f1f723b
Nathaniel,Wood,The Last Kingsman,"5' 6""",145 lbs.,"69""",Orthodox,23,6,0,,http://ufcstats.com/fighter-details/329e403448756217
Val,Woodburn,The Animal,"5' 8""",170 lbs.,"74.0""",Orthodox,7,2,0,,http://ufcstats.com/fighter-details/7a47e068f8017019
Tyron,Woodley,The Chosen One,"5' 9""",170 lbs.,"74.0""",Orthodox,19,7,1,,http://ufcstats.com/fighter-details/effd9de9937996f8
Salvador,Woods,,"5' 11""",170 lbs.,--,,8,17,0,,http://ufcstats.com/fighter-details/8de471543d9c933e
Logan,Woods,One Hit,--,185 lbs.,--,,5,1,0,,http://ufcstats.com/fighter-details/133a9d2e6efd8a50
Sean,Woodson,The Sniper,"6' 2""",145 lbs.,"78.0""",Orthodox,13,2,1,,http://ufcstats.com/fighter-details/4682bc59d5f55145
Cal,Worsham,,"5' 11""",230 lbs.,--,Orthodox,13,10,0,,http://ufcstats.com/fighter-details/de3ed2e152520c8d
Hunter,Worsham,The Future,--,185 lbs.,--,,7,3,0,,http://ufcstats.com/fighter-details/8fb808fc2e145bd6
Khama,Worthy,The Death Star,"5' 11""",155 lbs.,"74.0""",Orthodox,16,9,0,,http://ufcstats.com/fighter-details/78e501478a36a018
Eric,Wray,,"6' 0""",170 lbs.,--,Orthodox,5,1,0,,http://ufcstats.com/fighter-details/eb6edce3028f05c0
Justin,Wren,The Viking,"6' 2""",265 lbs.,--,Orthodox,13,2,0,,http://ufcstats.com/fighter-details/e78f601035d677f2
JW,Wright,,--,130 lbs.,--,,1,0,0,,http://ufcstats.com/fighter-details/2a0b19a96f848eff
Chris,Wright,,--,--,--,,8,5,1,,http://ufcstats.com/fighter-details/7182146226dabe22
Jordan,Wright,The Beverly Hills Ninja,"6' 2""",205 lbs.,"77.0""",Orthodox,12,5,0,,http://ufcstats.com/fighter-details/c878270af633eb11
Marcin,Wrzosek,The Polish Zombie,"5' 9""",155 lbs.,--,,12,4,0,,http://ufcstats.com/fighter-details/aac6edb0d5e0b7e9
Wu,Yanan,Mulan,"5' 8""",135 lbs.,"66.0""",Orthodox,13,6,0,,http://ufcstats.com/fighter-details/fdbefee0827e1567
,Wulijiburen,Beast Master,"5' 9""",135 lbs.,"69.0""",Orthodox,20,9,0,,http://ufcstats.com/fighter-details/2296125b6c362355
Wuziazibieke,Jiahefu,Prairie Kitty,"5' 9""",145 lbs.,"70.0""",Orthodox,29,12,1,,http://ufcstats.com/fighter-details/2d077e22886298be
Rubens,Xavier,Macula,"6' 3""",220 lbs.,--,Orthodox,5,3,0,,http://ufcstats.com/fighter-details/e6dac752a2418a88
Xiao,Long,,"5' 8""",135 lbs.,"70.0""",Orthodox,27,11,0,,http://ufcstats.com/fighter-details/86bace9e4ad85542
Xie,Bin,The Stalker,"5' 10""",145 lbs.,"72.0""",Orthodox,13,5,0,,http://ufcstats.com/fighter-details/e415ea6f8d41c917
Xiong,Jingnan,The Panda,--,115 lbs.,--,,19,2,0,,http://ufcstats.com/fighter-details/2cdb479a0ef0ee1d
Jamie,Yager,The Chosyn 1,"6' 1""",185 lbs.,--,Orthodox,8,4,0,,http://ufcstats.com/fighter-details/85248da6e9e2f7e7
Eddie,Yagin,The Filipino Phenom,"5' 7""",145 lbs.,--,Orthodox,16,7,1,,http://ufcstats.com/fighter-details/cc84b68f862b466f
Rani,Yahya,,"5' 6""",135 lbs.,"67.0""",Orthodox,28,12,1,,http://ufcstats.com/fighter-details/94527830000ab715
Mohammad,Yahya,The UAE Warrior,"5' 9""",145 lbs.,"73.0""",Switch,12,6,0,,http://ufcstats.com/fighter-details/3753714927f18437
Abdul,Rakhman Yakhyaev,The Hunter,"6' 2""",205 lbs.,"78""",Orthodox,10,0,0,,http://ufcstats.com/fighter-details/95aff2fd8d09a5f0
Alexander,Yakovlev,Russian Thunder,"6' 3""",155 lbs.,"74.0""",Southpaw,24,10,1,,http://ufcstats.com/fighter-details/d06f8869449ba7bd
Keiichiro,Yamamiya,,"5' 11""",185 lbs.,--,Southpaw,45,35,10,,http://ufcstats.com/fighter-details/6014d25e73b669c9
Kenichi,Yamamoto,,"6' 0""",170 lbs.,--,Orthodox,5,12,2,,http://ufcstats.com/fighter-details/9f488f520ed25bbf
Yoshihisa,Yamamoto,,"6' 2""",220 lbs.,--,Southpaw,14,25,1,,http://ufcstats.com/fighter-details/eed2b71d77d95416
Atsushi,Yamamoto,,"5' 6""",139 lbs.,--,Orthodox,19,11,3,,http://ufcstats.com/fighter-details/351264d11286d09a
Norifumi,Yamamoto,Kid,"5' 4""",135 lbs.,"66.0""",Southpaw,18,6,0,,http://ufcstats.com/fighter-details/4834ff149dc9542a
Hiroko,Yamanaka,Cat's Eye,"5' 11""",135 lbs.,--,,13,3,0,,http://ufcstats.com/fighter-details/283645128ae57eda
Goiti,Yamauchi,,"5' 10""",145 lbs.,--,,21,3,0,,http://ufcstats.com/fighter-details/9e1a7101fefe9746
Wataru,Yamauchi,,"5' 6""",125 lbs.,"68.0""",Orthodox,7,2,0,,http://ufcstats.com/fighter-details/d8bf3df51ff3a270
Takeshi,Yamazaki,,"5' 8""",139 lbs.,--,Southpaw,15,12,3,,http://ufcstats.com/fighter-details/d1d20e651e6cbc02
Yan,Xiaonan,,"5' 5""",115 lbs.,"63.0""",Orthodox,19,5,0,,http://ufcstats.com/fighter-details/c41d426cc7326d1b
Petr,Yan,No Mercy,"5' 7""",135 lbs.,"67""",Switch,20,5,0,,http://ufcstats.com/fighter-details/d661ce4da776fc20
Yan,Qihui,Queen Kong,"5' 3""",125 lbs.,"62.0""",Orthodox,25,5,0,,http://ufcstats.com/fighter-details/5c9c2e247c836b67
Yuito,Yanagawa,,--,145 lbs.,--,,8,1,0,,http://ufcstats.com/fighter-details/7c592bf20095fd17
Adam,Yandiev,Boroda,"5' 9""",185 lbs.,"74.0""",Orthodox,9,1,0,,http://ufcstats.com/fighter-details/0a95c474e61a6c44
Adrian,Yanez,,"5' 7""",135 lbs.,"70.0""",Orthodox,17,6,1,,http://ufcstats.com/fighter-details/0232cabbc30a2372
Dongi,Yang,The Ox,"5' 10""",185 lbs.,"73.0""",Southpaw,13,3,0,,http://ufcstats.com/fighter-details/aed06011bf62237b
Jianping,Yang,,"5' 7""",145 lbs.,--,Orthodox,11,4,1,,http://ufcstats.com/fighter-details/d3c554d6e11fc9d6
John,Yannis,,"5' 7""",135 lbs.,"70.0""",Southpaw,10,4,0,,http://ufcstats.com/fighter-details/450bcab0968562c4
Masutatsu,Yano,,"5' 9""",198 lbs.,--,Orthodox,2,4,1,,http://ufcstats.com/fighter-details/d56caaa5e123f518
Emmanuel,Yarborough,,"6' 8""",770 lbs.,--,Open Stance,1,2,0,,http://ufcstats.com/fighter-details/2299605af59fd309
Cale,Yarbrough,,"6' 1""",185 lbs.,--,Orthodox,8,3,0,,http://ufcstats.com/fighter-details/a0b91014e9d16a76
Tadao,Yasuda,,"6' 4""",310 lbs.,--,Orthodox,2,4,0,,http://ufcstats.com/fighter-details/49e7e05f902479ca
Yoshiaki,Yatsu,,"6' 1""",165 lbs.,--,Orthodox,0,2,0,,http://ufcstats.com/fighter-details/620be7e0712d431b
Chris,Yee,,"5' 9""",185 lbs.,--,,4,6,0,,http://ufcstats.com/fighter-details/920632ca1b78fae5
,Yibugele,Eagle,"5' 7""",145 lbs.,"69.0""",Southpaw,24,13,1,,http://ufcstats.com/fighter-details/cc2fcae2c0dc501d
Yin,Shuai,Black Panther,"5' 5""",125 lbs.,"66.0""",Southpaw,18,6,0,,http://ufcstats.com/fighter-details/a78dc3910554dbae
,Yizha,,"5' 7""",145 lbs.,"71.0""",Orthodox,26,6,0,,http://ufcstats.com/fighter-details/3f11fd1751fa83b1
Ashley,Yoder,SpiderMonkey,"5' 7""",115 lbs.,"69.0""",Southpaw,8,9,0,,http://ufcstats.com/fighter-details/b4c6c904a9ffc5e8
Hirotaka,Yokoi,Kaibatsu-Kun,"5' 11""",205 lbs.,--,Orthodox,11,5,0,,http://ufcstats.com/fighter-details/35585d970300d45a
Kazunori,Yokota,,"5' 8""",154 lbs.,--,Orthodox,25,7,3,,http://ufcstats.com/fighter-details/a8e8587a06e73c87
John,Yoo,,--,135 lbs.,--,,0,1,0,,http://ufcstats.com/fighter-details/40eb2aef4d5577d4
SangHoon,Yoo,Assassin,"6' 0""",170 lbs.,"74.0""",Orthodox,8,2,0,,http://ufcstats.com/fighter-details/00b490982afd1b17
JooSang,Yoo,Zombie Jr.,"5' 7""",145 lbs.,"71""",Orthodox,9,1,0,,http://ufcstats.com/fighter-details/a44020ea2e8cd026
Dong Sik,Yoon,,"6' 0""",185 lbs.,--,Orthodox,9,9,0,,http://ufcstats.com/fighter-details/ad99fa5325519169
ChangMin,Yoon,The Big Heart,"5' 8""",145 lbs.,"70.0""",Orthodox,8,3,1,,http://ufcstats.com/fighter-details/29ab96eae72bad9f
Yoshiyuki,Yoshida,Zenko,"5' 11""",170 lbs.,"70.0""",Southpaw,18,9,0,,http://ufcstats.com/fighter-details/ab8900ae1f1dfd4c
Hidehiko,Yoshida,,"5' 11""",225 lbs.,--,Orthodox,6,8,1,,http://ufcstats.com/fighter-details/2eae41f61776c60f
Kai,Yoshida,Scorpion,"5' 9""",125 lbs.,"69.0""",Southpaw,6,2,0,,http://ufcstats.com/fighter-details/2e517966267a468a
SuYoung,You,Yoo-Jitsu,"5' 6""",135 lbs.,"65.0""",Orthodox,16,4,0,,http://ufcstats.com/fighter-details/a474aade8eb3a8f0
Kaitlin,Young,,"5' 9""",135 lbs.,--,Orthodox,7,9,1,,http://ufcstats.com/fighter-details/79ff6545b0abc685
Artenus,Young,,--,205 lbs.,--,,10,12,0,,http://ufcstats.com/fighter-details/8d4943a9ce9f521b
Trenell,Young,Savant,"5' 6""",145 lbs.,--,Orthodox,11,9,0,,http://ufcstats.com/fighter-details/bf5183e1c1afc3b2
Jason,Young,Shotgun,"5' 9""",145 lbs.,"73.0""",Orthodox,9,6,0,,http://ufcstats.com/fighter-details/f59e9e49ef85b469
Shane,Young,Smokin',"5' 8""",145 lbs.,"72.0""",Orthodox,13,8,0,,http://ufcstats.com/fighter-details/4cd8b03aee1d0138
Shanna,Young,The Shanimal,"5' 7""",125 lbs.,"65.0""",Orthodox,9,6,0,,http://ufcstats.com/fighter-details/568bbad0eaced57c
Gauge,Young,Gee Money,"5' 9""",155 lbs.,"70.0""",Orthodox,11,3,0,,http://ufcstats.com/fighter-details/b2a78df161bd67f9
Besam,Yousef,,"5' 11""",170 lbs.,--,Orthodox,7,4,0,,http://ufcstats.com/fighter-details/98ec9f385cca47fc
Han Ten,Yun,,"5' 11""",220 lbs.,--,,0,1,0,,http://ufcstats.com/fighter-details/67ec58d7cf599835
Rob,Yundt,Monster,"6' 1""",185 lbs.,--,Orthodox,9,5,0,,http://ufcstats.com/fighter-details/42078a86d3dd037b
Sodiq,Yusuff,Super,"5' 9""",155 lbs.,"71.0""",Orthodox,13,5,0,,http://ufcstats.com/fighter-details/94426bb170c88115
Gilbert,Yvel,The Hurricane,"6' 2""",225 lbs.,"77.0""",Orthodox,39,16,1,,http://ufcstats.com/fighter-details/d29b5c4f22c6357d
Luke,Zachrich,,"6' 2""",185 lbs.,"74.0""",Orthodox,14,4,0,,http://ufcstats.com/fighter-details/2284092f8b63273b
Anton,Zafir,The Professor,"5' 11""",170 lbs.,--,Orthodox,7,3,0,,http://ufcstats.com/fighter-details/8c822811eedc11ad
Aiemann,Zahabi,,"5' 8""",135 lbs.,"68.0""",Orthodox,14,2,0,,http://ufcstats.com/fighter-details/24656ef4d605c96f
Joao,Zaiden,,--,205 lbs.,--,,10,3,0,,http://ufcstats.com/fighter-details/6b614bda982f5214
Youssef,Zalal,The Moroccan Devil,"5' 10""",145 lbs.,"72.0""",Switch,18,6,1,,http://ufcstats.com/fighter-details/52c2ae6d2f2d2613
Elizeu,Zaleski dos Santos,Capoeira,"5' 11""",170 lbs.,"73.0""",Orthodox,25,10,1,,http://ufcstats.com/fighter-details/8adcbd525fab8d9b
Zach,Zane,The Hurricane,"5' 7""",145 lbs.,"69.0""",Southpaw,10,7,0,,http://ufcstats.com/fighter-details/cc3878d1ab41a5fa
Roger,Zapata,Viva,"5' 11""",170 lbs.,--,Southpaw,4,2,0,,http://ufcstats.com/fighter-details/fe5ca7ef93c3f6a7
Marius,Zaromskis,The Whitemare,"5' 9""",170 lbs.,--,Orthodox,20,9,0,,http://ufcstats.com/fighter-details/abcf7e55a0a9ed89
David,Zawada,Sagat,"6' 0""",170 lbs.,"75.0""",Orthodox,17,7,0,,http://ufcstats.com/fighter-details/3bb2dc8e87b10a46
Magomed,Zaynukov,Wild Chanco,"5' 10""",155 lbs.,"68.0""",Orthodox,8,0,0,,http://ufcstats.com/fighter-details/04ff3a711504d6b3
Manolo,Zecchini,Angelo Veneziano,"5' 8""",145 lbs.,"68.0""",Orthodox,11,5,0,,http://ufcstats.com/fighter-details/fd7ab338e4953644
Joao,Zeferino,The Brazilian Samurai,"5' 11""",170 lbs.,--,Orthodox,21,9,0,,http://ufcstats.com/fighter-details/be4076c9e8d791e3
Daniel,Zellhuber,Golden Boy,"6' 1""",155 lbs.,"77.0""",Switch,15,4,0,,http://ufcstats.com/fighter-details/4148802ae4a50768
Craig,Zellner,Big Z,"6' 2""",205 lbs.,--,Orthodox,4,3,0,,http://ufcstats.com/fighter-details/3794e5e0bb0defb6
Rickson,Zenidim,The King,"5' 7""",125 lbs.,"67.0""",Orthodox,14,2,0,,http://ufcstats.com/fighter-details/c879d8620261b1a3
Roman,Zentsov,The Russian Hammer,"6' 1""",230 lbs.,--,Orthodox,18,12,0,,http://ufcstats.com/fighter-details/3144121470023e9a
Carlos,Zevallos,,"6' 0""",205 lbs.,--,Orthodox,3,4,0,,http://ufcstats.com/fighter-details/cbf69fa846c7e3ee
Zhang,Tiequan,The Wolf,"5' 8""",155 lbs.,"69.0""",Orthodox,15,4,0,,http://ufcstats.com/fighter-details/c23e3d4875340d8d
Zhang,Lipeng,The Warrior,"5' 11""",155 lbs.,"71.0""",Southpaw,23,9,1,,http://ufcstats.com/fighter-details/7b310409440c9102
Zhang,Weili,Magnum,"5' 4""",115 lbs.,"63.0""",Switch,26,4,0,,http://ufcstats.com/fighter-details/1ebe20ebbfa15e29
Zhang,Mingyang,Mountain Tiger,"6' 2""",205 lbs.,"75.0""",Orthodox,19,7,0,,http://ufcstats.com/fighter-details/8a65fd9ba31fd3f7
Zhang,Qinghe,,"5' 7""",135 lbs.,"67.0""",Southpaw,16,8,1,,http://ufcstats.com/fighter-details/45c7979c71751fcf
Zhang,Zhenyang,,--,155 lbs.,--,,7,2,0,,http://ufcstats.com/fighter-details/286e1d61fb315355
Daermisi,Zhawupasi,,"5' 8""",135 lbs.,"68.0""",Switch,9,2,0,,http://ufcstats.com/fighter-details/fd52e5f9ab25c94c
Daria,Zhelezniakova,Iron Lady,"5' 9""",135 lbs.,"68.0""",Orthodox,10,3,0,,http://ufcstats.com/fighter-details/07047eb7d17fb0a2
Yao,Zhikui,The Conqueror,"5' 5""",125 lbs.,"64.0""",Orthodox,2,4,0,,http://ufcstats.com/fighter-details/5ea918ea81b7dee2
Zhou,Kun,Mandrill,--,125 lbs.,--,,13,4,0,,http://ufcstats.com/fighter-details/d027fff39a34a9df
Zhu,Kangjie,,"5' 8""",145 lbs.,"70.0""",Orthodox,21,4,0,,http://ufcstats.com/fighter-details/6f4ec5aa3eced219
Zhalgas,Zhumagulov,,"5' 4""",125 lbs.,"66.0""",Switch,14,9,0,,http://ufcstats.com/fighter-details/55fa6ce3e522c8bb
Fares,Ziam,The Smile Killer,"6' 1""",155 lbs.,"75""",Orthodox,18,5,0,,http://ufcstats.com/fighter-details/1e4f273069fb9e85
Mike,Zichelle,,--,205 lbs.,--,,8,4,0,,http://ufcstats.com/fighter-details/6d3398b910461f2f
James,Zikic,The Messenger,"6' 2""",205 lbs.,--,Orthodox,21,10,2,,http://ufcstats.com/fighter-details/4b4fc3ddc307bc73
Errol,Zimmerman,The Bonecrusher,"6' 3""",185 lbs.,--,Orthodox,0,1,0,,http://ufcstats.com/fighter-details/0aa74d04c196800c
Cat,Zingano,Alpha,"5' 6""",145 lbs.,"68.0""",Southpaw,10,4,0,,http://ufcstats.com/fighter-details/3ecd936bd8814108
Igor,Zinoviev,Houdini,"6' 1""",199 lbs.,--,Orthodox,4,1,2,,http://ufcstats.com/fighter-details/108afe61a26bcbf4
Dave,Zitanick,,--,170 lbs.,--,,5,7,0,,http://ufcstats.com/fighter-details/be124bdd60fab7d5
Alex,Zuniga,,--,145 lbs.,--,,6,3,0,,http://ufcstats.com/fighter-details/02d808afb96669de
George,Zuniga,,"5' 9""",185 lbs.,--,,3,1,0,,http://ufcstats.com/fighter-details/1291dd6b8ab4d952
Allan,Zuniga,Tigre,"5' 7""",155 lbs.,"70.0""",Orthodox,13,1,0,,http://ufcstats.com/fighter-details/523af801b3429015
Brahyam,Zurcher,El Jarretas,"5' 10""",145 lbs.,"70.0""",Orthodox,9,1,0,,http://ufcstats.com/fighter-details/392878af4680849f
Virgil,Zwicker,RezDog,"6' 2""",205 lbs.,"74.0""",,15,6,1,,http://ufcstats.com/fighter-details/0c277f3ff66b0208
Francesco,Nuzzi,Berserker,"5' 6""",135 lbs.,"71""",Southpaw,11,2,0,,http://ufcstats.com/fighter-details/874cfc98877daecd
Bilal,Hasan,The IndoNinja,"5' 7""",125 lbs.,"70""",Switch,9,0,0,,http://ufcstats.com/fighter-details/5182316da3c1d891
Cam,Nelson,,"5' 11""",170 lbs.,"72""",Orthodox,7,1,0,,http://ufcstats.com/fighter-details/34d4cae19105eb68
Nilson,Rojas,El Rayo,"5' 6""",125 lbs.,"63""",Orthodox,9,0,0,,http://ufcstats.com/fighter-details/bf60dd3256801649
Hector,Santiago,,"5' 5""",135 lbs.,"68""",Orthodox,6,1,0,,http://ufcstats.com/fighter-details/8e4902b4a8045070
Liu,Ce,The Oriental Dragon,"6' 3""",205 lbs.,"77""",Orthodox,3,1,0,,http://ufcstats.com/fighter-details/a9936818d709e2d7
Ryan,Kuse,3rd Street Savage,"5' 8""",145 lbs.,"71""",Orthodox,9,3,0,,http://ufcstats.com/fighter-details/d958ed9e5a08c849
Terrance,Chatman,The Answer,"6' 0""",265 lbs.,"76""",Orthodox,5,2,0,,http://ufcstats.com/fighter-details/23a81656507b56a3
Stan,Dorsainvil,The Drill,"5' 9""",155 lbs.,"76""",Orthodox,6,0,0,,http://ufcstats.com/fighter-details/5be51426ff3c1929
Anthony,Wint,Bow Down,"5' 11""",231 lbs.,"78""",Orthodox,8,0,0,,http://ufcstats.com/fighter-details/b34976c022b24568
Richie,Miranda,El Machete,"5' 8""",155 lbs.,"75""",Southpaw,13,2,0,,http://ufcstats.com/fighter-details/abde3388a589103c
Gigi,Canuto,Diamond,"5' 2""",115 lbs.,"64""",Orthodox,7,2,0,,http://ufcstats.com/fighter-details/651d209fa8c8cd83
Nina,Milosevic,Queen Beast,"5' 5""",135 lbs.,"67""",Orthodox,9,1,0,,http://ufcstats.com/fighter-details/eabece0edc2d62ca
Borislav,Nikolic,Zombee,"5' 9""",135 lbs.,"72""",Orthodox,17,2,0,,http://ufcstats.com/fighter-details/5f926979c980b87e
Marina,Spasic,Maki Beki,"5' 4""",115 lbs.,"64""",Orthodox,7,2,0,,http://ufcstats.com/fighter-details/5847c1a960bb23af
Noah,Gugnon,Guns,"5' 11""",155 lbs.,"71""",Orthodox,10,2,0,,http://ufcstats.com/fighter-details/6266abf6e4245c72
Milos,Janicic,The Cobra,"5' 11""",155 lbs.,"71""",Orthodox,19,4,0,,http://ufcstats.com/fighter-details/dfcadfcbd3a3f097
Muhammad,Saidov,Kubik,"6' 2""",205 lbs.,"73""",Orthodox,10,0,0,,http://ufcstats.com/fighter-details/b01a5e0dcd9f231d
Magomed,Tuchalov,Tiger,"6' 3""",205 lbs.,"78""",Orthodox,7,0,0,,http://ufcstats.com/fighter-details/bc5a51159ec2fdf2
Damian,Rzepecki,The Butcher,"5' 10""",155 lbs.,"71""",Orthodox,10,1,0,,http://ufcstats.com/fighter-details/99223fbb4a05326b
Abdul,Hussein,King,"5' 7""",135 lbs.,"67""",Orthodox,16,2,0,,http://ufcstats.com/fighter-details/0e6bc8d1d6c0ad90
Ezra,Elliott,,"5' 9""",145 lbs.,"72""",Orthodox,8,0,0,,http://ufcstats.com/fighter-details/b852ad2b35354fcb
RJ,Harris,The Hammer,"6' 3""",258 lbs.,"78""",Orthodox,6,0,0,,http://ufcstats.com/fighter-details/e03187ec8b5b6abc
Damien,Anderson,Demon Hands,"5' 8""",145 lbs.,"69""",Southpaw,5,1,0,,http://ufcstats.com/fighter-details/df619b9a86ce0a9a
Anna,Melisano,,--,--,--,,0,0,0,,http://ufcstats.com/fighter-details/40a7ec5d1ad6ffa8
John,Garza,Mowgli,"5' 7""",135 lbs.,"68""",Orthodox,6,2,0,,http://ufcstats.com/fighter-details/a54b961a1f8be1d5
Tahir,Abdullayev,Tank,"5' 8""",170 lbs.,"73""",Orthodox,20,3,0,,http://ufcstats.com/fighter-details/e047d3b541afd4a7
Jefferson,Nascimento,Toddynho,"5' 8""",170 lbs.,"70""",Orthodox,13,1,0,,http://ufcstats.com/fighter-details/4b85abc5abbe657c
Theodor,Berggren,Simba,"5' 11""",170 lbs.,"75""",Switch,8,4,0,,http://ufcstats.com/fighter-details/feef5f8f5629e5e7
Levan,Chokheli,,"5' 11""",170 lbs.,"72""",Orthodox,15,3,0,,http://ufcstats.com/fighter-details/a69a7120cf26669d
Shane,Collins,Hollywood,"5' 9""",145 lbs.,"71""",Orthodox,8,0,0,,http://ufcstats.com/fighter-details/70fc8214822b5a85
Fabia,Sintes,El Potro Menorquin,--,125 lbs.,--,Orthodox,11,3,0,,http://ufcstats.com/fighter-details/9911989cf48b195d
Delphine,Benouaich,,--,115 lbs.,--,,7,2,0,,http://ufcstats.com/fighter-details/3138df4d117ebc12
Salahdine,Parnasse,Lion of Atlas,--,155 lbs.,--,Southpaw,23,2,0,,http://ufcstats.com/fighter-details/b3cb9dfccff3be76
Michael,Aljarouj,The Soldier,--,125 lbs.,--,Orthodox,13,3,0,,http://ufcstats.com/fighter-details/22e3458965d5d08a
Ilimbek,Akylbek Uulu,,--,135 lbs.,--,,10,3,0,,http://ufcstats.com/fighter-details/130b65b53f30f33c
Mehemmedeli,Osmanli,Ineffable,--,135 lbs.,--,,12,1,0,,http://ufcstats.com/fighter-details/2bbdbc925f4323ac
Melissa,Amaya,La Mamba,--,115 lbs.,--,,8,0,0,,http://ufcstats.com/fighter-details/71758ab9f337716c
Joe,Kropschot,The Land Animal,"6' 3""",185 lbs.,"79""",Orthodox,9,3,0,,http://ufcstats.com/fighter-details/8a81a0707350c4a8
